unit_m,  c_time,       chm_s, bmso_s, Tb_s,Tbl_s,  vsat_s, voc_stat_s, dv_dyn_s, vb_s, ib_s, ib_in_s, ib_charge_s, ioc_s, sat_s, dq_s, soc_s, reset_s,
unit_sim,        65.986, 0, 0, 25.00000,25.00000, 13.80000,13.08000,0.00000,13.08000,   0.000,  0.000,  0.000,  0.000,  0,  -180000.0,   0.50000, 0, 
unit_sim,        66.823, 0, 0, 25.00000,25.00000, 13.80000,13.08000,0.00000,13.08000,   0.000,  0.000,  0.000,  0.000,  0,  -180000.0,   0.50000, 0, 
unit_sim,        66.927, 0, 0, 25.00000,25.00000, 13.80000,13.08000,0.00000,13.08000,   0.000,  0.000,  0.000,  0.000,  0,  -180000.0,   0.50000, 0, 
unit_sim,        67.027, 0, 0, 25.00000,25.00000, 13.80000,13.08000,0.00000,13.08000,   0.000,  0.000,  0.000,  0.000,  0,  -180000.0,   0.50000, 0, 
unit_sim,        67.127, 0, 0, 25.00000,25.00000, 13.80000,13.08000,0.00000,13.08000,   0.000,  0.000,  0.000,  0.000,  0,  -180000.0,   0.50000, 0, 
unit_sim,        67.227, 0, 0, 25.00000,25.00000, 13.80000,13.08000,0.00000,13.08000,   0.000,  0.000,  0.000,  0.000,  0,  -180000.0,   0.50000, 0, 
unit_sim,        67.327, 0, 0, 25.00000,25.00000, 13.80000,13.08000,0.00000,13.08000,   0.000,  0.000,  0.000,  0.000,  0,  -180000.0,   0.50000, 0, 
unit_sim,        67.427, 0, 0, 25.00000,25.00000, 13.80000,13.08000,0.00000,13.08000,   0.000,  0.000,  0.000,  0.000,  0,  -180000.0,   0.50000, 0, 
unit_sim,        67.527, 0, 0, 25.00000,25.00000, 13.80000,13.08000,0.00000,13.08000,   0.000,  0.000,  0.000,  0.000,  0,  -180000.0,   0.50000, 0, 
unit_sim,        67.627, 0, 0, 25.00000,25.00000, 13.80000,13.08000,0.00000,13.08000,   0.000,  0.000,  0.000,  0.000,  0,  -180000.0,   0.50000, 0, 
unit_sim,        67.727, 0, 0, 25.00000,25.00000, 13.80000,13.08000,0.00000,13.08000,   0.000,  0.000,  0.000,  0.000,  0,  -180000.0,   0.50000, 0, 
unit_sim,        67.827, 0, 0, 25.00000,25.00000, 13.80000,13.08000,0.00000,13.08000,   0.000,  0.000,  0.000,  0.000,  0,  -180000.0,   0.50000, 0, 
unit_sim,        67.927, 0, 0, 25.00000,25.00000, 13.80000,13.08000,0.00000,13.08000,   0.000,  0.000,  0.000,  0.000,  0,  -180000.0,   0.50000, 0, 
unit_sim,        68.027, 0, 0, 25.00000,25.00000, 13.80000,13.08000,0.00000,13.08000,   0.000,  0.000,  0.000,  0.000,  0,  -180000.0,   0.50000, 0, 
unit_sim,        68.127, 0, 0, 25.00000,25.00000, 13.80000,13.08000,0.00000,13.08000,   0.000,  0.000,  0.000,  0.000,  0,  -180000.0,   0.50000, 0, 
unit_sim,        68.227, 0, 0, 25.00000,25.00000, 13.80000,13.08000,0.00000,13.08000,   0.000,  0.000,  0.000,  0.000,  0,  -180000.0,   0.50000, 0, 
unit_sim,        68.327, 0, 0, 25.00000,25.00000, 13.80000,13.08000,0.00000,13.08000,   0.000,  0.000,  0.000,  0.000,  0,  -180000.0,   0.50000, 0, 
unit_sim,        68.427, 0, 0, 25.00000,25.00000, 13.80000,13.08000,0.00000,13.08000,   0.000,  0.000,  0.000,  0.000,  0,  -180000.0,   0.50000, 0, 
unit_sim,        68.527, 0, 0, 25.00000,25.00000, 13.80000,13.08000,0.00000,13.08000,   0.000,  0.000,  0.000,  0.000,  0,  -180000.0,   0.50000, 0, 
unit_sim,        68.627, 0, 0, 25.00000,25.00000, 13.80000,13.08000,0.00000,13.08000,   0.000,  0.000,  0.000,  0.000,  0,  -180000.0,   0.50000, 0, 
unit_sim,        68.727, 0, 0, 25.00000,25.00000, 13.80000,13.08000,0.00000,13.08000,   0.000,  0.000,  0.000,  0.000,  0,  -180000.0,   0.50000, 0, 
unit_sim,        68.827, 0, 0, 25.00000,25.00000, 13.80000,13.08000,0.00000,13.08000,   0.000,  0.000,  0.000,  0.000,  0,  -180000.0,   0.50000, 0, 
unit_sim,        68.927, 0, 0, 25.00000,25.00000, 13.80000,13.08000,0.00000,13.08000,   0.000,  0.000,  0.000,  0.000,  0,  -180000.0,   0.50000, 0, 
unit_sim,        69.027, 0, 0, 25.00000,25.00000, 13.80000,13.08000,0.00000,13.08000,   0.000,  0.000,  0.000,  0.000,  0,  -180000.0,   0.50000, 0, 
unit_sim,        69.127, 0, 0, 25.00000,25.00000, 13.80000,13.08000,0.00000,13.08000,   0.000,  0.000,  0.000,  0.000,  0,  -180000.0,   0.50000, 0, 
unit_sim,        69.227, 0, 0, 25.00000,25.00000, 13.80000,13.08000,0.00000,13.08000,   0.000,  0.000,  0.000,  0.000,  0,  -180000.0,   0.50000, 0, 
unit_sim,        69.327, 0, 0, 25.00000,25.00000, 13.80000,13.08000,0.00000,13.08000,   0.000,  0.000,  0.000,  0.000,  0,  -180000.0,   0.50000, 0, 
unit_sim,        69.427, 0, 0, 25.00000,25.00000, 13.80000,13.08000,0.00000,13.08000,   0.000,  0.000,  0.000,  0.000,  0,  -180000.0,   0.50000, 0, 
unit_sim,        69.528, 0, 0, 25.00000,25.00000, 13.80000,13.08000,0.00000,13.08000,   0.000,  0.000,  0.000,  0.000,  0,  -180000.0,   0.50000, 0, 
unit_sim,        69.627, 0, 0, 25.00000,25.00000, 13.80000,13.08000,0.00000,13.08000,   0.000,  0.000,  0.000,  0.000,  0,  -180000.0,   0.50000, 0, 
unit_sim,        69.727, 0, 0, 25.00000,25.00000, 13.80000,13.08000,0.00000,13.08000,   0.000,  0.000,  0.000,  0.000,  0,  -180000.0,   0.50000, 0, 
unit_sim,        69.827, 0, 0, 25.00000,25.00000, 13.80000,13.08000,0.00000,13.08000,   0.000,  0.000,  0.000,  0.000,  0,  -180000.0,   0.50000, 0, 
unit_sim,        69.927, 0, 0, 25.00000,25.00000, 13.80000,13.08000,0.00000,13.08000,   0.000,  0.000,  0.000,  0.000,  0,  -180000.0,   0.50000, 0, 
unit_sim,        70.027, 0, 0, 25.00000,25.00000, 13.80000,13.08000,0.00000,13.08000,   0.000,  0.000,  0.000,  0.000,  0,  -180000.0,   0.50000, 0, 
unit_sim,        70.128, 0, 0, 25.00000,25.00000, 13.80000,13.08000,0.00000,13.08000,   0.000,  0.000,  0.000,  0.000,  0,  -180000.0,   0.50000, 0, 
unit_sim,        70.228, 0, 0, 25.00000,25.00000, 13.80000,13.08000,0.00000,13.08000,   0.000,  0.000,  0.000,  0.000,  0,  -180000.0,   0.50000, 0, 
unit_sim,        70.328, 0, 0, 25.00000,25.00000, 13.80000,13.08000,0.00000,13.08000,   0.000,  0.000,  0.000,  0.000,  0,  -180000.0,   0.50000, 0, 
unit_sim,        70.428, 0, 0, 25.00000,25.00000, 13.80000,13.08000,0.00000,13.08000,   0.000,  0.000,  0.000,  0.000,  0,  -180000.0,   0.50000, 0, 
unit_sim,        70.528, 0, 0, 25.00000,25.00000, 13.80000,13.08000,0.00000,13.08000,   0.000,  0.000,  0.000,  0.000,  0,  -180000.0,   0.50000, 0, 
unit_sim,        70.628, 0, 0, 25.00000,25.00000, 13.80000,13.08000,0.00000,13.08000,   0.000,  0.000,  0.000,  0.000,  0,  -180000.0,   0.50000, 0, 
unit_sim,        70.728, 0, 0, 25.00000,25.00000, 13.80000,13.08000,0.00000,13.08000,   0.000,  0.000,  0.000,  0.000,  0,  -180000.0,   0.50000, 0, 
unit_sim,        70.828, 0, 0, 25.00000,25.00000, 13.80000,13.08000,0.00000,13.08000,   0.000,  0.000,  0.000,  0.000,  0,  -180000.0,   0.50000, 0, 
unit_sim,        70.928, 0, 0, 25.00000,25.00000, 13.80000,13.08000,0.00000,13.08000,   0.000,  0.000,  0.000,  0.000,  0,  -180000.0,   0.50000, 0, 
unit_sim,        71.028, 0, 0, 25.00000,25.00000, 13.80000,13.08000,0.00000,13.08000,   0.000,  0.000,  0.000,  0.000,  0,  -180000.0,   0.50000, 0, 
unit_sim,        71.128, 0, 0, 25.00000,25.00000, 13.80000,13.08000,0.00000,13.08000,   0.000,  0.000,  0.000,  0.000,  0,  -180000.0,   0.50000, 0, 
unit_sim,        71.228, 0, 0, 25.00000,25.00000, 13.80000,13.08000,0.00000,13.08000,   0.000,  0.000,  0.000,  0.000,  0,  -180000.0,   0.50000, 0, 
unit_sim,        71.328, 0, 0, 25.00000,25.00000, 13.80000,13.08000,0.00000,13.08000,   0.000,  0.000,  0.000,  0.000,  0,  -180000.0,   0.50000, 0, 
unit_sim,        71.428, 0, 0, 25.00000,25.00000, 13.80000,13.08000,0.00000,13.08000,   0.000,  0.000,  0.000,  0.000,  0,  -180000.0,   0.50000, 0, 
unit_sim,        71.528, 0, 0, 25.00000,25.00000, 13.80000,13.08000,0.00000,13.08000,   0.000,  0.000,  0.000,  0.000,  0,  -180000.0,   0.50000, 0, 
unit_sim,        71.628, 0, 0, 25.00000,25.00000, 13.80000,13.08000,0.00000,13.08000,   0.000,  0.000,  0.000,  0.000,  0,  -180000.0,   0.50000, 0, 
unit_sim,        71.728, 0, 0, 25.00000,25.00000, 13.80000,13.08000,0.00000,13.08000,   0.000,  0.000,  0.000,  0.000,  0,  -180000.0,   0.50000, 0, 
unit_sim,        71.828, 0, 0, 25.00000,25.00000, 13.80000,13.08000,0.00000,13.08000,   0.000,  0.000,  0.000,  0.000,  0,  -180000.0,   0.50000, 0, 
unit_sim,        71.928, 0, 0, 25.00000,25.00000, 13.80000,13.08000,0.00000,13.08000,   0.000,  0.000,  0.000,  0.000,  0,  -180000.0,   0.50000, 0, 
unit_sim,        72.028, 0, 0, 25.00000,25.00000, 13.80000,13.08000,0.00000,13.08000,   0.000,  0.000,  0.000,  0.000,  0,  -180000.0,   0.50000, 0, 
unit_sim,        72.128, 0, 0, 25.00000,25.00000, 13.80000,13.08000,0.00000,13.08000,   0.000,  0.000,  0.000,  0.000,  0,  -180000.0,   0.50000, 0, 
unit_sim,        72.228, 0, 0, 25.00000,25.00000, 13.80000,13.08000,0.00000,13.08000,   0.000,  0.000,  0.000,  0.000,  0,  -180000.0,   0.50000, 0, 
unit_sim,        72.328, 0, 0, 25.00000,25.00000, 13.80000,13.08000,0.00000,13.08000,   0.000,  0.000,  0.000,  0.000,  0,  -180000.0,   0.50000, 0, 
unit_sim,        72.428, 0, 0, 25.00000,25.00000, 13.80000,13.08000,0.00000,13.08000,   0.000,  0.000,  0.000,  0.000,  0,  -180000.0,   0.50000, 0, 
unit_sim,        72.528, 0, 0, 25.00000,25.00000, 13.80000,13.08000,0.00000,13.08000,   0.000,  0.000,  0.000,  0.000,  0,  -180000.0,   0.50000, 0, 
unit_sim,        72.628, 0, 0, 25.00000,25.00000, 13.80000,13.08000,0.00000,13.08000,   0.000,  0.000,  0.000,  0.000,  0,  -180000.0,   0.50000, 0, 
unit_sim,        72.728, 0, 0, 25.00000,25.00000, 13.80000,13.08000,0.00000,13.08000,   0.000,  0.000,  0.000,  0.000,  0,  -180000.0,   0.50000, 0, 
unit_sim,        72.828, 0, 0, 25.00000,25.00000, 13.80000,13.08000,0.00000,13.08000,   0.000,  0.000,  0.000,  0.000,  0,  -180000.0,   0.50000, 0, 
unit_sim,        72.928, 0, 0, 25.00000,25.00000, 13.80000,13.08000,0.00000,13.08000,   0.000,  0.000,  0.000,  0.000,  0,  -180000.0,   0.50000, 0, 
unit_sim,        73.028, 0, 0, 25.00000,25.00000, 13.80000,13.08000,0.00000,13.08000,   0.000,  0.000,  0.000,  0.000,  0,  -180000.0,   0.50000, 0, 
unit_sim,        73.128, 0, 0, 25.00000,25.00000, 13.80000,13.08000,0.00000,13.08000,   0.000,  0.000,  0.000,  0.000,  0,  -180000.0,   0.50000, 0, 
unit_sim,        73.228, 0, 0, 25.00000,25.00000, 13.80000,13.08000,0.00000,13.08000,   0.000,  0.000,  0.000,  0.000,  0,  -180000.0,   0.50000, 0, 
unit_sim,        73.328, 0, 0, 25.00000,25.00000, 13.80000,13.08000,0.00000,13.08000,   0.000,  0.000,  0.000,  0.000,  0,  -180000.0,   0.50000, 0, 
unit_sim,        73.428, 0, 0, 25.00000,25.00000, 13.80000,13.08000,0.00000,13.08000,   0.000,  0.000,  0.000,  0.000,  0,  -180000.0,   0.50000, 0, 
unit_sim,        73.528, 0, 0, 25.00000,25.00000, 13.80000,13.08000,0.00000,13.08000,   0.000,  0.000,  0.000,  0.000,  0,  -180000.0,   0.50000, 0, 
unit_sim,        73.628, 0, 0, 25.00000,25.00000, 13.80000,13.08000,0.00000,13.08000,   0.000,  0.000,  0.000,  0.000,  0,  -180000.0,   0.50000, 0, 
unit_sim,        73.728, 0, 0, 25.00000,25.00000, 13.80000,13.08000,0.00000,13.08000,   0.000,  0.000,  0.000,  0.000,  0,  -180000.0,   0.50000, 0, 
unit_sim,        73.828, 0, 0, 25.00000,25.00000, 13.80000,13.08000,0.00000,13.08000,   0.000,  0.000,  0.000,  0.000,  0,  -180000.0,   0.50000, 0, 
unit_sim,        73.928, 0, 0, 25.00000,25.00000, 13.80000,13.08000,0.00000,13.08000,   0.000,  0.000,  0.000,  0.000,  0,  -180000.0,   0.50000, 0, 
unit_sim,        74.028, 0, 0, 25.00000,25.00000, 13.80000,13.08000,0.00000,13.08000,   0.000,  0.000,  0.000,  0.000,  0,  -180000.0,   0.50000, 0, 
unit_sim,        74.128, 0, 0, 25.00000,25.00000, 13.80000,13.08000,0.00000,13.08000,   0.000,  0.000,  0.000,  0.000,  0,  -180000.0,   0.50000, 0, 
unit_sim,        74.228, 0, 0, 25.00000,25.00000, 13.80000,13.08000,0.00000,13.08000,   0.000,  0.000,  0.000,  0.000,  0,  -180000.0,   0.50000, 0, 
unit_sim,        74.328, 0, 0, 25.00000,25.00000, 13.80000,13.08000,0.00000,13.08000,   0.000,  0.000,  0.000,  0.000,  0,  -180000.0,   0.50000, 0, 
unit_sim,        74.428, 0, 0, 25.00000,25.00000, 13.80000,13.08000,0.00000,13.08000,   0.000,  0.000,  0.000,  0.000,  0,  -180000.0,   0.50000, 0, 
unit_sim,        74.528, 0, 0, 25.00000,25.00000, 13.80000,13.08000,0.00000,13.08000,   0.000,  0.000,  0.000,  0.000,  0,  -180000.0,   0.50000, 0, 
unit_sim,        74.628, 0, 0, 25.00000,25.00000, 13.80000,13.08000,0.00000,13.08000,   0.000,  0.000,  0.000,  0.000,  0,  -180000.0,   0.50000, 0, 
unit_sim,        74.728, 0, 0, 25.00000,25.00000, 13.80000,13.08000,0.00000,13.08000,   0.000,  0.000,  0.000,  0.000,  0,  -180000.0,   0.50000, 0, 
unit_sim,        74.828, 0, 0, 25.00000,25.00000, 13.80000,13.08000,0.00000,13.08000,   0.000,  0.000,  0.000,  0.000,  0,  -180000.0,   0.50000, 0, 
unit_sim,        74.928, 0, 0, 25.00000,25.00000, 13.80000,13.08000,0.00000,13.08000,   0.000,  0.000,  0.000,  0.000,  0,  -180000.0,   0.50000, 0, 
unit_sim,        75.028, 0, 0, 25.00000,25.00000, 13.80000,13.08000,0.00000,13.08000,   0.000,  0.000,  0.000,  0.000,  0,  -180000.0,   0.50000, 0, 
unit_sim,        75.128, 0, 0, 25.00000,25.00000, 13.80000,13.08000,0.00000,13.08000,   0.000,  0.000,  0.000,  0.000,  0,  -180000.0,   0.50000, 0, 
unit_sim,        75.228, 0, 0, 25.00000,25.00000, 13.80000,13.08000,0.00000,13.08000,   0.000,  0.000,  0.000,  0.000,  0,  -180000.0,   0.50000, 0, 
unit_sim,        75.339, 0, 0, 25.00000,25.00000, 13.80000,13.08000,0.00000,13.08000,   0.000,  0.000,  0.000,  0.000,  0,  -180000.0,   0.50000, 0, 
unit_sim,        75.428, 0, 0, 25.00000,25.00000, 13.80000,13.08000,0.00000,13.08000,   0.000,  0.000,  0.000,  0.000,  0,  -180000.0,   0.50000, 0, 
unit_sim,        75.528, 0, 0, 25.00000,25.00000, 13.80000,13.08000,0.00000,13.08000,   0.000,  0.000,  0.000,  0.000,  0,  -180000.0,   0.50000, 0, 
unit_sim,        75.628, 0, 0, 25.00000,25.00000, 13.80000,13.08000,0.00000,13.08000,   0.000,  0.000,  0.000,  0.000,  0,  -180000.0,   0.50000, 0, 
unit_sim,        75.728, 0, 0, 25.00000,25.00000, 13.80000,13.08000,0.00000,13.08000,   0.000,  0.000,  0.000,  0.000,  0,  -180000.0,   0.50000, 0, 
unit_sim,        75.828, 0, 0, 25.00000,25.00000, 13.80000,13.08000,0.00000,13.08000,   0.000,  0.000,  0.000,  0.000,  0,  -180000.0,   0.50000, 0, 
unit_sim,        75.928, 0, 0, 25.00000,25.00000, 13.80000,13.08000,0.00000,13.08000,   0.000,  0.000,  0.000,  0.000,  0,  -180000.0,   0.50000, 0, 
unit_sim,        76.028, 0, 0, 25.00000,25.00000, 13.80000,13.08000,0.00000,13.08000,   0.000,  0.000,  0.000,  0.000,  0,  -180000.0,   0.50000, 0, 
unit_sim,        76.128, 0, 0, 25.00000,25.00000, 13.80000,13.08000,0.00000,13.08000,   0.000,  0.000,  0.000,  0.000,  0,  -180000.0,   0.50000, 0, 
unit_sim,        76.228, 0, 0, 25.00000,25.00000, 13.80000,13.08000,0.00000,13.08000,   0.000,  0.000,  0.000,  0.000,  0,  -180000.0,   0.50000, 0, 
unit_sim,        76.328, 0, 0, 25.00000,25.00000, 13.80000,13.08000,0.00000,13.08000,   0.000,  0.000,  0.000,  0.000,  0,  -180000.0,   0.50000, 0, 
unit_sim,        76.428, 0, 0, 25.00000,25.00000, 13.80000,13.08000,0.00000,13.08000,   0.000,  0.000,  0.000,  0.000,  0,  -180000.0,   0.50000, 0, 
unit_sim,        76.528, 0, 0, 25.00000,25.00000, 13.80000,13.08000,0.00000,13.08000,   0.000,  0.000,  0.000,  0.000,  0,  -180000.0,   0.50000, 0, 
unit_sim,        76.628, 0, 0, 25.00000,25.00000, 13.80000,13.08000,0.00000,13.08000,   0.000,  0.000,  0.000,  0.000,  0,  -180000.0,   0.50000, 0, 
unit_sim,        76.728, 0, 0, 25.00000,25.00000, 13.80000,13.08000,0.00000,13.08000,   0.000,  0.000,  0.000,  0.000,  0,  -180000.0,   0.50000, 0, 
unit_sim,        76.828, 0, 0, 25.00000,25.00000, 13.80000,13.08000,0.00000,13.08000,   0.000,  0.000,  0.000,  0.000,  0,  -180000.0,   0.50000, 0, 
unit_sim,        76.928, 0, 0, 25.00000,25.00000, 13.80000,13.08000,0.00000,13.08000,   0.000,  0.000,  0.000,  0.000,  0,  -180000.0,   0.50000, 0, 
unit_sim,        77.028, 0, 0, 25.00000,25.00000, 13.80000,13.08000,0.00000,13.08000,   0.000,  0.000,  0.000,  0.000,  0,  -180000.0,   0.50000, 0, 
unit_sim,        77.128, 0, 0, 25.00000,25.00000, 13.80000,13.08000,0.00000,13.08000,   0.000,  0.000,  0.000,  0.000,  0,  -180000.0,   0.50000, 0, 
unit_sim,        77.228, 0, 0, 25.00000,25.00000, 13.80000,13.08000,0.00000,13.08000,   0.000,  0.000,  0.000,  0.000,  0,  -180000.0,   0.50000, 0, 
unit_sim,        77.328, 0, 0, 25.00000,25.00000, 13.80000,13.08000,0.00000,13.08000,   0.000,  0.000,  0.000,  0.000,  0,  -180000.0,   0.50000, 0, 
unit_sim,        77.428, 0, 0, 25.00000,25.00000, 13.80000,13.08000,0.00000,13.08000,   0.000,  0.000,  0.000,  0.000,  0,  -180000.0,   0.50000, 0, 
unit_sim,        77.528, 0, 0, 25.00000,25.00000, 13.80000,13.08000,0.00000,13.08000,   0.000,  0.000,  0.000,  0.000,  0,  -180000.0,   0.50000, 0, 
unit_sim,        77.628, 0, 0, 25.00000,25.00000, 13.80000,13.08000,0.00000,13.08000,   0.000,  0.000,  0.000,  0.000,  0,  -180000.0,   0.50000, 0, 
unit_sim,        77.728, 0, 0, 25.00000,25.00000, 13.80000,13.08000,0.00000,13.08000,   0.000,  0.000,  0.000,  0.000,  0,  -180000.0,   0.50000, 0, 
unit_sim,        77.828, 0, 0, 25.00000,25.00000, 13.80000,13.08000,0.00000,13.08000,   0.000,  0.000,  0.000,  0.000,  0,  -180000.0,   0.50000, 0, 
unit_sim,        77.928, 0, 0, 25.00000,25.00000, 13.80000,13.08000,0.00000,13.08000,   0.000,  0.000,  0.000,  0.000,  0,  -180000.0,   0.50000, 0, 
unit_sim,        78.028, 0, 0, 25.00000,25.00000, 13.80000,13.08000,0.00000,13.08000,   0.000,  0.000,  0.000,  0.000,  0,  -180000.0,   0.50000, 0, 
unit_sim,        78.128, 0, 0, 25.00000,25.00000, 13.80000,13.08000,0.00000,13.08000,   0.000,  0.000,  0.000,  0.000,  0,  -180000.0,   0.50000, 0, 
unit_sim,        78.228, 0, 0, 25.00000,25.00000, 13.80000,13.08000,0.00000,13.08000,   0.000,  0.000,  0.000,  0.000,  0,  -180000.0,   0.50000, 0, 
unit_sim,        78.328, 0, 0, 25.00000,25.00000, 13.80000,13.08000,0.00000,13.08000,   0.000,  0.000,  0.000,  0.000,  0,  -180000.0,   0.50000, 0, 
unit_sim,        78.428, 0, 0, 25.00000,25.00000, 13.80000,13.08000,0.00000,13.08000,   0.000,  0.000,  0.000,  0.000,  0,  -180000.0,   0.50000, 0, 
unit_sim,        78.528, 0, 0, 25.00000,25.00000, 13.80000,13.08000,0.00000,13.08000,   0.000,  0.000,  0.000,  0.000,  0,  -180000.0,   0.50000, 0, 
unit_sim,        78.628, 0, 0, 25.00000,25.00000, 13.80000,13.08000,0.00000,13.08000,   0.000,  0.000,  0.000,  0.000,  0,  -180000.0,   0.50000, 0, 
unit_sim,        78.728, 0, 0, 25.00000,25.00000, 13.80000,13.08000,0.00000,13.08000,   0.000,  0.000,  0.000,  0.000,  0,  -180000.0,   0.50000, 0, 
unit_sim,        78.828, 0, 0, 25.00000,25.00000, 13.80000,13.08000,0.00000,13.08000,   0.000,  0.000,  0.000,  0.000,  0,  -180000.0,   0.50000, 0, 
unit_sim,        78.928, 0, 0, 25.00000,25.00000, 13.80000,13.08000,0.00000,13.08000,   0.000,  0.000,  0.000,  0.000,  0,  -180000.0,   0.50000, 0, 
unit_sim,        79.028, 0, 0, 25.00000,25.00000, 13.80000,13.08000,0.00000,13.08000,   0.000,  0.000,  0.000,  0.000,  0,  -180000.0,   0.50000, 0, 
unit_sim,        79.128, 0, 0, 25.00000,25.00000, 13.80000,13.08000,0.00000,13.08000,   0.000,  0.000,  0.000,  0.000,  0,  -180000.0,   0.50000, 0, 
unit_sim,        79.228, 0, 0, 25.00000,25.00000, 13.80000,13.08000,0.00000,13.08000,   0.000,  0.000,  0.000,  0.000,  0,  -180000.0,   0.50000, 0, 
unit_sim,        79.328, 0, 0, 25.00000,25.00000, 13.80000,13.08000,0.00000,13.08000,   0.000,  0.000,  0.000,  0.000,  0,  -180000.0,   0.50000, 0, 
unit_sim,        79.428, 0, 0, 25.00000,25.00000, 13.80000,13.08000,0.00000,13.08000,   0.000,  0.000,  0.000,  0.000,  0,  -180000.0,   0.50000, 0, 
unit_sim,        79.528, 0, 0, 25.00000,25.00000, 13.80000,13.08000,0.00000,13.08000,   0.000,  0.000,  0.000,  0.000,  0,  -180000.0,   0.50000, 0, 
unit_sim,        79.628, 0, 0, 25.00000,25.00000, 13.80000,13.08000,0.00000,13.08000,   0.000,  0.000,  0.000,  0.000,  0,  -180000.0,   0.50000, 0, 
unit_sim,        79.728, 0, 0, 25.00000,25.00000, 13.80000,13.08000,0.00000,13.08000,   0.000,  0.000,  0.000,  0.000,  0,  -180000.0,   0.50000, 0, 
unit_sim,        79.828, 0, 0, 25.00000,25.00000, 13.80000,13.08000,0.00000,13.08000,   0.000,  0.000,  0.000,  0.000,  0,  -180000.0,   0.50000, 0, 
unit_sim,        79.928, 0, 0, 25.00000,25.00000, 13.80000,13.08000,0.00000,13.08000,   0.000,  0.000,  0.000,  0.000,  0,  -180000.0,   0.50000, 0, 
unit_sim,        80.028, 0, 0, 25.00000,25.00000, 13.80000,13.08000,0.00000,13.08000,   0.000,  0.000,  0.000,  0.000,  0,  -180000.0,   0.50000, 0, 
unit_sim,        80.128, 0, 0, 25.00000,25.00000, 13.80000,13.08000,0.00000,13.08000,   0.000,  0.000,  0.000,  0.000,  0,  -180000.0,   0.50000, 0, 
unit_sim,        80.228, 0, 0, 25.00000,25.00000, 13.80000,13.08000,0.00000,13.08000,   0.000,  0.000,  0.000,  0.000,  0,  -180000.0,   0.50000, 0, 
unit_sim,        80.328, 0, 0, 25.00000,25.00000, 13.80000,13.08000,0.00000,13.08000,   0.000,  0.000,  0.000,  0.000,  0,  -180000.0,   0.50000, 0, 
unit_sim,        80.428, 0, 0, 25.00000,25.00000, 13.80000,13.08000,0.00000,13.08000,   0.000,  0.000,  0.000,  0.000,  0,  -180000.0,   0.50000, 0, 
unit_sim,        80.528, 0, 0, 25.00000,25.00000, 13.80000,13.08000,0.00000,13.08000,   0.000,  0.000,  0.000,  0.000,  0,  -180000.0,   0.50000, 0, 
unit_sim,        80.628, 0, 0, 25.00000,25.00000, 13.80000,13.08000,0.00000,13.08000,   0.000,  0.000,  0.000,  0.000,  0,  -180000.0,   0.50000, 0, 
unit_sim,        80.728, 0, 0, 25.00000,25.00000, 13.80000,13.08000,0.00000,13.08000,   0.000,  0.000,  0.000,  0.000,  0,  -180000.0,   0.50000, 0, 
unit_sim,        80.828, 0, 0, 25.00000,25.00000, 13.80000,13.08000,0.00000,13.08000,   0.000,  0.000,  0.000,  0.000,  0,  -180000.0,   0.50000, 0, 
unit_sim,        80.928, 0, 0, 25.00000,25.00000, 13.80000,13.08000,0.00000,13.08000,   0.000,  0.000,  0.000,  0.000,  0,  -180000.0,   0.50000, 0, 
unit_sim,        81.028, 0, 0, 25.00000,25.00000, 13.80000,13.08000,0.00000,13.08000,   0.000,  0.000,  0.000,  0.000,  0,  -180000.0,   0.50000, 0, 
unit_sim,        81.128, 0, 0, 25.00000,25.00000, 13.80000,13.08000,0.00000,13.08000,   0.000,  0.000,  0.000,  0.000,  0,  -180000.0,   0.50000, 0, 
unit_sim,        81.228, 0, 0, 25.00000,25.00000, 13.80000,13.08000,0.00000,13.08000,   0.000,  0.000,  0.000,  0.000,  0,  -180000.0,   0.50000, 0, 
unit_sim,        81.328, 0, 0, 25.00000,25.00000, 13.80000,13.08000,0.00000,13.08000,   0.000,  0.000,  0.000,  0.000,  0,  -180000.0,   0.50000, 0, 
unit_sim,        81.428, 0, 0, 25.00000,25.00000, 13.80000,13.08000,0.00000,13.08000,   0.000,  0.000,  0.000,  0.000,  0,  -180000.0,   0.50000, 0, 
unit_sim,        81.528, 0, 0, 25.00000,25.00000, 13.80000,13.08000,0.00000,13.08000,   0.000,  0.000,  0.000,  0.000,  0,  -180000.0,   0.50000, 0, 
unit_sim,        81.628, 0, 0, 25.00000,25.00000, 13.80000,13.08000,0.00000,13.08000,   0.000,  0.000,  0.000,  0.000,  0,  -180000.0,   0.50000, 0, 
unit_sim,        81.728, 0, 0, 25.00000,25.00000, 13.80000,13.08000,0.00000,13.08000,   0.000,  0.000,  0.000,  0.000,  0,  -180000.0,   0.50000, 0, 
unit_sim,        81.828, 0, 0, 25.00000,25.00000, 13.80000,13.08000,0.00000,13.08000,   0.000,  0.000,  0.000,  0.000,  0,  -180000.0,   0.50000, 0, 
unit_sim,        81.928, 0, 0, 25.00000,25.00000, 13.80000,13.08000,0.00000,13.08000,   0.000,  0.000,  0.000,  0.000,  0,  -180000.0,   0.50000, 0, 
unit_sim,        82.028, 0, 0, 25.00000,25.00000, 13.80000,13.08000,0.00000,13.08000,   0.000,  0.000,  0.000,  0.000,  0,  -180000.0,   0.50000, 0, 
unit_sim,        82.128, 0, 0, 25.00000,25.00000, 13.80000,13.08000,0.00000,13.08000,   0.000,  0.000,  0.000,  0.000,  0,  -180000.0,   0.50000, 0, 
unit_sim,        82.228, 0, 0, 25.00000,25.00000, 13.80000,13.08000,0.00000,13.08000,   0.000,  0.000,  0.000,  0.000,  0,  -180000.0,   0.50000, 0, 
unit_sim,        82.328, 0, 0, 25.00000,25.00000, 13.80000,13.08000,0.00000,13.08000,   0.000,  0.000,  0.000,  0.000,  0,  -180000.0,   0.50000, 0, 
unit_sim,        82.428, 0, 0, 25.00000,25.00000, 13.80000,13.08000,0.00000,13.08000,   0.000,  0.000,  0.000,  0.000,  0,  -180000.0,   0.50000, 0, 
unit_sim,        82.528, 0, 0, 25.00000,25.00000, 13.80000,13.08000,0.00000,13.08000,   0.000,  0.000,  0.000,  0.000,  0,  -180000.0,   0.50000, 0, 
unit_sim,        82.628, 0, 0, 25.00000,25.00000, 13.80000,13.08000,0.00000,13.08000,   0.000,  0.000,  0.000,  0.000,  0,  -180000.0,   0.50000, 0, 
unit_sim,        82.728, 0, 0, 25.00000,25.00000, 13.80000,13.08000,0.00000,13.08000,   0.000,  0.000,  0.000,  0.000,  0,  -180000.0,   0.50000, 0, 
unit_sim,        82.828, 0, 0, 25.00000,25.00000, 13.80000,13.08000,0.00000,13.08000,   0.000,  0.000,  0.000,  0.000,  0,  -180000.0,   0.50000, 0, 
unit_sim,        82.928, 0, 0, 25.00000,25.00000, 13.80000,13.08000,0.00000,13.08000,   0.000,  0.000,  0.000,  0.000,  0,  -180000.0,   0.50000, 0, 
unit_sim,        83.028, 0, 0, 25.00000,25.00000, 13.80000,13.08000,0.00000,13.08000,   0.000,  0.000,  0.000,  0.000,  0,  -180000.0,   0.50000, 0, 
unit_sim,        83.128, 0, 0, 25.00000,25.00000, 13.80000,13.08000,0.00000,13.08000,   0.000,  0.000,  0.000,  0.000,  0,  -180000.0,   0.50000, 0, 
unit_sim,        83.228, 0, 0, 25.00000,25.00000, 13.80000,13.08000,0.00000,13.08000,   0.000,  0.000,  0.000,  0.000,  0,  -180000.0,   0.50000, 0, 
unit_sim,        83.328, 0, 0, 25.00000,25.00000, 13.80000,13.08000,0.00000,13.08000,   0.000,  0.000,  0.000,  0.000,  0,  -180000.0,   0.50000, 0, 
unit_sim,        83.428, 0, 0, 25.00000,25.00000, 13.80000,13.08000,0.00000,13.08000,   0.000,  0.000,  0.000,  0.000,  0,  -180000.0,   0.50000, 0, 
unit_sim,        83.528, 0, 0, 25.00000,25.00000, 13.80000,13.08000,0.00000,13.08000,   0.000,  0.000,  0.000,  0.000,  0,  -180000.0,   0.50000, 0, 
unit_sim,        83.628, 0, 0, 25.00000,25.00000, 13.80000,13.08000,0.00000,13.08000,   0.000,  0.000,  0.000,  0.000,  0,  -180000.0,   0.50000, 0, 
unit_sim,        83.728, 0, 0, 25.00000,25.00000, 13.80000,13.08000,0.00000,13.08000,   0.000,  0.000,  0.000,  0.000,  0,  -180000.0,   0.50000, 0, 
unit_sim,        83.828, 0, 0, 25.00000,25.00000, 13.80000,13.08000,0.00000,13.08000,   0.000,  0.000,  0.000,  0.000,  0,  -180000.0,   0.50000, 0, 
unit_sim,        83.928, 0, 0, 25.00000,25.00000, 13.80000,13.08000,0.00000,13.08000,   0.000,  0.000,  0.000,  0.000,  0,  -180000.0,   0.50000, 0, 
unit_sim,        84.028, 0, 0, 25.00000,25.00000, 13.80000,13.08000,0.00000,13.08000,   0.000,  0.000,  0.000,  0.000,  0,  -180000.0,   0.50000, 0, 
unit_sim,        84.128, 0, 0, 25.00000,25.00000, 13.80000,13.08000,0.00000,13.08000,   0.000,  0.000,  0.000,  0.000,  0,  -180000.0,   0.50000, 0, 
unit_sim,        84.228, 0, 0, 25.00000,25.00000, 13.80000,13.08000,0.00000,13.08000,   0.000,  0.000,  0.000,  0.000,  0,  -180000.0,   0.50000, 0, 
unit_sim,        84.328, 0, 0, 25.00000,25.00000, 13.80000,13.08000,0.00000,13.08000,   0.000,  0.000,  0.000,  0.000,  0,  -180000.0,   0.50000, 0, 
unit_sim,        84.428, 0, 0, 25.00000,25.00000, 13.80000,13.08000,0.00000,13.08000,   0.000,  0.000,  0.000,  0.000,  0,  -180000.0,   0.50000, 0, 
unit_sim,        84.528, 0, 0, 25.00000,25.00000, 13.80000,13.08000,0.00000,13.08000,   0.000,  0.000,  0.000,  0.000,  0,  -180000.0,   0.50000, 0, 
unit_sim,        84.628, 0, 0, 25.00000,25.00000, 13.80000,13.08000,0.00000,13.08000,   0.000,  0.000,  0.000,  0.000,  0,  -180000.0,   0.50000, 0, 
unit_sim,        84.728, 0, 0, 25.00000,25.00000, 13.80000,13.08000,0.00000,13.08000,   0.000,  0.000,  0.000,  0.000,  0,  -180000.0,   0.50000, 0, 
unit_sim,        84.828, 0, 0, 25.00000,25.00000, 13.80000,13.08000,0.00000,13.08000,   0.000,  0.000,  0.000,  0.000,  0,  -180000.0,   0.50000, 0, 
unit_sim,        84.928, 0, 0, 25.00000,25.00000, 13.80000,13.08000,0.00000,13.08000,   0.000,  0.000,  0.000,  0.000,  0,  -180000.0,   0.50000, 0, 
unit_sim,        85.028, 0, 0, 25.00000,25.00000, 13.80000,13.08000,0.00000,13.08000,   0.000,  0.000,  0.000,  0.000,  0,  -180000.0,   0.50000, 0, 
unit_sim,        85.128, 0, 0, 25.00000,25.00000, 13.80000,13.08000,0.00000,13.08000,   0.000,  0.000,  0.000,  0.000,  0,  -180000.0,   0.50000, 0, 
unit_sim,        85.228, 0, 0, 25.00000,25.00000, 13.80000,13.08000,0.00000,13.08000,   0.000,  0.000,  0.000,  0.000,  0,  -180000.0,   0.50000, 0, 
unit_sim,        85.328, 0, 0, 25.00000,25.00000, 13.80000,13.08000,0.00000,13.08000,   0.000,  0.000,  0.000,  0.000,  0,  -180000.0,   0.50000, 0, 
unit_sim,        85.439, 0, 0, 25.00000,25.00000, 13.80000,13.08000,0.00000,13.08000,   0.000,  0.000,  0.000,  0.000,  0,  -180000.0,   0.50000, 0, 
unit_sim,        85.528, 0, 0, 25.00000,25.00000, 13.80000,13.08000,0.00000,13.08000,   0.000,  0.000,  0.000,  0.000,  0,  -180000.0,   0.50000, 0, 
unit_sim,        85.628, 0, 0, 25.00000,25.00000, 13.80000,13.08000,0.00000,13.08000,   0.000,  0.000,  0.000,  0.000,  0,  -180000.0,   0.50000, 0, 
unit_sim,        85.728, 0, 0, 25.00000,25.00000, 13.80000,13.08000,0.00000,13.08000,   0.000,  0.000,  0.000,  0.000,  0,  -180000.0,   0.50000, 0, 
unit_sim,        85.828, 0, 0, 25.00000,25.00000, 13.80000,13.08000,0.00000,13.08000,   0.000,  0.000,  0.000,  0.000,  0,  -180000.0,   0.50000, 0, 
unit_sim,        85.928, 0, 0, 25.00000,25.00000, 13.80000,13.08000,0.00000,13.08000,   0.000,  0.000,  0.000,  0.000,  0,  -180000.0,   0.50000, 0, 
unit_sim,        86.028, 0, 0, 25.00000,25.00000, 13.80000,13.08000,0.00000,13.08000,   0.000,  0.000,  0.000,  0.000,  0,  -180000.0,   0.50000, 0, 
unit_sim,        86.128, 0, 0, 25.00000,25.00000, 13.80000,13.08000,0.00000,13.08000,   0.000,  0.000,  0.000,  0.000,  0,  -180000.0,   0.50000, 0, 
unit_sim,        86.228, 0, 0, 25.00000,25.00000, 13.80000,13.08000,0.00000,13.08000,   0.000,  0.000,  0.000,  0.000,  0,  -180000.0,   0.50000, 0, 
unit_sim,        86.328, 0, 0, 25.00000,25.00000, 13.80000,13.08000,0.00000,13.08000,   0.000,  0.000,  0.000,  0.000,  0,  -180000.0,   0.50000, 0, 
unit_sim,        86.428, 0, 0, 25.00000,25.00000, 13.80000,13.08000,0.00000,13.08000,   0.000,  0.000,  0.000,  0.000,  0,  -180000.0,   0.50000, 0, 
unit_sim,        86.528, 0, 0, 25.00000,25.00000, 13.80000,13.08000,0.00000,13.08000,   0.000,  0.000,  0.000,  0.000,  0,  -180000.0,   0.50000, 0, 
unit_sim,        86.628, 0, 0, 25.00000,25.00000, 13.80000,13.08000,0.00000,13.08000,   0.000,  0.000,  0.000,  0.000,  0,  -180000.0,   0.50000, 0, 
unit_sim,        86.728, 0, 0, 25.00000,25.00000, 13.80000,13.08000,0.00000,13.08000,   0.000,  0.000,  0.000,  0.000,  0,  -180000.0,   0.50000, 0, 
unit_sim,        86.828, 0, 0, 25.00000,25.00000, 13.80000,13.08000,0.00000,13.08000,   0.000,  0.000,  0.000,  0.000,  0,  -180000.0,   0.50000, 0, 
unit_sim,        86.928, 0, 0, 25.00000,25.00000, 13.80000,13.08000,0.00000,13.08000,   0.000,  0.000,  0.000,  0.000,  0,  -180000.0,   0.50000, 0, 
unit_sim,        87.028, 0, 0, 25.00000,25.00000, 13.80000,13.08000,0.00000,13.08000,   0.000,  0.000,  0.000,  0.000,  0,  -180000.0,   0.50000, 0, 
unit_sim,        87.128, 0, 0, 25.00000,25.00000, 13.80000,13.08000,0.00000,13.08000,   0.000,  0.000,  0.000,  0.000,  0,  -180000.0,   0.50000, 0, 
unit_sim,        87.228, 0, 0, 25.00000,25.00000, 13.80000,13.08000,0.00000,13.08000,   0.000,  0.000,  0.000,  0.000,  0,  -180000.0,   0.50000, 0, 
unit_sim,        87.328, 0, 0, 25.00000,25.00000, 13.80000,13.08000,0.00000,13.08000,   0.000,  0.000,  0.000,  0.000,  0,  -180000.0,   0.50000, 0, 
unit_sim,        87.428, 0, 0, 25.00000,25.00000, 13.80000,13.08000,0.00000,13.08000,   0.000,  0.000,  0.000,  0.000,  0,  -180000.0,   0.50000, 0, 
unit_sim,        87.528, 0, 0, 25.00000,25.00000, 13.80000,13.08000,0.00000,13.08000,   0.000,  0.000,  0.000,  0.000,  0,  -180000.0,   0.50000, 0, 
unit_sim,        87.628, 0, 0, 25.00000,25.00000, 13.80000,13.08000,0.00000,13.08000,   0.000,  0.000,  0.000,  0.000,  0,  -180000.0,   0.50000, 0, 
unit_sim,        87.728, 0, 0, 25.00000,25.00000, 13.80000,13.08000,0.00000,13.08000,   0.000,  0.000,  0.000,  0.000,  0,  -180000.0,   0.50000, 0, 
unit_sim,        87.828, 0, 0, 25.00000,25.00000, 13.80000,13.08000,0.00000,13.08000,   0.000,  0.000,  0.000,  0.000,  0,  -180000.0,   0.50000, 0, 
unit_sim,        87.928, 0, 0, 25.00000,25.00000, 13.80000,13.08000,0.00000,13.08000,   0.000,  0.000,  0.000,  0.000,  0,  -180000.0,   0.50000, 0, 
unit_sim,        88.028, 0, 0, 25.00000,25.00000, 13.80000,13.08000,0.00000,13.08000,   0.000,  0.000,  0.000,  0.000,  0,  -180000.0,   0.50000, 0, 
unit_sim,        88.128, 0, 0, 25.00000,25.00000, 13.80000,13.08000,0.00000,13.08000,   0.000,  0.000,  0.000,  0.000,  0,  -180000.0,   0.50000, 0, 
unit_sim,        88.228, 0, 0, 25.00000,25.00000, 13.80000,13.08000,0.00000,13.08000,   0.000,  0.000,  0.000,  0.000,  0,  -180000.0,   0.50000, 0, 
unit_sim,        88.328, 0, 0, 25.00000,25.00000, 13.80000,13.08000,0.00000,13.08000,   0.000,  0.000,  0.000,  0.000,  0,  -180000.0,   0.50000, 0, 
unit_sim,        88.428, 0, 0, 25.00000,25.00000, 13.80000,13.08000,0.00000,13.08000,   0.000,  0.000,  0.000,  0.000,  0,  -180000.0,   0.50000, 0, 
unit_sim,        88.528, 0, 0, 25.00000,25.00000, 13.80000,13.08000,0.00000,13.08000,   0.000,  0.000,  0.000,  0.000,  0,  -180000.0,   0.50000, 0, 
unit_sim,        88.628, 0, 0, 25.00000,25.00000, 13.80000,13.08000,0.00000,13.08000,   0.000,  0.000,  0.000,  0.000,  0,  -180000.0,   0.50000, 0, 
unit_sim,        88.728, 0, 0, 25.00000,25.00000, 13.80000,13.08000,0.00000,13.08000,   0.000,  0.000,  0.000,  0.000,  0,  -180000.0,   0.50000, 0, 
unit_sim,        88.828, 0, 0, 25.00000,25.00000, 13.80000,13.08000,0.00000,13.08000,   0.000,  0.000,  0.000,  0.000,  0,  -180000.0,   0.50000, 0, 
unit_sim,        88.928, 0, 0, 25.00000,25.00000, 13.80000,13.08000,0.00000,13.08000,   0.000,  0.000,  0.000,  0.000,  0,  -180000.0,   0.50000, 0, 
unit_sim,        89.028, 0, 0, 25.00000,25.00000, 13.80000,13.08000,0.00000,13.08000,   0.000,  0.000,  0.000,  0.000,  0,  -180000.0,   0.50000, 0, 
unit_sim,        89.128, 0, 0, 25.00000,25.00000, 13.80000,13.08000,0.00000,13.08000,   0.000,  0.000,  0.000,  0.000,  0,  -180000.0,   0.50000, 0, 
unit_sim,        89.228, 0, 0, 25.00000,25.00000, 13.80000,13.08000,0.00000,13.08000,   0.000,  0.000,  0.000,  0.000,  0,  -180000.0,   0.50000, 0, 
unit_sim,        89.328, 0, 0, 25.00000,25.00000, 13.80000,13.08000,0.00000,13.08000,   0.000,  0.000,  0.000,  0.000,  0,  -180000.0,   0.50000, 0, 
unit_sim,        89.428, 0, 0, 25.00000,25.00000, 13.80000,13.08000,0.00000,13.08000,   0.000,  0.000,  0.000,  0.000,  0,  -180000.0,   0.50000, 0, 
unit_sim,        89.528, 0, 0, 25.00000,25.00000, 13.80000,13.08000,0.00000,13.08000,   0.000,  0.000,  0.000,  0.000,  0,  -180000.0,   0.50000, 0, 
unit_sim,        89.628, 0, 0, 25.00000,25.00000, 13.80000,13.08000,0.00000,13.08000,   0.000,  0.000,  0.000,  0.000,  0,  -180000.0,   0.50000, 0, 
unit_sim,        89.728, 0, 0, 25.00000,25.00000, 13.80000,13.08000,0.00000,13.08000,   0.000,  0.000,  0.000,  0.000,  0,  -180000.0,   0.50000, 0, 
unit_sim,        89.828, 0, 0, 25.00000,25.00000, 13.80000,13.08000,0.00000,13.08000,   0.000,  0.000,  0.000,  0.000,  0,  -180000.0,   0.50000, 0, 
unit_sim,        89.928, 0, 0, 25.00000,25.00000, 13.80000,13.08000,0.00000,13.08000,   0.000,  0.000,  0.000,  0.000,  0,  -180000.0,   0.50000, 0, 
unit_sim,        90.028, 0, 0, 25.00000,25.00000, 13.80000,13.08000,0.00000,13.08000,   0.000,  0.000,  0.000,  0.000,  0,  -180000.0,   0.50000, 0, 
unit_sim,        90.128, 0, 0, 25.00000,25.00000, 13.80000,13.08000,0.00000,13.08000,   0.000,  0.000,  0.000,  0.000,  0,  -180000.0,   0.50000, 0, 
unit_sim,        90.228, 0, 0, 25.00000,25.00000, 13.80000,13.08000,0.00000,13.08000,   0.000,  0.000,  0.000,  0.000,  0,  -180000.0,   0.50000, 0, 
unit_sim,        90.328, 0, 0, 25.00000,25.00000, 13.80000,13.08000,0.00000,13.08000,   0.000,  0.000,  0.000,  0.000,  0,  -180000.0,   0.50000, 0, 
unit_sim,        90.428, 0, 0, 25.00000,25.00000, 13.80000,13.08000,0.00000,13.08000,   0.000,  0.000,  0.000,  0.000,  0,  -180000.0,   0.50000, 0, 
unit_sim,        90.528, 0, 0, 25.00000,25.00000, 13.80000,13.08000,0.00000,13.08000,   0.000,  0.000,  0.000,  0.000,  0,  -180000.0,   0.50000, 0, 
unit_sim,        90.628, 0, 0, 25.00000,25.00000, 13.80000,13.08000,0.00000,13.08000,   0.000,  0.000,  0.000,  0.000,  0,  -180000.0,   0.50000, 0, 
unit_sim,        90.728, 0, 0, 25.00000,25.00000, 13.80000,13.08000,0.00000,13.08000,   0.000,  0.000,  0.000,  0.000,  0,  -180000.0,   0.50000, 0, 
unit_sim,        90.828, 0, 0, 25.00000,25.00000, 13.80000,13.08000,0.00000,13.08000,   0.000,  0.000,  0.000,  0.000,  0,  -180000.0,   0.50000, 0, 
unit_sim,        90.928, 0, 0, 25.00000,25.00000, 13.80000,13.08000,0.00000,13.08000,   0.000,  0.000,  0.000,  0.000,  0,  -180000.0,   0.50000, 0, 
unit_sim,        91.028, 0, 0, 25.00000,25.00000, 13.80000,13.08000,0.00000,13.08000,   0.000,  0.000,  0.000,  0.000,  0,  -180000.0,   0.50000, 0, 
unit_sim,        91.128, 0, 0, 25.00000,25.00000, 13.80000,13.08000,0.00000,13.08000,   0.000,  0.000,  0.000,  0.000,  0,  -180000.0,   0.50000, 0, 
unit_sim,        91.228, 0, 0, 25.00000,25.00000, 13.80000,13.08000,0.00000,13.08000,   0.000,  0.000,  0.000,  0.000,  0,  -180000.0,   0.50000, 0, 
unit_sim,        91.328, 0, 0, 25.00000,25.00000, 13.80000,13.08000,0.00000,13.08000,   0.000,  0.000,  0.000,  0.000,  0,  -180000.0,   0.50000, 0, 
unit_sim,        91.428, 0, 0, 25.00000,25.00000, 13.80000,13.08000,0.00000,13.08000,   0.000,  0.000,  0.000,  0.000,  0,  -180000.0,   0.50000, 0, 
unit_sim,        91.528, 0, 0, 25.00000,25.00000, 13.80000,13.08000,0.00000,13.08000,   0.000,  0.000,  0.000,  0.000,  0,  -180000.0,   0.50000, 0, 
unit_sim,        91.628, 0, 0, 25.00000,25.00000, 13.80000,13.08000,0.00000,13.08000,   0.000,  0.000,  0.000,  0.000,  0,  -180000.0,   0.50000, 0, 
unit_sim,        91.728, 0, 0, 25.00000,25.00000, 13.80000,13.08000,0.00000,13.08000,   0.000,  0.000,  0.000,  0.000,  0,  -180000.0,   0.50000, 0, 
unit_sim,        91.828, 0, 0, 25.00000,25.00000, 13.80000,13.08000,0.00000,13.08000,   0.000,  0.000,  0.000,  0.000,  0,  -180000.0,   0.50000, 0, 
unit_sim,        91.928, 0, 0, 25.00000,25.00000, 13.80000,13.08000,0.00000,13.08000,   0.000,  0.000,  0.000,  0.000,  0,  -180000.0,   0.50000, 0, 
unit_sim,        92.028, 0, 0, 25.00000,25.00000, 13.80000,13.08000,0.00000,13.08000,   0.000,  0.000,  0.000,  0.000,  0,  -180000.0,   0.50000, 0, 
unit_sim,        92.128, 0, 0, 25.00000,25.00000, 13.80000,13.08000,0.00000,13.08000,   0.000,  0.000,  0.000,  0.000,  0,  -180000.0,   0.50000, 0, 
unit_sim,        92.228, 0, 0, 25.00000,25.00000, 13.80000,13.08000,0.00000,13.08000,   0.000,  0.000,  0.000,  0.000,  0,  -180000.0,   0.50000, 0, 
unit_sim,        92.328, 0, 0, 25.00000,25.00000, 13.80000,13.08000,0.00000,13.08000,   0.000,  0.000,  0.000,  0.000,  0,  -180000.0,   0.50000, 0, 
unit_sim,        92.428, 0, 0, 25.00000,25.00000, 13.80000,13.08000,0.00000,13.08000,   0.000,  0.000,  0.000,  0.000,  0,  -180000.0,   0.50000, 0, 
unit_sim,        92.528, 0, 0, 25.00000,25.00000, 13.80000,13.08000,0.00000,13.08000,   0.000,  0.000,  0.000,  0.000,  0,  -180000.0,   0.50000, 0, 
unit_sim,        92.628, 0, 0, 25.00000,25.00000, 13.80000,13.08000,0.00000,13.08000,   0.000,  0.000,  0.000,  0.000,  0,  -180000.0,   0.50000, 0, 
unit_sim,        92.728, 0, 0, 25.00000,25.00000, 13.80000,13.08000,0.00000,13.08000,   0.000,  0.000,  0.000,  0.000,  0,  -180000.0,   0.50000, 0, 
unit_sim,        92.828, 0, 0, 25.00000,25.00000, 13.80000,13.08000,0.00000,13.08000,   0.000,  0.000,  0.000,  0.000,  0,  -180000.0,   0.50000, 0, 
unit_sim,        92.928, 0, 0, 25.00000,25.00000, 13.80000,13.08000,0.00000,13.08000,   0.000,  0.000,  0.000,  0.000,  0,  -180000.0,   0.50000, 0, 
unit_sim,        93.028, 0, 0, 25.00000,25.00000, 13.80000,13.08000,0.00000,13.08000,   0.000,  0.000,  0.000,  0.000,  0,  -180000.0,   0.50000, 0, 
unit_sim,        93.128, 0, 0, 25.00000,25.00000, 13.80000,13.08000,0.00000,13.08000,   0.000,  0.000,  0.000,  0.000,  0,  -180000.0,   0.50000, 0, 
unit_sim,        93.228, 0, 0, 25.00000,25.00000, 13.80000,13.08000,0.00000,13.08000,   0.000,  0.000,  0.000,  0.000,  0,  -180000.0,   0.50000, 0, 
unit_sim,        93.328, 0, 0, 25.00000,25.00000, 13.80000,13.08000,0.00000,13.08000,   0.000,  0.000,  0.000,  0.000,  0,  -180000.0,   0.50000, 0, 
unit_sim,        93.428, 0, 0, 25.00000,25.00000, 13.80000,13.08000,0.00000,13.08000,   0.000,  0.000,  0.000,  0.000,  0,  -180000.0,   0.50000, 0, 
unit_sim,        93.528, 0, 0, 25.00000,25.00000, 13.80000,13.08147,0.00000,13.08147,   0.000,  0.000,  0.000,  0.000,  0,  -178826.7,   0.50326, 1, 
unit_sim,        93.641, 0, 0, 25.00000,25.00000, 13.80000,13.08147,0.00000,13.08147,   0.000,  0.000,  0.000,  0.000,  0,  -178826.7,   0.50326, 0, 
unit_sim,        93.658, 0, 0, 25.00000,25.00000, 13.80000,13.08147,0.00000,13.08147,   0.000,  0.000,  0.000,  0.000,  0,  -178826.7,   0.50326, 0, 
unit_sim,        93.756, 0, 0, 25.00000,25.00000, 13.80000,13.08147,0.00000,13.08147,   0.000,  0.000,  0.000,  0.000,  0,  -178826.7,   0.50326, 0, 
unit_sim,        93.855, 0, 0, 25.00000,25.00000, 13.80000,13.08147,0.00000,13.08147,   0.000,  0.000,  0.000,  0.000,  0,  -178826.7,   0.50326, 0, 
unit_sim,        93.955, 0, 0, 25.00000,25.00000, 13.80000,13.08147,0.00000,13.08147,   0.000,  0.000,  0.000,  0.000,  0,  -178826.7,   0.50326, 0, 
unit_sim,        94.055, 0, 0, 25.00000,25.00000, 13.80000,13.08147,0.00000,13.08147,   0.000,  0.000,  0.000,  0.000,  0,  -178826.7,   0.50326, 0, 
unit_sim,        94.155, 0, 0, 25.00000,25.00000, 13.80000,13.08147,0.00000,13.08147,   0.000,  0.000,  0.000,  0.000,  0,  -178826.7,   0.50326, 0, 
unit_sim,        94.255, 0, 0, 25.00000,25.00000, 13.80000,13.08147,0.00000,13.08147,   0.000,  0.000,  0.000,  0.000,  0,  -178826.7,   0.50326, 0, 
unit_sim,        94.355, 0, 0, 25.00000,25.00000, 13.80000,13.08147,0.00000,13.08147,   0.000,  0.000,  0.000,  0.000,  0,  -178826.7,   0.50326, 0, 
unit_sim,        94.455, 0, 0, 25.00000,25.00000, 13.80000,13.08147,0.00000,13.08147,   0.000,  0.000,  0.000,  0.000,  0,  -178826.7,   0.50326, 0, 
unit_sim,        94.555, 0, 0, 25.00000,25.00000, 13.80000,13.08147,0.00000,13.08147,   0.000,  0.000,  0.000,  0.000,  0,  -178826.7,   0.50326, 0, 
unit_sim,        94.655, 0, 0, 25.00000,25.00000, 13.80000,13.08147,0.00000,13.08147,   0.000,  0.000,  0.000,  0.000,  0,  -178826.7,   0.50326, 0, 
unit_sim,        94.755, 0, 0, 25.00000,25.00000, 13.80000,13.08147,0.00000,13.08147,   0.000,  0.000,  0.000,  0.000,  0,  -178826.7,   0.50326, 0, 
unit_sim,        94.922, 0, 0, 25.00000,25.00000, 13.80000,13.08147,0.00000,13.08147,   0.000,  0.000,  0.000,  0.000,  0,  -178826.7,   0.50326, 0, 
unit_sim,        95.022, 0, 0, 25.00000,25.00000, 13.80000,13.08147,0.00000,13.08147,   0.000,  0.000,  0.000,  0.000,  0,  -178826.7,   0.50326, 0, 
unit_sim,        95.122, 0, 0, 25.00000,25.00000, 13.80000,13.08147,0.00000,13.08147,   0.000,  0.000,  0.000,  0.000,  0,  -178826.7,   0.50326, 0, 
unit_sim,        95.222, 0, 0, 25.00000,25.00000, 13.80000,13.08147,0.00000,13.08147,   0.000,  0.000,  0.000,  0.000,  0,  -178826.7,   0.50326, 0, 
unit_sim,        95.322, 0, 0, 25.00000,25.00000, 13.80000,13.08147,0.00000,13.08147,   0.000,  0.000,  0.000,  0.000,  0,  -178826.7,   0.50326, 0, 
unit_sim,        95.422, 0, 0, 25.00000,25.00000, 13.80000,13.08147,0.00000,13.08147,   0.000,  0.000,  0.000,  0.000,  0,  -178826.7,   0.50326, 0, 
unit_sim,        95.522, 0, 0, 25.00000,25.00000, 13.80000,13.08147,0.00000,13.08147,   0.000,  0.000,  0.000,  0.000,  0,  -178826.7,   0.50326, 0, 
unit_sim,        95.622, 0, 0, 25.00000,25.00000, 13.80000,13.08147,0.00000,13.08147,   0.000,  0.000,  0.000,  0.000,  0,  -178826.7,   0.50326, 0, 
unit_sim,        95.722, 0, 0, 25.00000,25.00000, 13.80000,13.08147,0.00000,13.08147,   0.000,  0.000,  0.000,  0.000,  0,  -178826.7,   0.50326, 0, 
unit_sim,        95.822, 0, 0, 25.00000,25.00000, 13.80000,13.08147,0.00000,13.08147,   0.000,  0.000,  0.000,  0.000,  0,  -178826.7,   0.50326, 0, 
unit_sim,        95.922, 0, 0, 25.00000,25.00000, 13.80000,13.08147,0.00000,13.08147,   0.000,  0.000,  0.000,  0.000,  0,  -178826.7,   0.50326, 0, 
unit_sim,        96.022, 0, 0, 25.00000,25.00000, 13.80000,13.08147,0.00000,13.08147,   0.000,  0.000,  0.000,  0.000,  0,  -178826.7,   0.50326, 0, 
unit_sim,        96.124, 0, 0, 25.00000,25.00000, 13.80000,13.08147,0.00000,13.08147,   0.000,  0.000,  0.000,  0.000,  0,  -178826.7,   0.50326, 0, 
unit_sim,        96.223, 0, 0, 25.00000,25.00000, 13.80000,13.08147,0.00000,13.08147,   0.000,  0.000,  0.000,  0.000,  0,  -178826.7,   0.50326, 0, 
unit_sim,        96.323, 0, 0, 25.00000,25.00000, 13.80000,13.08147,0.00000,13.08147,   0.000,  0.000,  0.000,  0.000,  0,  -178826.7,   0.50326, 0, 
unit_sim,        96.423, 0, 0, 25.00000,25.00000, 13.80000,13.08147,0.00000,13.08147,   0.000,  0.000,  0.000,  0.000,  0,  -178826.7,   0.50326, 0, 
unit_sim,        96.523, 0, 0, 25.00000,25.00000, 13.80000,13.08147,0.00000,13.08147,   0.000,  0.000,  0.000,  0.000,  0,  -178826.7,   0.50326, 0, 
unit_sim,        96.623, 0, 0, 25.00000,25.00000, 13.80000,13.08147,0.00000,13.08147,   0.000,  0.000,  0.000,  0.000,  0,  -178826.7,   0.50326, 0, 
unit_sim,        97.469, 0, 0, 25.00000,25.00000, 13.80000,13.08147,0.00000,13.08147,   0.000,  0.000,  0.000,  0.000,  0,  -178826.7,   0.50326, 0, 
unit_sim,        97.569, 0, 0, 25.00000,25.00000, 13.80000,13.08147,0.00000,13.08147,   0.000,  0.000,  0.000,  0.000,  0,  -178826.7,   0.50326, 0, 
unit_sim,        97.669, 0, 0, 25.00000,25.00000, 13.80000,13.08147,0.00000,13.08147,   0.000,  0.000,  0.000,  0.000,  0,  -178826.7,   0.50326, 0, 
unit_sim,        97.769, 0, 0, 25.00000,25.00000, 13.80000,13.08147,0.00000,13.08147,   0.000,  0.000,  0.000,  0.000,  0,  -178826.7,   0.50326, 1, 
unit_sim,        97.869, 0, 0, 25.00000,25.00000, 13.80000,13.08147,0.00000,13.08147,   0.000,  0.000,  0.000,  0.000,  0,  -178826.7,   0.50326, 0, 
unit_sim,        97.904, 0, 0, 25.00000,25.00000, 13.80000,13.08147,0.00000,13.08147,   0.000,  0.000,  0.000,  0.000,  0,  -178826.7,   0.50326, 0, 
unit_sim,        98.001, 0, 0, 25.00000,25.00000, 13.80000,13.08147,0.00000,13.08147,   0.000,  0.000,  0.000,  0.000,  0,  -178826.7,   0.50326, 0, 
unit_sim,        98.100, 0, 0, 25.00000,25.00000, 13.80000,13.08147,0.00000,13.08147,   0.000,  0.000,  0.000,  0.000,  0,  -178826.7,   0.50326, 0, 
unit_sim,        98.200, 0, 0, 25.00000,25.00000, 13.80000,13.08147,0.00000,13.08147,   0.000,  0.000,  0.000,  0.000,  0,  -178826.7,   0.50326, 0, 
unit_sim,        98.299, 0, 0, 25.00000,25.00000, 13.80000,13.08147,0.00000,13.08147,   0.000,  0.000,  0.000,  0.000,  0,  -178826.7,   0.50326, 0, 
unit_sim,        98.400, 0, 0, 25.00000,25.00000, 13.80000,13.08147,0.00000,13.08147,   0.000,  0.000,  0.000,  0.000,  0,  -178826.7,   0.50326, 0, 
unit_sim,        98.499, 0, 0, 25.00000,25.00000, 13.80000,13.08147,0.00000,13.08147,   0.000,  0.000,  0.000,  0.000,  0,  -178826.7,   0.50326, 0, 
unit_sim,        98.599, 0, 0, 25.00000,25.00000, 13.80000,13.08147,0.00000,13.08147,   0.000,  0.000,  0.000,  0.000,  0,  -178826.7,   0.50326, 0, 
unit_sim,        98.700, 0, 0, 25.00000,25.00000, 13.80000,13.08147,0.00000,13.08147,   0.000,  0.000,  0.000,  0.000,  0,  -178826.7,   0.50326, 0, 
unit_sim,        98.799, 0, 0, 25.00000,25.00000, 13.80000,13.08147,0.00000,13.08147,   0.000,  0.000,  0.000,  0.000,  0,  -178826.7,   0.50326, 0, 
unit_sim,        98.900, 0, 0, 25.00000,25.00000, 13.80000,13.08147,0.00000,13.08147,   0.000,  0.000,  0.000,  0.000,  0,  -178826.7,   0.50326, 0, 
unit_sim,        99.000, 0, 0, 25.00000,25.00000, 13.80000,13.08147,0.00000,13.08147,   0.000,  0.000,  0.000,  0.000,  0,  -178826.7,   0.50326, 0, 
unit_sim,        99.169, 0, 0, 25.00000,25.00000, 13.80000,13.08147,0.00000,13.08147,   0.000,  0.000,  0.000,  0.000,  0,  -178826.7,   0.50326, 0, 
unit_sim,        99.269, 0, 0, 25.00000,25.00000, 13.80000,13.08147,0.00000,13.08147,   0.000,  0.000,  0.000,  0.000,  0,  -178826.7,   0.50326, 0, 
unit_sim,        99.369, 0, 0, 25.00000,25.00000, 13.80000,13.08147,0.00000,13.08147,   0.000,  0.000,  0.000,  0.000,  0,  -178826.7,   0.50326, 0, 
unit_sim,        99.468, 0, 0, 25.00000,25.00000, 13.80000,13.08147,0.00000,13.08147,   0.000,  0.000,  0.000,  0.000,  0,  -178826.7,   0.50326, 0, 
unit_sim,        99.569, 0, 0, 25.00000,25.00000, 13.80000,13.08147,0.00000,13.08147,   0.000,  0.000,  0.000,  0.000,  0,  -178826.7,   0.50326, 0, 
unit_sim,        99.669, 0, 0, 25.00000,25.00000, 13.80000,13.08147,0.00000,13.08147,   0.000,  0.000,  0.000,  0.000,  0,  -178826.7,   0.50326, 0, 
unit_sim,        99.769, 0, 0, 25.00000,25.00000, 13.80000,13.08147,0.00000,13.08147,   0.000,  0.000,  0.000,  0.000,  0,  -178826.7,   0.50326, 0, 
unit_sim,        99.869, 0, 0, 25.00000,25.00000, 13.80000,13.08147,0.00000,13.08147,   0.000,  0.000,  0.000,  0.000,  0,  -178826.7,   0.50326, 0, 
unit_sim,        99.969, 0, 0, 25.00000,25.00000, 13.80000,13.08147,0.00000,13.08147,   0.000,  0.000,  0.000,  0.000,  0,  -178826.7,   0.50326, 0, 
unit_sim,       100.069, 0, 0, 25.00000,25.00000, 13.80000,13.08147,0.00000,13.08147,   0.000,  0.000,  0.000,  0.000,  0,  -178826.7,   0.50326, 0, 
unit_sim,       100.168, 0, 0, 25.00000,25.00000, 13.80000,13.08147,0.00000,13.08147,   0.000,  0.000,  0.000,  0.000,  0,  -178826.7,   0.50326, 0, 
unit_sim,       100.269, 0, 0, 25.00000,25.00000, 13.80000,13.08147,0.00000,13.08147,   0.000,  0.000,  0.000,  0.000,  0,  -178826.7,   0.50326, 0, 
unit_sim,       100.369, 0, 0, 25.00000,25.00000, 13.80000,13.08147,0.00000,13.08147,   0.000,  0.000,  0.000,  0.000,  0,  -178826.7,   0.50326, 0, 
unit_sim,       100.468, 0, 0, 25.00000,25.00000, 13.80000,13.08147,0.00000,13.08147,   0.000,  0.000,  0.000,  0.000,  0,  -178826.7,   0.50326, 0, 
unit_sim,       100.568, 0, 0, 25.00000,25.00000, 13.80000,13.08147,0.00000,13.08147,   0.000,  0.000,  0.000,  0.000,  0,  -178826.7,   0.50326, 0, 
unit_sim,       100.668, 0, 0, 25.00000,25.00000, 13.80000,13.08147,0.00000,13.08147,   0.000,  0.000,  0.000,  0.000,  0,  -178826.7,   0.50326, 0, 
unit_sim,       100.768, 0, 0, 25.00000,25.00000, 13.80000,13.08147,0.00000,13.08147,   0.000,  0.000,  0.000,  0.000,  0,  -178826.7,   0.50326, 0, 
unit_sim,       100.869, 0, 0, 25.00000,25.00000, 13.80000,13.08147,0.00000,13.08147,   0.000,  0.000,  0.000,  0.000,  0,  -178826.7,   0.50326, 0, 
unit_sim,       100.969, 0, 0, 25.00000,25.00000, 13.80000,13.08147,0.00000,13.08147,   0.000,  0.000,  0.000,  0.000,  0,  -178826.7,   0.50326, 0, 
unit_sim,       101.068, 0, 0, 25.00000,25.00000, 13.80000,13.08147,0.00000,13.08147,   0.000,  0.000,  0.000,  0.000,  0,  -178826.7,   0.50326, 0, 
unit_sim,       101.169, 0, 0, 25.00000,25.00000, 13.80000,13.08147,0.00000,13.08147,   0.000,  0.000,  0.000,  0.000,  0,  -178826.7,   0.50326, 0, 
unit_sim,       101.268, 0, 0, 25.00000,25.00000, 13.80000,13.08147,0.00000,13.08147,   0.000,  0.000,  0.000,  0.000,  0,  -178826.7,   0.50326, 0, 
unit_sim,       101.368, 0, 0, 25.00000,25.00000, 13.80000,13.08147,0.00000,13.08147,   0.000,  0.000,  0.000,  0.000,  0,  -178826.7,   0.50326, 0, 
unit_sim,       101.468, 0, 0, 25.00000,25.00000, 13.80000,13.08147,0.00000,13.08147,   0.000,  0.000,  0.000,  0.000,  0,  -178826.7,   0.50326, 0, 
unit_sim,       101.569, 0, 0, 25.00000,25.00000, 13.80000,13.08147,0.00000,13.08147,   0.000,  0.000,  0.000,  0.000,  0,  -178826.7,   0.50326, 0, 
unit_sim,       101.669, 0, 0, 25.00000,25.00000, 13.80000,13.08147,0.00000,13.08147,   0.000,  0.000,  0.000,  0.000,  0,  -178826.7,   0.50326, 0, 
unit_sim,       101.769, 0, 0, 25.00000,25.00000, 13.80000,13.08147,0.00000,13.08147,   0.000,  0.000,  0.000,  0.000,  0,  -178826.7,   0.50326, 0, 
unit_sim,       101.869, 0, 0, 25.00000,25.00000, 13.80000,13.08147,0.00000,13.08147,   0.000,  0.000,  0.000,  0.000,  0,  -178826.7,   0.50326, 0, 
unit_sim,       101.969, 0, 0, 25.00000,25.00000, 13.80000,13.08147,0.00000,13.08147,   0.000,  0.000,  0.000,  0.000,  0,  -178826.7,   0.50326, 0, 
unit_sim,       102.069, 0, 0, 25.00000,25.00000, 13.80000,13.08147,0.00000,13.08147,   0.000,  0.000,  0.000,  0.000,  0,  -178826.7,   0.50326, 0, 
unit_sim,       102.169, 0, 0, 25.00000,25.00000, 13.80000,13.08147,0.00000,13.08147,   0.000,  0.000,  0.000,  0.000,  0,  -178826.7,   0.50326, 0, 
unit_sim,       102.268, 0, 0, 25.00000,25.00000, 13.80000,13.08147,0.00000,13.08147,   0.000,  0.000,  0.000,  0.000,  0,  -178826.7,   0.50326, 0, 
unit_sim,       102.369, 0, 0, 25.00000,25.00000, 13.80000,13.08147,0.00000,13.08147,   0.000,  0.000,  0.000,  0.000,  0,  -178826.7,   0.50326, 0, 
unit_sim,       102.469, 0, 0, 25.00000,25.00000, 13.80000,13.08147,0.00000,13.08147,   0.000,  0.000,  0.000,  0.000,  0,  -178826.7,   0.50326, 0, 
unit_sim,       102.569, 0, 0, 25.00000,25.00000, 13.80000,13.08147,0.00000,13.08147,   0.000,  0.000,  0.000,  0.000,  0,  -178826.7,   0.50326, 0, 
unit_sim,       102.669, 0, 0, 25.00000,25.00000, 13.80000,13.08147,0.00000,13.08147,   0.000,  0.000,  0.000,  0.000,  0,  -178826.7,   0.50326, 0, 
unit_sim,       102.769, 0, 0, 25.00000,25.00000, 13.80000,13.08147,0.00000,13.08147,   0.000,  0.000,  0.000,  0.000,  0,  -178826.7,   0.50326, 0, 
unit_sim,       102.869, 0, 0, 25.00000,25.00000, 13.80000,13.08147,0.00000,13.08147,   0.000,  0.000,  0.000,  0.000,  0,  -178826.7,   0.50326, 0, 
unit_sim,       102.969, 0, 0, 25.00000,25.00000, 13.80000,13.08147,0.00000,13.08147,   0.000,  0.000,  0.000,  0.000,  0,  -178826.7,   0.50326, 0, 
unit_sim,       103.069, 0, 0, 25.00000,25.00000, 13.80000,13.08147,0.00000,13.08147,   0.000,  0.000,  0.000,  0.000,  0,  -178826.7,   0.50326, 0, 
unit_sim,       103.169, 0, 0, 25.00000,25.00000, 13.80000,13.08147,0.00000,13.08147,   0.000,  0.000,  0.000,  0.000,  0,  -178826.7,   0.50326, 0, 
unit_sim,       103.269, 0, 0, 25.00000,25.00000, 13.80000,13.08147,0.00000,13.08147,   0.000,  0.000,  0.000,  0.000,  0,  -178826.7,   0.50326, 0, 
unit_sim,       103.369, 0, 0, 25.00000,25.00000, 13.80000,13.08147,0.00000,13.08147,   0.000,  0.000,  0.000,  0.000,  0,  -178826.7,   0.50326, 0, 
unit_sim,       103.469, 0, 0, 25.00000,25.00000, 13.80000,13.08147,0.00000,13.08147,   0.000,  0.000,  0.000,  0.000,  0,  -178826.7,   0.50326, 0, 
unit_sim,       103.568, 0, 0, 25.00000,25.00000, 13.80000,13.08147,0.00000,13.08147,   0.000,  0.000,  0.000,  0.000,  0,  -178826.7,   0.50326, 0, 
unit_sim,       103.669, 0, 0, 25.00000,25.00000, 13.80000,13.08147,0.00000,13.08147,   0.000,  0.000,  0.000,  0.000,  0,  -178826.7,   0.50326, 0, 
unit_sim,       103.769, 0, 0, 25.00000,25.00000, 13.80000,13.08147,0.00000,13.08147,   0.000,  0.000,  0.000,  0.000,  0,  -178826.7,   0.50326, 0, 
unit_sim,       103.869, 0, 0, 25.00000,25.00000, 13.80000,13.08147,0.00000,13.08147,   0.000,  0.000,  0.000,  0.000,  0,  -178826.7,   0.50326, 0, 
unit_sim,       103.968, 0, 0, 25.00000,25.00000, 13.80000,13.08147,0.00000,13.08147,   0.000,  0.000,  0.000,  0.000,  0,  -178826.7,   0.50326, 0, 
unit_sim,       104.069, 0, 0, 25.00000,25.00000, 13.80000,13.08147,0.00000,13.08147,   0.000,  0.000,  0.000,  0.000,  0,  -178826.7,   0.50326, 0, 
unit_sim,       104.168, 0, 0, 25.00000,25.00000, 13.80000,13.08147,0.00000,13.08147,   0.000,  0.000,  0.000,  0.000,  0,  -178826.7,   0.50326, 0, 
unit_sim,       104.269, 0, 0, 25.00000,25.00000, 13.80000,13.08147,0.00000,13.08147,   0.000,  0.000,  0.000,  0.000,  0,  -178826.7,   0.50326, 0, 
unit_sim,       104.368, 0, 0, 25.00000,25.00000, 13.80000,13.08147,0.00000,13.08147,   0.000,  0.000,  0.000,  0.000,  0,  -178826.7,   0.50326, 0, 
unit_sim,       104.468, 0, 0, 25.00000,25.00000, 13.80000,13.08147,0.00000,13.08147,   0.000,  0.000,  0.000,  0.000,  0,  -178826.7,   0.50326, 0, 
unit_sim,       104.568, 0, 0, 25.00000,25.00000, 13.80000,13.08147,0.00000,13.08147,   0.000,  0.000,  0.000,  0.000,  0,  -178826.7,   0.50326, 0, 
unit_sim,       104.668, 0, 0, 25.00000,25.00000, 13.80000,13.08147,0.00000,13.08147,   0.000,  0.000,  0.000,  0.000,  0,  -178826.7,   0.50326, 0, 
unit_sim,       104.769, 0, 0, 25.00000,25.00000, 13.80000,13.08147,0.00000,13.08147,   0.000,  0.000,  0.000,  0.000,  0,  -178826.7,   0.50326, 0, 
unit_sim,       104.869, 0, 0, 25.00000,25.00000, 13.80000,13.08147,0.00000,13.08147,   0.000,  0.000,  0.000,  0.000,  0,  -178826.7,   0.50326, 0, 
unit_sim,       104.968, 0, 0, 25.00000,25.00000, 13.80000,13.08147,0.00000,13.08147,   0.000,  0.000,  0.000,  0.000,  0,  -178826.7,   0.50326, 0, 
unit_sim,       105.069, 0, 0, 25.00000,25.00000, 13.80000,13.08147,0.00000,13.08147,   0.000,  0.000,  0.000,  0.000,  0,  -178826.7,   0.50326, 0, 
unit_sim,       105.169, 0, 0, 25.00000,25.00000, 13.80000,13.08147,0.00000,13.08147,   0.000,  0.000,  0.000,  0.000,  0,  -178826.7,   0.50326, 0, 
unit_sim,       105.268, 0, 0, 25.00000,25.00000, 13.80000,13.08147,0.00000,13.08147,   0.000,  0.000,  0.000,  0.000,  0,  -178826.7,   0.50326, 0, 
unit_sim,       105.368, 0, 0, 25.00000,25.00000, 13.80000,13.08147,0.00000,13.08147,   0.000,  0.000,  0.000,  0.000,  0,  -178826.7,   0.50326, 0, 
unit_sim,       105.469, 0, 0, 25.00000,25.00000, 13.80000,13.08147,0.00000,13.08147,   0.000,  0.000,  0.000,  0.000,  0,  -178826.7,   0.50326, 0, 
unit_sim,       105.568, 0, 0, 25.00000,25.00000, 13.80000,13.08147,0.00000,13.08147,   0.000,  0.000,  0.000,  0.000,  0,  -178826.7,   0.50326, 0, 
unit_sim,       105.668, 0, 0, 25.00000,25.00000, 13.80000,13.08147,0.00000,13.08147,   0.000,  0.000,  0.000,  0.000,  0,  -178826.7,   0.50326, 0, 
unit_sim,       105.768, 0, 0, 25.00000,25.00000, 13.80000,13.08147,0.00000,13.08147,   0.000,  0.000,  0.000,  0.000,  0,  -178826.7,   0.50326, 0, 
unit_sim,       105.869, 0, 0, 25.00000,25.00000, 13.80000,13.08147,0.00000,13.08147,   0.000,  0.000,  0.000,  0.000,  0,  -178826.7,   0.50326, 0, 
unit_sim,       105.968, 0, 0, 25.00000,25.00000, 13.80000,13.08147,0.00000,13.08147,   0.000,  0.000,  0.000,  0.000,  0,  -178826.7,   0.50326, 0, 
unit_sim,       106.068, 0, 0, 25.00000,25.00000, 13.80000,13.08147,0.00000,13.08147,   0.000,  0.000,  0.000,  0.000,  0,  -178826.7,   0.50326, 0, 
unit_sim,       106.168, 0, 0, 25.00000,25.00000, 13.80000,13.08147,0.00000,13.08147,   0.000,  0.000,  0.000,  0.000,  0,  -178826.7,   0.50326, 0, 
unit_sim,       106.268, 0, 0, 25.00000,25.00000, 13.80000,13.08147,0.00000,13.08147,   0.000,  0.000,  0.000,  0.000,  0,  -178826.7,   0.50326, 0, 
unit_sim,       106.369, 0, 0, 25.00000,25.00000, 13.80000,13.08147,0.00000,13.08147,   0.000,  0.000,  0.000,  0.000,  0,  -178826.7,   0.50326, 0, 
unit_sim,       106.469, 0, 0, 25.00000,25.00000, 13.80000,13.08147,0.00000,13.08147,   0.000,  0.000,  0.000,  0.000,  0,  -178826.7,   0.50326, 0, 
unit_sim,       106.568, 0, 0, 25.00000,25.00000, 13.80000,13.08147,0.00000,13.08147,   0.000,  0.000,  0.000,  0.000,  0,  -178826.7,   0.50326, 0, 
unit_sim,       106.669, 0, 0, 25.00000,25.00000, 13.80000,13.08147,0.00000,13.08147,   0.000,  0.000,  0.000,  0.000,  0,  -178826.7,   0.50326, 0, 
unit_sim,       106.769, 0, 0, 25.00000,25.00000, 13.80000,13.08147,0.00000,13.08147,   0.000,  0.000,  0.000,  0.000,  0,  -178826.7,   0.50326, 0, 
unit_sim,       106.869, 0, 0, 25.00000,25.00000, 13.80000,13.08147,0.00000,13.08147,   0.000,  0.000,  0.000,  0.000,  0,  -178826.7,   0.50326, 0, 
unit_sim,       106.969, 0, 0, 25.00000,25.00000, 13.80000,13.08147,0.00000,13.08147,   0.000,  0.000,  0.000,  0.000,  0,  -178826.7,   0.50326, 0, 
unit_sim,       107.069, 0, 0, 25.00000,25.00000, 13.80000,13.08147,0.00000,13.08147,   0.000,  0.000,  0.000,  0.000,  0,  -178826.7,   0.50326, 0, 
unit_sim,       107.169, 0, 0, 25.00000,25.00000, 13.80000,13.08147,0.00000,13.08147,   0.000,  0.000,  0.000,  0.000,  0,  -178826.7,   0.50326, 0, 
unit_sim,       107.269, 0, 0, 25.00000,25.00000, 13.80000,13.08147,0.00000,13.08147,   0.000,  0.000,  0.000,  0.000,  0,  -178826.7,   0.50326, 0, 
unit_sim,       107.369, 0, 0, 25.00000,25.00000, 13.80000,13.08147,0.00000,13.08147,   0.000,  0.000,  0.000,  0.000,  0,  -178826.7,   0.50326, 0, 
unit_sim,       107.468, 0, 0, 25.00000,25.00000, 13.80000,13.08147,0.00000,13.08147,   0.000,  0.000,  0.000,  0.000,  0,  -178826.7,   0.50326, 0, 
unit_sim,       107.569, 0, 0, 25.00000,25.00000, 13.80000,13.08147,0.00000,13.08147,   0.000,  0.000,  0.000,  0.000,  0,  -178826.7,   0.50326, 0, 
unit_sim,       107.669, 0, 0, 25.00000,25.00000, 13.80000,13.08147,0.00000,13.08147,   0.000,  0.000,  0.000,  0.000,  0,  -178826.7,   0.50326, 0, 
unit_sim,       107.768, 0, 0, 25.00000,25.00000, 13.80000,13.08147,0.00000,13.08147,   0.000,  0.000,  0.000,  0.000,  0,  -178826.7,   0.50326, 0, 
unit_sim,       107.868, 0, 0, 25.00000,25.00000, 13.80000,13.08147,0.00000,13.08147,   0.000,  0.000,  0.000,  0.000,  0,  -178826.7,   0.50326, 0, 
unit_sim,       107.979, 0, 0, 25.00000,25.00000, 13.80000,13.08147,0.00000,13.08147,   0.000,  0.000,  0.000,  0.000,  0,  -178826.7,   0.50326, 0, 
unit_sim,       108.068, 0, 0, 25.00000,25.00000, 13.80000,13.08147,0.00000,13.08147,   0.000,  0.000,  0.000,  0.000,  0,  -178826.7,   0.50326, 0, 
unit_sim,       108.169, 0, 0, 25.00000,25.00000, 13.80000,13.08147,0.00000,13.08147,   0.000,  0.000,  0.000,  0.000,  0,  -178826.7,   0.50326, 0, 
unit_sim,       108.269, 0, 0, 25.00000,25.00000, 13.80000,13.08147,0.00000,13.08147,   0.000,  0.000,  0.000,  0.000,  0,  -178826.7,   0.50326, 0, 
unit_sim,       108.369, 0, 0, 25.00000,25.00000, 13.80000,13.08147,0.00000,13.08147,   0.000,  0.000,  0.000,  0.000,  0,  -178826.7,   0.50326, 0, 
unit_sim,       108.468, 0, 0, 25.00000,25.00000, 13.80000,13.08147,0.00000,13.08147,   0.000,  0.000,  0.000,  0.000,  0,  -178826.7,   0.50326, 0, 
unit_sim,       108.568, 0, 0, 25.00000,25.00000, 13.80000,13.08147,0.00000,13.08147,   0.000,  0.000,  0.000,  0.000,  0,  -178826.7,   0.50326, 0, 
unit_sim,       108.669, 0, 0, 25.00000,25.00000, 13.80000,13.08147,0.00000,13.08147,   0.000,  0.000,  0.000,  0.000,  0,  -178826.7,   0.50326, 0, 
unit_sim,       108.769, 0, 0, 25.00000,25.00000, 13.80000,13.08147,0.00000,13.08147,   0.000,  0.000,  0.000,  0.000,  0,  -178826.7,   0.50326, 0, 
unit_sim,       108.869, 0, 0, 25.00000,25.00000, 13.80000,13.08147,0.00000,13.08147,   0.000,  0.000,  0.000,  0.000,  0,  -178826.7,   0.50326, 0, 
unit_sim,       108.969, 0, 0, 25.00000,25.00000, 13.80000,13.08147,0.00000,13.08147,   0.000,  0.000,  0.000,  0.000,  0,  -178826.7,   0.50326, 0, 
unit_sim,       109.069, 0, 0, 25.00000,25.00000, 13.80000,13.08147,0.00000,13.08147,   0.000,  0.000,  0.000,  0.000,  0,  -178826.7,   0.50326, 0, 
unit_sim,       109.169, 0, 0, 25.00000,25.00000, 13.80000,13.08147,0.00000,13.08147,   0.000,  0.000,  0.000,  0.000,  0,  -178826.7,   0.50326, 0, 
unit_sim,       109.269, 0, 0, 25.00000,25.00000, 13.80000,13.08147,0.00000,13.08147,   0.000,  0.000,  0.000,  0.000,  0,  -178826.7,   0.50326, 0, 
unit_sim,       109.369, 0, 0, 25.00000,25.00000, 13.80000,13.08147,0.00000,13.08147,   0.000,  0.000,  0.000,  0.000,  0,  -178826.7,   0.50326, 0, 
unit_sim,       109.468, 0, 0, 25.00000,25.00000, 13.80000,13.08147,0.00000,13.08147,   0.000,  0.000,  0.000,  0.000,  0,  -178826.7,   0.50326, 0, 
unit_sim,       109.568, 0, 0, 25.00000,25.00000, 13.80000,13.08147,0.00000,13.08147,   0.000,  0.000,  0.000,  0.000,  0,  -178826.7,   0.50326, 0, 
unit_sim,       109.668, 0, 0, 25.00000,25.00000, 13.80000,13.08147,0.00000,13.08147,   0.000,  0.000,  0.000,  0.000,  0,  -178826.7,   0.50326, 0, 
unit_sim,       109.769, 0, 0, 25.00000,25.00000, 13.80000,13.08147,0.00000,13.08147,   0.000,  0.000,  0.000,  0.000,  0,  -178826.7,   0.50326, 0, 
unit_sim,       109.869, 0, 0, 25.00000,25.00000, 13.80000,13.08147,0.00000,13.08147,   0.000,  0.000,  0.000,  0.000,  0,  -178826.7,   0.50326, 0, 
unit_sim,       109.969, 0, 0, 25.00000,25.00000, 13.80000,13.08147,0.00000,13.08147,   0.000,  0.000,  0.000,  0.000,  0,  -178826.7,   0.50326, 0, 
unit_sim,       110.068, 0, 0, 25.00000,25.00000, 13.80000,13.08147,0.00000,13.08147,   0.000,  0.000,  0.000,  0.000,  0,  -178826.7,   0.50326, 0, 
unit_sim,       110.169, 0, 0, 25.00000,25.00000, 13.80000,13.08147,0.00000,13.08147,   0.000,  0.000,  0.000,  0.000,  0,  -178826.7,   0.50326, 0, 
unit_sim,       110.269, 0, 0, 25.00000,25.00000, 13.80000,13.08147,0.00000,13.08147,   0.000,  0.000,  0.000,  0.000,  0,  -178826.7,   0.50326, 0, 
unit_sim,       110.369, 0, 0, 25.00000,25.00000, 13.80000,13.08147,0.00000,13.08147,   0.000,  0.000,  0.000,  0.000,  0,  -178826.7,   0.50326, 0, 
unit_sim,       110.468, 0, 0, 25.00000,25.00000, 13.80000,13.08147,0.00000,13.08147,   0.000,  0.000,  0.000,  0.000,  0,  -178826.7,   0.50326, 0, 
unit_sim,       110.569, 0, 0, 25.00000,25.00000, 13.80000,13.08147,0.00000,13.08147,   0.000,  0.000,  0.000,  0.000,  0,  -178826.7,   0.50326, 0, 
unit_sim,       110.669, 0, 0, 25.00000,25.00000, 13.80000,13.08147,0.00000,13.08147,   0.000,  0.000,  0.000,  0.000,  0,  -178826.7,   0.50326, 0, 
unit_sim,       110.769, 0, 0, 25.00000,25.00000, 13.80000,13.08147,0.00000,13.08147,   0.000,  0.000,  0.000,  0.000,  0,  -178826.7,   0.50326, 0, 
unit_sim,       110.868, 0, 0, 25.00000,25.00000, 13.80000,13.08147,0.00000,13.08147,   0.000,  0.000,  0.000,  0.000,  0,  -178826.7,   0.50326, 0, 
unit_sim,       110.969, 0, 0, 25.00000,25.00000, 13.80000,13.08147,0.00000,13.08147,   0.000,  0.000,  0.000,  0.000,  0,  -178826.7,   0.50326, 0, 
unit_sim,       111.068, 0, 0, 25.00000,25.00000, 13.80000,13.08147,0.00000,13.08147,   0.000,  0.000,  0.000,  0.000,  0,  -178826.7,   0.50326, 0, 
unit_sim,       111.168, 0, 0, 25.00000,25.00000, 13.80000,13.08147,0.00000,13.08147,   0.000,  0.000,  0.000,  0.000,  0,  -178826.7,   0.50326, 0, 
unit_sim,       111.269, 0, 0, 25.00000,25.00000, 13.80000,13.08147,0.00000,13.08147,   0.000,  0.000,  0.000,  0.000,  0,  -178826.7,   0.50326, 0, 
unit_sim,       111.369, 0, 0, 25.00000,25.00000, 13.80000,13.08147,0.00000,13.08147,   0.000,  0.000,  0.000,  0.000,  0,  -178826.7,   0.50326, 0, 
unit_sim,       111.469, 0, 0, 25.00000,25.00000, 13.80000,13.08147,0.00000,13.08147,   0.000,  0.000,  0.000,  0.000,  0,  -178826.7,   0.50326, 0, 
unit_sim,       111.568, 0, 0, 25.00000,25.00000, 13.80000,13.08147,0.00000,13.08147,   0.000,  0.000,  0.000,  0.000,  0,  -178826.7,   0.50326, 0, 
unit_sim,       111.668, 0, 0, 25.00000,25.00000, 13.80000,13.08147,0.00000,13.08147,   0.000,  0.000,  0.000,  0.000,  0,  -178826.7,   0.50326, 0, 
unit_sim,       111.768, 0, 0, 25.00000,25.00000, 13.80000,13.08147,0.00000,13.08147,   0.000,  0.000,  0.000,  0.000,  0,  -178826.7,   0.50326, 0, 
unit_sim,       111.868, 0, 0, 25.00000,25.00000, 13.80000,13.08147,0.00000,13.08147,   0.000,  0.000,  0.000,  0.000,  0,  -178826.7,   0.50326, 0, 
unit_sim,       111.968, 0, 0, 25.00000,25.00000, 13.80000,13.08147,0.00000,13.08147,   0.000,  0.000,  0.000,  0.000,  0,  -178826.7,   0.50326, 0, 
unit_sim,       112.068, 0, 0, 25.00000,25.00000, 13.80000,13.08147,0.00000,13.08147,   0.000,  0.000,  0.000,  0.000,  0,  -178826.7,   0.50326, 0, 
unit_sim,       112.168, 0, 0, 25.00000,25.00000, 13.80000,13.08147,0.00000,13.08147,   0.000,  0.000,  0.000,  0.000,  0,  -178826.7,   0.50326, 0, 
unit_sim,       112.268, 0, 0, 25.00000,25.00000, 13.80000,13.08147,0.00000,13.08147,   0.000,  0.000,  0.000,  0.000,  0,  -178826.7,   0.50326, 0, 
unit_sim,       112.368, 0, 0, 25.00000,25.00000, 13.80000,13.08147,0.00000,13.08147,   0.000,  0.000,  0.000,  0.000,  0,  -178826.7,   0.50326, 0, 
unit_sim,       112.469, 0, 0, 25.00000,25.00000, 13.80000,13.08147,0.00000,13.08147,   0.000,  0.000,  0.000,  0.000,  0,  -178826.7,   0.50326, 0, 
unit_sim,       112.569, 0, 0, 25.00000,25.00000, 13.80000,13.08147,0.00000,13.08147,   0.000,  0.000,  0.000,  0.000,  0,  -178826.7,   0.50326, 0, 
unit_sim,       112.668, 0, 0, 25.00000,25.00000, 13.80000,13.08147,0.00000,13.08147,   0.000,  0.000,  0.000,  0.000,  0,  -178826.7,   0.50326, 0, 
unit_sim,       112.768, 0, 0, 25.00000,25.00000, 13.80000,13.08147,0.00000,13.08147,   0.000,  0.000,  0.000,  0.000,  0,  -178826.7,   0.50326, 0, 
unit_sim,       112.869, 0, 0, 25.00000,25.00000, 13.80000,13.08147,0.00000,13.08147,   0.000,  0.000,  0.000,  0.000,  0,  -178826.7,   0.50326, 0, 
unit_sim,       112.969, 0, 0, 25.00000,25.00000, 13.80000,13.08147,0.00000,13.08147,   0.000,  0.000,  0.000,  0.000,  0,  -178826.7,   0.50326, 0, 
unit_sim,       113.068, 0, 0, 25.00000,25.00000, 13.80000,13.08147,0.00000,13.08147,   0.000,  0.000,  0.000,  0.000,  0,  -178826.7,   0.50326, 0, 
unit_sim,       113.168, 0, 0, 25.00000,25.00000, 13.80000,13.08147,0.00000,13.08147,   0.000,  0.000,  0.000,  0.000,  0,  -178826.7,   0.50326, 0, 
unit_sim,       113.269, 0, 0, 25.00000,25.00000, 13.80000,13.08147,0.00000,13.08147,   0.000,  0.000,  0.000,  0.000,  0,  -178826.7,   0.50326, 0, 
unit_sim,       113.369, 0, 0, 25.00000,25.00000, 13.80000,13.08147,0.00000,13.08147,   0.000,  0.000,  0.000,  0.000,  0,  -178826.7,   0.50326, 0, 
unit_sim,       113.468, 0, 0, 25.00000,25.00000, 13.80000,13.08147,0.00000,13.08147,   0.000,  0.000,  0.000,  0.000,  0,  -178826.7,   0.50326, 0, 
unit_sim,       113.569, 0, 0, 25.00000,25.00000, 13.80000,13.08147,0.00000,13.08147,   0.000,  0.000,  0.000,  0.000,  0,  -178826.7,   0.50326, 0, 
unit_sim,       113.668, 0, 0, 25.00000,25.00000, 13.80000,13.08147,0.00000,13.08147,   0.000,  0.000,  0.000,  0.000,  0,  -178826.7,   0.50326, 0, 
unit_sim,       113.769, 0, 0, 25.00000,25.00000, 13.80000,13.08147,0.00000,13.08147,   0.000,  0.000,  0.000,  0.000,  0,  -178826.7,   0.50326, 0, 
unit_sim,       113.869, 0, 0, 25.00000,25.00000, 13.80000,13.08147,0.00000,13.08147,   0.000,  0.000,  0.000,  0.000,  0,  -178826.7,   0.50326, 0, 
unit_sim,       113.969, 0, 0, 25.00000,25.00000, 13.80000,13.08147,0.00000,13.08147,   0.000,  0.000,  0.000,  0.000,  0,  -178826.7,   0.50326, 0, 
unit_sim,       114.069, 0, 0, 25.00000,25.00000, 13.80000,13.08147,0.00000,13.08147,   0.000,  0.000,  0.000,  0.000,  0,  -178826.7,   0.50326, 0, 
unit_sim,       114.169, 0, 0, 25.00000,25.00000, 13.80000,13.08147,0.00000,13.08147,   0.000,  0.000,  0.000,  0.000,  0,  -178826.7,   0.50326, 0, 
unit_sim,       114.268, 0, 0, 25.00000,25.00000, 13.80000,13.08147,0.00000,13.08147,   0.000,  0.000,  0.000,  0.000,  0,  -178826.7,   0.50326, 0, 
unit_sim,       114.369, 0, 0, 25.00000,25.00000, 13.80000,13.08147,0.00000,13.08147,   0.000,  0.000,  0.000,  0.000,  0,  -178826.7,   0.50326, 0, 
unit_sim,       114.469, 0, 0, 25.00000,25.00000, 13.80000,13.08147,0.00000,13.08147,   0.000,  0.000,  0.000,  0.000,  0,  -178826.7,   0.50326, 0, 
unit_sim,       114.569, 0, 0, 25.00000,25.00000, 13.80000,13.08147,0.00000,13.08147,   0.000,  0.000,  0.000,  0.000,  0,  -178826.7,   0.50326, 0, 
unit_sim,       114.668, 0, 0, 25.00000,25.00000, 13.80000,13.08147,0.00000,13.08147,   0.000,  0.000,  0.000,  0.000,  0,  -178826.7,   0.50326, 0, 
unit_sim,       114.769, 0, 0, 25.00000,25.00000, 13.80000,13.08147,0.00000,13.08147,   0.000,  0.000,  0.000,  0.000,  0,  -178826.7,   0.50326, 0, 
unit_sim,       114.869, 0, 0, 25.00000,25.00000, 13.80000,13.08147,0.00000,13.08147,   0.000,  0.000,  0.000,  0.000,  0,  -178826.7,   0.50326, 0, 
unit_sim,       114.969, 0, 0, 25.00000,25.00000, 13.80000,13.08147,0.00000,13.08147,   0.000,  0.000,  0.000,  0.000,  0,  -178826.7,   0.50326, 0, 
unit_sim,       115.069, 0, 0, 25.00000,25.00000, 13.80000,13.08147,0.00000,13.08147,   0.000,  0.000,  0.000,  0.000,  0,  -178826.7,   0.50326, 0, 
unit_sim,       115.169, 0, 0, 25.00000,25.00000, 13.80000,13.08147,0.00000,13.08147,   0.000,  0.000,  0.000,  0.000,  0,  -178826.7,   0.50326, 0, 
unit_sim,       115.269, 0, 0, 25.00000,25.00000, 13.80000,13.08147,0.00000,13.08147,   0.000,  0.000,  0.000,  0.000,  0,  -178826.7,   0.50326, 0, 
unit_sim,       115.369, 0, 0, 25.00000,25.00000, 13.80000,13.08147,0.00000,13.08147,   0.000,  0.000,  0.000,  0.000,  0,  -178826.7,   0.50326, 0, 
unit_sim,       115.468, 0, 0, 25.00000,25.00000, 13.80000,13.08147,0.00000,13.08147,   0.000,  0.000,  0.000,  0.000,  0,  -178826.7,   0.50326, 0, 
unit_sim,       115.569, 0, 0, 25.00000,25.00000, 13.80000,13.08147,0.00000,13.08147,   0.000,  0.000,  0.000,  0.000,  0,  -178826.7,   0.50326, 0, 
unit_sim,       115.669, 0, 0, 25.00000,25.00000, 13.80000,13.08147,0.00000,13.08147,   0.000,  0.000,  0.000,  0.000,  0,  -178826.7,   0.50326, 0, 
unit_sim,       115.768, 0, 0, 25.00000,25.00000, 13.80000,13.08147,0.00000,13.08147,   0.000,  0.000,  0.000,  0.000,  0,  -178826.7,   0.50326, 0, 
unit_sim,       115.869, 0, 0, 25.00000,25.00000, 13.80000,13.08147,0.00000,13.08147,   0.000,  0.000,  0.000,  0.000,  0,  -178826.7,   0.50326, 0, 
unit_sim,       115.968, 0, 0, 25.00000,25.00000, 13.80000,13.08147,0.00000,13.08147,   0.000,  0.000,  0.000,  0.000,  0,  -178826.7,   0.50326, 0, 
unit_sim,       116.069, 0, 0, 25.00000,25.00000, 13.80000,13.08147,0.00000,13.08147,   0.000,  0.000,  0.000,  0.000,  0,  -178826.7,   0.50326, 0, 
unit_sim,       116.168, 0, 0, 25.00000,25.00000, 13.80000,13.08147,0.00000,13.08147,   0.000,  0.000,  0.000,  0.000,  0,  -178826.7,   0.50326, 0, 
unit_sim,       116.269, 0, 0, 25.00000,25.00000, 13.80000,13.08147,0.00000,13.08147,   0.000,  0.000,  0.000,  0.000,  0,  -178826.7,   0.50326, 0, 
unit_sim,       116.369, 0, 0, 25.00000,25.00000, 13.80000,13.08147,0.00000,13.08147,   0.000,  0.000,  0.000,  0.000,  0,  -178826.7,   0.50326, 0, 
unit_sim,       116.469, 0, 0, 25.00000,25.00000, 13.80000,13.08147,0.00000,13.08147,   0.000,  0.000,  0.000,  0.000,  0,  -178826.7,   0.50326, 0, 
unit_sim,       116.568, 0, 0, 25.00000,25.00000, 13.80000,13.08147,0.00000,13.08147,   0.000,  0.000,  0.000,  0.000,  0,  -178826.7,   0.50326, 0, 
unit_sim,       116.668, 0, 0, 25.00000,25.00000, 13.80000,13.08147,0.00000,13.08147,   0.000,  0.000,  0.000,  0.000,  0,  -178826.7,   0.50326, 0, 
unit_sim,       116.769, 0, 0, 25.00000,25.00000, 13.80000,13.08147,0.00000,13.08147,   0.000,  0.000,  0.000,  0.000,  0,  -178826.7,   0.50326, 0, 
unit_sim,       116.868, 0, 0, 25.00000,25.00000, 13.80000,13.08147,0.00000,13.08147,   0.000,  0.000,  0.000,  0.000,  0,  -178826.7,   0.50326, 0, 
unit_sim,       116.969, 0, 0, 25.00000,25.00000, 13.80000,13.08147,0.00000,13.08147,   0.000,  0.000,  0.000,  0.000,  0,  -178826.7,   0.50326, 0, 
unit_sim,       117.069, 0, 0, 25.00000,25.00000, 13.80000,13.08147,0.00000,13.08147,   0.000,  0.000,  0.000,  0.000,  0,  -178826.7,   0.50326, 0, 
unit_sim,       117.168, 0, 0, 25.00000,25.00000, 13.80000,13.08147,0.00000,13.08147,   0.000,  0.000,  0.000,  0.000,  0,  -178826.7,   0.50326, 0, 
unit_sim,       117.268, 0, 0, 25.00000,25.00000, 13.80000,13.08147,0.00000,13.08147,   0.000,  0.000,  0.000,  0.000,  0,  -178826.7,   0.50326, 0, 
unit_sim,       117.369, 0, 0, 25.00000,25.00000, 13.80000,13.08147,0.00000,13.08147,   0.000,  0.000,  0.000,  0.000,  0,  -178826.7,   0.50326, 0, 
unit_sim,       117.468, 0, 0, 25.00000,25.00000, 13.80000,13.08147,0.00000,13.08147,   0.000,  0.000,  0.000,  0.000,  0,  -178826.7,   0.50326, 0, 
unit_sim,       117.569, 0, 0, 25.00000,25.00000, 13.80000,13.08147,0.00000,13.08147,   0.000,  0.000,  0.000,  0.000,  0,  -178826.7,   0.50326, 0, 
unit_sim,       117.669, 0, 0, 25.00000,25.00000, 13.80000,13.08147,0.00000,13.08147,   0.000,  0.000,  0.000,  0.000,  0,  -178826.7,   0.50326, 0, 
unit_sim,       117.769, 0, 0, 25.00000,25.00000, 13.80000,13.08147,0.00000,13.08147,   0.000,  0.000,  0.000,  0.000,  0,  -178826.7,   0.50326, 0, 
unit_sim,       117.868, 0, 0, 25.00000,25.00000, 13.80000,13.08147,0.00000,13.08147,   0.000,  0.000,  0.000,  0.000,  0,  -178826.7,   0.50326, 0, 
unit_sim,       117.969, 0, 0, 25.00000,25.00000, 13.80000,13.08147,0.00000,13.08147,   0.000,  0.000,  0.000,  0.000,  0,  -178826.7,   0.50326, 0, 
unit_sim,       118.079, 0, 0, 25.00000,25.00000, 13.80000,13.08147,0.00000,13.08147,   0.000,  0.000,  0.000,  0.000,  0,  -178826.7,   0.50326, 0, 
unit_sim,       118.168, 0, 0, 25.00000,25.00000, 13.80000,13.08147,0.00000,13.08147,   0.000,  0.000,  0.000,  0.000,  0,  -178826.7,   0.50326, 0, 
