unit_s,c_time,res,user_sel,   cc_dif,  ibmh,ibnh,ibmm,ibnm,ibm,   ib_diff, ib_diff_f,    voc_soc,e_w,e_w_f,  ib_sel,Ib_h,Ib_s,mib,Ib, vb_sel,Vb_h,Vb_s,mvb,Vb,  Tb_h,Tb_s,mtb,Tb_f,   fltw, falw, ib_rate, ib_quiet, tb_sel, ccd_thr, ewh_thr, ewl_thr, ibd_thr, ibq_thr,
unit_sel, 58216499.861, 0, 0,   0.0000399,  0.00000,0.00000,0.00000,0.00000,0.00000,  0.00000,0.00000,   13.08000,-0.17700,-0.17805,  1, 0.00000,0.00000, 1, 0.00000,  1, 13.49940,13.08000, 1, 13.08000,   0.00,25.00, 1, 25.00, 0, 0,   0.000,   0.000, 1,   0.200,  0.394, -0.394, 10.000,  0.005,
unit_sel, 58216500.261, 0, 0,   0.0000407,  0.00000,0.00000,0.00000,0.00000,0.00000,  0.00000,0.00000,   13.08000,-0.17679,-0.17784,  1, 0.00000,0.00000, 1, 0.00000,  1, 13.50371,13.08000, 1, 13.08000,   0.00,25.00, 1, 25.00, 0, 0,   0.000,   0.000, 1,   0.200,  0.394, -0.394, 10.000,  0.005,
unit_sel, 58216500.661, 0, 0,   0.0000414,  0.00000,0.00000,0.00000,0.00000,0.00000,  0.00000,0.00000,   13.08000,-0.17657,-0.17762,  1, 0.00000,0.00000, 1, 0.00000,  1, 13.49510,13.08000, 1, 13.08000,   0.00,25.00, 1, 25.00, 0, 0,   0.000,   0.000, 1,   0.200,  0.394, -0.394, 10.000,  0.005,
unit_sel, 58216501.061, 0, 0,   0.0000421,  0.00000,0.00000,0.00000,0.00000,0.00000,  0.00000,0.00000,   13.08000,-0.17636,-0.17741,  1, 0.00000,0.00000, 1, 0.00000,  1, 13.49510,13.08000, 1, 13.08000,   0.00,25.00, 1, 25.00, 0, 0,   0.000,   0.000, 1,   0.200,  0.394, -0.394, 10.000,  0.005,
unit_sel, 58216501.462, 0, 0,   0.0000428,  0.00000,0.00000,0.00000,0.00000,0.00000,  0.00000,0.00000,   13.08000,-0.17615,-0.17719,  1, 0.00000,0.00000, 1, 0.00000,  1, 13.49510,13.08000, 1, 13.08000,   0.00,25.00, 1, 25.00, 0, 0,   0.000,   0.000, 1,   0.200,  0.394, -0.394, 10.000,  0.005,
unit_sel, 58216501.861, 0, 0,   0.0000436,  0.00000,0.00000,0.00000,0.00000,0.00000,  0.00000,0.00000,   13.08000,-0.17593,-0.17698,  1, 0.00000,0.00000, 1, 0.00000,  1, 13.50371,13.08000, 1, 13.08000,   0.00,25.00, 1, 25.00, 0, 0,   0.000,   0.000, 1,   0.200,  0.394, -0.394, 10.000,  0.005,
unit_sel, 58216502.261, 0, 0,   0.0000443,  0.00000,0.00000,0.00000,0.00000,0.00000,  0.00000,0.00000,   13.08000,-0.17572,-0.17676,  1, 0.00000,0.00000, 1, 0.00000,  1, 13.50371,13.08000, 1, 13.08000,   0.00,25.00, 1, 25.00, 0, 0,   0.000,   0.000, 1,   0.200,  0.394, -0.394, 10.000,  0.005,
unit_sel, 58216502.662, 0, 0,   0.0000451,  0.00000,0.00000,0.00000,0.00000,0.00000,  0.00000,0.00000,   13.08000,-0.17551,-0.17655,  1, 0.00000,0.00000, 1, 0.00000,  1, 13.50371,13.08000, 1, 13.08000,   0.00,25.00, 1, 25.00, 0, 0,   0.000,   0.000, 1,   0.200,  0.394, -0.394, 10.000,  0.005,
unit_sel, 58216503.061, 0, 0,   0.0000459,  0.00000,0.00000,0.00000,0.00000,0.00000,  0.00000,0.00000,   13.08000,-0.17529,-0.17633,  1, 0.00000,0.00000, 1, 0.00000,  1, 13.49940,13.08000, 1, 13.08000,   0.00,25.00, 1, 25.00, 0, 0,   0.000,   0.000, 1,   0.200,  0.394, -0.394, 10.000,  0.005,
unit_sel, 58216503.461, 0, 0,   0.0000466,  0.00000,0.00000,0.00000,0.00000,0.00000,  0.00000,0.00000,   13.08000,-0.17508,-0.17612,  1, 0.00000,0.00000, 1, 0.00000,  1, 13.49940,13.08000, 1, 13.08000,   0.00,25.00, 1, 25.00, 0, 0,   0.000,   0.000, 1,   0.200,  0.394, -0.394, 10.000,  0.005,
unit_sel, 58216503.861, 0, 0,   0.0000474,  0.00000,0.00000,0.00000,0.00000,0.00000,  0.00000,0.00000,   13.08000,-0.17487,-0.17591,  1, 0.00000,0.00000, 1, 0.00000,  1, 13.49510,13.08000, 1, 13.08000,   0.00,25.00, 1, 25.00, 0, 0,   0.000,   0.000, 1,   0.200,  0.394, -0.394, 10.000,  0.005,
unit_sel, 58216504.261, 0, 0,   0.0000482,  0.00000,0.00000,0.00000,0.00000,0.00000,  0.00000,0.00000,   13.08000,-0.17466,-0.17570,  1, 0.00000,0.00000, 1, 0.00000,  1, 13.49940,13.08000, 1, 13.08000,   0.00,25.00, 1, 25.00, 0, 0,   0.000,   0.000, 1,   0.200,  0.394, -0.394, 10.000,  0.005,
unit_sel, 58216504.661, 0, 0,   0.0000490,  0.00000,0.00000,0.00000,0.00000,0.00000,  0.00000,0.00000,   13.08000,-0.17445,-0.17548,  1, 0.00000,0.00000, 1, 0.00000,  1, 13.49940,13.08000, 1, 13.08000,   0.00,25.00, 1, 25.00, 0, 0,   0.000,   0.000, 1,   0.200,  0.394, -0.394, 10.000,  0.005,
unit_sel, 58216505.061, 0, 0,   0.0000498,  0.00000,0.00000,0.00000,0.00000,0.00000,  0.00000,0.00000,   13.08000,-0.17423,-0.17527,  1, 0.00000,0.00000, 1, 0.00000,  1, 13.50371,13.08000, 1, 13.08000,   0.00,25.00, 1, 25.00, 0, 0,   0.000,   0.000, 1,   0.200,  0.394, -0.394, 10.000,  0.005,
unit_sel, 58216505.461, 0, 0,   0.0000506,  0.00000,0.00000,0.00000,0.00000,0.00000,  0.00000,0.00000,   13.08000,-0.17402,-0.17506,  1, 0.00000,0.00000, 1, 0.00000,  1, 13.49510,13.08000, 1, 13.08000,   0.00,25.00, 1, 25.00, 0, 0,   0.000,   0.000, 1,   0.200,  0.394, -0.394, 10.000,  0.005,
unit_sel, 58216505.861, 0, 0,   0.0000514,  0.00000,0.00000,0.00000,0.00000,0.00000,  0.00000,0.00000,   13.08000,-0.17381,-0.17485,  1, 0.00000,0.00000, 1, 0.00000,  1, 13.49940,13.08000, 1, 13.08000,   0.00,25.00, 1, 25.00, 0, 0,   0.000,   0.000, 1,   0.200,  0.394, -0.394, 10.000,  0.005,
unit_sel, 58216506.261, 0, 0,   0.0000522,  0.00000,0.00000,0.00000,0.00000,0.00000,  0.00000,0.00000,   13.08000,-0.17360,-0.17463,  1, 0.00000,0.00000, 1, 0.00000,  1, 13.49510,13.08000, 1, 13.08000,   0.00,25.00, 1, 25.00, 0, 0,   0.000,   0.000, 1,   0.200,  0.394, -0.394, 10.000,  0.005,
unit_sel, 58216506.661, 0, 0,   0.0000530,  0.00000,0.00000,0.00000,0.00000,0.00000,  0.00000,0.00000,   13.08000,-0.17339,-0.17442,  1, 0.00000,0.00000, 1, 0.00000,  1, 13.50371,13.08000, 1, 13.08000,   0.00,25.00, 1, 25.00, 0, 0,   0.000,   0.000, 1,   0.200,  0.394, -0.394, 10.000,  0.005,
unit_sel, 58216507.061, 0, 0,   0.0000538,  0.00000,0.00000,0.00000,0.00000,0.00000,  0.00000,0.00000,   13.08000,-0.17318,-0.17421,  1, 0.00000,0.00000, 1, 0.00000,  1, 13.49940,13.08000, 1, 13.08000,   0.00,25.00, 1, 25.00, 0, 0,   0.000,   0.000, 1,   0.200,  0.394, -0.394, 10.000,  0.005,
unit_sel, 58216507.461, 0, 0,   0.0000547,  0.00000,0.00000,0.00000,0.00000,0.00000,  0.00000,0.00000,   13.08000,-0.17297,-0.17400,  1, 0.00000,0.00000, 1, 0.00000,  1, 13.50371,13.08000, 1, 13.08000,   0.00,25.00, 1, 25.00, 0, 0,   0.000,   0.000, 1,   0.200,  0.394, -0.394, 10.000,  0.005,
unit_sel, 58216507.861, 0, 0,   0.0000555,  0.00000,0.00000,0.00000,0.00000,0.00000,  0.00000,0.00000,   13.08000,-0.17276,-0.17379,  1, 0.00000,0.00000, 1, 0.00000,  1, 13.50371,13.08000, 1, 13.08000,   0.00,25.00, 1, 25.00, 0, 0,   0.000,   0.000, 1,   0.200,  0.394, -0.394, 10.000,  0.005,
unit_sel, 58216508.261, 0, 0,   0.0000563,  0.00000,0.00000,0.00000,0.00000,0.00000,  0.00000,0.00000,   13.08000,-0.17255,-0.17358,  1, 0.00000,0.00000, 1, 0.00000,  1, 13.49940,13.08000, 1, 13.08000,   0.00,25.00, 1, 25.00, 0, 0,   0.000,   0.000, 1,   0.200,  0.394, -0.394, 10.000,  0.005,
unit_sel, 58216508.661, 0, 0,   0.0000572,  0.00000,0.00000,0.00000,0.00000,0.00000,  0.00000,0.00000,   13.08000,-0.17234,-0.17337,  1, 0.00000,0.00000, 1, 0.00000,  1, 13.49079,13.08000, 1, 13.08000,   0.00,25.00, 1, 25.00, 0, 0,   0.000,   0.000, 1,   0.200,  0.394, -0.394, 10.000,  0.005,
unit_sel, 58216508.964, 1, 0,  -0.4999467,  0.00000,0.00000,0.00000,0.00000,0.00000,  0.00000,0.00000,   13.08000,-0.17213,-0.17213,  1, 0.00000,0.00000, 1, 0.00000,  1, 13.51663,14.50000, 1, 14.50000,   0.00,25.00, 1, 25.00, 0, 16,   0.000,   0.000, 1,   0.200,393.600,-393.600, 10.000,  0.005,
unit_sel, 58216509.363, 0, 0,  -0.0000010,  0.00000,0.00000,0.00000,0.00000,0.00000,  0.00000,0.00000,   14.50000,-0.00000,-0.20054,  1, 0.00000,0.00000, 1, 0.00000,  1, 13.51663,14.30000, 1, 14.30000,   0.00,25.00, 1, 25.00, 0, 0,   0.000,   0.000, 1,   0.200,393.600,-393.600, 10.000,  0.005,
unit_sel, 58216509.763, 0, 0,  -0.0000010,  0.00000,0.00000,0.00000,0.00000,0.00000,  0.00000,0.00000,   14.50000,-0.00000,-0.16418,  1, 0.00000,0.00000, 1, 0.00000,  1, 13.52093,14.30000, 1, 14.30000,   0.00,25.00, 1, 25.00, 0, 0,   0.000,   0.000, 1,   0.200,393.600,-393.600, 10.000,  0.005,
unit_sel, 58216510.163, 0, 0,  -0.0000010,  0.00000,0.00000,0.00000,0.00000,0.00000,  0.00000,0.00000,   14.50000,-0.00000,-0.13442,  1, 0.00000,0.00000, 1, 0.00000,  1, 13.51663,14.30000, 1, 14.30000,   0.00,25.00, 1, 25.00, 0, 0,   0.000,   0.000, 1,   0.200,393.600,-393.600, 10.000,  0.005,
unit_sel, 58216510.563, 0, 0,  -0.0000010,  0.00000,0.00000,0.00000,0.00000,0.00000,  0.00000,0.00000,   14.50000,-0.00000,-0.11005,  1, 0.00000,0.00000, 1, 0.00000,  1, 13.51663,14.30000, 1, 14.30000,   0.00,25.00, 1, 25.00, 0, 0,   0.000,   0.000, 1,   0.200,393.600,-393.600, 10.000,  0.005,
unit_sel, 58216510.963, 0, 0,  -0.0000010,  0.00000,0.00000,0.00000,0.00000,0.00000,  0.00000,0.00000,   14.50000,-0.00000,-0.09009,  1, 0.00000,0.00000, 1, 0.00000,  1, 13.52093,14.30000, 1, 14.30000,   0.00,25.00, 1, 25.00, 0, 0,   0.000,   0.000, 1,   0.200,393.600,-393.600, 10.000,  0.005,
unit_sel, 58216511.364, 0, 0,  -0.0000010,  0.00000,0.00000,0.00000,0.00000,0.00000,  0.00000,0.00000,   14.50000,-0.00000,-0.07376,  1, 0.00000,0.00000, 1, 0.00000,  1, 13.49940,14.30000, 1, 14.30000,   0.00,25.00, 1, 25.00, 0, 0,   0.000,   0.000, 1,   0.200,393.600,-393.600, 10.000,  0.005,
unit_sel, 58216511.763, 0, 0,  -0.0000010,  0.00000,0.00000,0.00000,0.00000,0.00000,  0.00000,0.00000,   14.50000,-0.00000,-0.06039,  1, 0.00000,0.00000, 1, 0.00000,  1, 13.49940,14.30000, 1, 14.30000,   0.00,25.00, 1, 25.00, 0, 0,   0.000,   0.000, 1,   0.200,393.600,-393.600, 10.000,  0.005,
unit_sel, 58216512.163, 0, 0,  -0.0000010,  0.00000,0.00000,0.00000,0.00000,0.00000,  0.00000,0.00000,   14.50000,-0.00000,-0.04944,  1, 0.00000,0.00000, 1, 0.00000,  1, 13.50371,14.30000, 1, 14.30000,   0.00,25.00, 1, 25.00, 0, 0,   0.000,   0.000, 1,   0.200,393.600,-393.600, 10.000,  0.005,
unit_sel, 58216512.563, 0, 0,  -0.0000010,  0.00000,0.00000,0.00000,0.00000,0.00000,  0.00000,0.00000,   14.50000,-0.00000,-0.04048,  1, 0.00000,0.00000, 1, 0.00000,  1, 13.51232,14.30000, 1, 14.30000,   0.00,25.00, 1, 25.00, 0, 0,   0.000,   0.000, 1,   0.200,393.600,-393.600, 10.000,  0.005,
unit_sel, 58216512.963, 0, 0,  -0.0000010,  0.00000,0.00000,0.00000,0.00000,0.00000,  0.00000,0.00000,   14.50000,-0.00000,-0.03314,  1, 0.00000,0.00000, 1, 0.00000,  1, 13.52093,14.30000, 1, 14.30000,   0.00,25.00, 1, 25.00, 0, 0,   0.000,   0.000, 1,   0.200,393.600,-393.600, 10.000,  0.005,
unit_sel, 58216513.363, 0, 0,  -0.0000010,  0.00000,0.00000,0.00000,0.00000,0.00000,  0.00000,0.00000,   14.50000,-0.00000,-0.02713,  1, 0.00000,0.00000, 1, 0.00000,  1, 13.52093,14.30000, 1, 14.30000,   0.00,25.00, 1, 25.00, 0, 0,   0.000,   0.000, 1,   0.200,393.600,-393.600, 10.000,  0.005,
unit_sel, 58216513.763, 0, 0,  -0.0000010,  0.00000,0.00000,0.00000,0.00000,0.00000,  0.00000,0.00000,   14.50000,-0.00000,-0.02221,  1, 0.00000,0.00000, 1, 0.00000,  1, 13.51663,14.30000, 1, 14.30000,   0.00,25.00, 1, 25.00, 0, 0,   0.000,   0.000, 1,   0.200,393.600,-393.600, 10.000,  0.005,
unit_sel, 58216514.163, 0, 0,  -0.0000010,  0.00000,0.00000,0.00000,0.00000,0.00000,  0.00000,0.00000,   14.50000,-0.00000,-0.01818,  1, 0.00000,0.00000, 1, 0.00000,  1, 13.51663,14.30000, 1, 14.30000,   0.00,25.00, 1, 25.00, 0, 0,   0.000,   0.000, 1,   0.200,393.600,-393.600, 10.000,  0.005,
unit_sel, 58216514.563, 0, 0,  -0.0000009,  0.00000,0.00000,0.00000,0.00000,0.00000,  0.00000,0.00000,   14.50000,-0.00000,-0.01489,  1, 0.00000,0.00000, 1, 0.00000,  1, 13.51663,14.30000, 1, 14.30000,   0.00,25.00, 1, 25.00, 0, 0,   0.000,   0.000, 1,   0.200,393.600,-393.600, 10.000,  0.005,
unit_sel, 58216514.963, 0, 0,  -0.0000009,  0.00000,0.00000,0.00000,0.00000,0.00000,  0.00000,0.00000,   14.50000,-0.00000,-0.01219,  1, 0.00000,0.00000, 1, 0.00000,  1, 13.51663,14.30000, 1, 14.30000,   0.00,25.00, 1, 25.00, 0, 0,   0.000,   0.000, 1,   0.200,393.600,-393.600, 10.000,  0.005,
unit_sel, 58216515.363, 0, 0,  -0.0000009,  0.00000,0.00000,0.00000,0.00000,0.00000,  0.00000,0.00000,   14.50000,-0.00000,-0.00998,  1, 0.00000,0.00000, 1, 0.00000,  1, 13.49940,14.30000, 1, 14.30000,   0.00,25.00, 1, 25.00, 0, 0,   0.000,   0.000, 1,   0.200,393.600,-393.600, 10.000,  0.005,
unit_sel, 58216515.763, 0, 0,  -0.0000009,  0.00000,0.00000,0.00000,0.00000,0.00000,  0.00000,0.00000,   14.50000,-0.00000,-0.00817,  1, 0.00000,0.00000, 1, 0.00000,  1, 13.49940,14.30000, 1, 14.30000,   0.00,25.00, 1, 25.00, 0, 0,   0.000,   0.000, 1,   0.200,393.600,-393.600, 10.000,  0.005,
unit_sel, 58216516.163, 0, 0,  -0.0000009,  0.00000,0.00000,0.00000,0.00000,0.00000,  0.00000,0.00000,   14.50000,-0.00000,-0.00669,  1, 0.00000,0.00000, 1, 0.00000,  1, 13.51663,14.30000, 1, 14.30000,   0.00,25.00, 1, 25.00, 0, 0,   0.000,   0.000, 1,   0.200,393.600,-393.600, 10.000,  0.005,
unit_sel, 58216516.563, 0, 0,  -0.0000008,  0.00000,0.00000,0.00000,0.00000,0.00000,  0.00000,0.00000,   14.50000,-0.00000,-0.00548,  1, 0.00000,0.00000, 1, 0.00000,  1, 13.51663,14.30000, 1, 14.30000,   0.00,25.00, 1, 25.00, 0, 0,   0.000,   0.000, 1,   0.200,393.600,-393.600, 10.000,  0.005,
unit_sel, 58216516.963, 0, 0,  -0.0000008,  0.00000,0.00000,0.00000,0.00000,0.00000,  0.00000,0.00000,   14.50000,-0.00000,-0.00448,  1, 0.00000,0.00000, 1, 0.00000,  1, 13.50801,14.30000, 1, 14.30000,   0.00,25.00, 1, 25.00, 0, 0,   0.000,   0.000, 1,   0.200,393.600,-393.600, 10.000,  0.005,
unit_sel, 58216517.363, 0, 0,  -0.0000008,  0.00000,0.00000,0.00000,0.00000,0.00000,  0.00000,0.00000,   14.50000,-0.00000,-0.00367,  1, 0.00000,0.00000, 1, 0.00000,  1, 13.51663,14.30000, 1, 14.30000,   0.00,25.00, 1, 25.00, 0, 0,   0.000,   0.000, 1,   0.200,393.600,-393.600, 10.000,  0.005,
unit_sel, 58216517.763, 0, 0,  -0.0000008,  0.00000,0.00000,0.00000,0.00000,0.00000,  0.00000,0.00000,   14.50000,-0.00000,-0.00300,  1, 0.00000,0.00000, 1, 0.00000,  1, 13.52524,14.30000, 1, 14.30000,   0.00,25.00, 1, 25.00, 0, 0,   0.000,   0.000, 1,   0.200,393.600,-393.600, 10.000,  0.005,
unit_sel, 58216518.163, 0, 0,  -0.0000007,  0.00000,0.00000,0.00000,0.00000,0.00000,  0.00000,0.00000,   14.50000,-0.00000,-0.00246,  1, 0.00000,0.00000, 1, 0.00000,  1, 13.51663,14.30000, 1, 14.30000,   0.00,25.00, 1, 25.00, 0, 0,   0.000,   0.000, 1,   0.200,393.600,-393.600, 10.000,  0.005,
unit_sel, 58216518.563, 0, 0,  -0.0000007,  0.00000,0.00000,0.00000,0.00000,0.00000,  0.00000,0.00000,   14.50000,-0.00000,-0.00201,  1, 0.00000,0.00000, 1, 0.00000,  1, 13.51232,14.30000, 1, 14.30000,   0.00,25.00, 1, 25.00, 0, 0,   0.000,   0.000, 1,   0.200,393.600,-393.600, 10.000,  0.005,
unit_sel, 58216518.963, 0, 0,  -0.0000007,  0.00000,0.00000,0.00000,0.00000,0.00000,  0.00000,0.00000,   14.50000,-0.00000,-0.00165,  1, 0.00000,0.00000, 1, 0.00000,  1, 13.51663,14.30000, 1, 14.30000,   0.00,25.00, 1, 25.00, 0, 0,   0.000,   0.000, 1,   0.200,393.600,-393.600, 10.000,  0.005,
unit_sel, 58216519.363, 0, 0,  -0.0000007,  0.00000,0.00000,0.00000,0.00000,0.00000,  0.00000,0.00000,   14.50000,-0.00000,-0.00135,  1, 0.00000,0.00000, 1, 0.00000,  1, 13.49510,14.30000, 1, 14.30000,   0.00,25.00, 1, 25.00, 0, 0,   0.000,   0.000, 1,   0.200,393.600,-393.600, 10.000,  0.005,
unit_sel, 58216519.763, 0, 0,  -0.0000007,  0.00000,0.00000,0.00000,0.00000,0.00000,  0.00000,0.00000,   14.50000,-0.00000,-0.00111,  1, 0.00000,0.00000, 1, 0.00000,  1, 13.49510,14.30000, 1, 14.30000,   0.00,25.00, 1, 25.00, 0, 0,   0.000,   0.000, 1,   0.200,393.600,-393.600, 10.000,  0.005,
unit_sel, 58216520.164, 0, 0,  -0.0000006,  0.00000,0.00000,0.00000,0.00000,0.00000,  0.00000,0.00000,   14.50000,-0.00000,-0.00090,  1, 0.00000,0.00000, 1, 0.00000,  1, 13.49940,14.30000, 1, 14.30000,   0.00,25.00, 1, 25.00, 0, 0,   0.000,   0.000, 1,   0.200,393.600,-393.600, 10.000,  0.005,
unit_sel, 58216520.563, 0, 0,  -0.0000006,  0.00000,0.00000,0.00000,0.00000,0.00000,  0.00000,0.00000,   14.50000,-0.00000,-0.00074,  1, 0.00000,0.00000, 1, 0.00000,  1, 13.51663,14.30000, 1, 14.30000,   0.00,25.00, 1, 25.00, 0, 0,   0.000,   0.000, 1,   0.200,393.600,-393.600, 10.000,  0.005,
unit_sel, 58216520.963, 0, 0,  -0.0000006,  0.00000,0.00000,0.00000,0.00000,0.00000,  0.00000,0.00000,   14.50000,-0.00000,-0.00061,  1, 0.00000,0.00000, 1, 0.00000,  1, 13.51663,14.30000, 1, 14.30000,   0.00,25.00, 1, 25.00, 0, 0,   0.000,   0.000, 1,   0.200,393.600,-393.600, 10.000,  0.005,
unit_sel, 58216521.363, 0, 0,  -0.0000006,  0.00000,0.00000,0.00000,0.00000,0.00000,  0.00000,0.00000,   14.50000,-0.00000,-0.00050,  1, 0.00000,0.00000, 1, 0.00000,  1, 13.51663,14.30000, 1, 14.30000,   0.00,25.00, 1, 25.00, 0, 0,   0.000,   0.000, 1,   0.200,393.600,-393.600, 10.000,  0.005,
unit_sel, 58216521.763, 0, 0,  -0.0000006,  0.00000,0.00000,0.00000,0.00000,0.00000,  0.00000,0.00000,   14.50000,-0.00000,-0.00041,  1, 0.00000,0.00000, 1, 0.00000,  1, 13.51232,14.30000, 1, 14.30000,   0.00,25.00, 1, 25.00, 0, 0,   0.000,   0.000, 1,   0.200,393.600,-393.600, 10.000,  0.005,
unit_sel, 58216522.163, 0, 0,  -0.0000005,  0.00000,0.00000,0.00000,0.00000,0.00000,  0.00000,0.00000,   14.50000,-0.00000,-0.00033,  1, 0.00000,0.00000, 1, 0.00000,  1, 13.51663,14.30000, 1, 14.30000,   0.00,25.00, 1, 25.00, 0, 0,   0.000,   0.000, 1,   0.200,393.600,-393.600, 10.000,  0.005,
unit_sel, 58216522.563, 0, 0,  -0.0000005,  0.00000,0.00000,0.00000,0.00000,0.00000,  0.00000,0.00000,   14.50000,-0.00000,-0.00027,  1, 0.00000,0.00000, 1, 0.00000,  1, 13.52093,14.30000, 1, 14.30000,   0.00,25.00, 1, 25.00, 0, 0,   0.000,   0.000, 1,   0.200,393.600,-393.600, 10.000,  0.005,
unit_sel, 58216522.963, 0, 0,  -0.0000005,  0.00000,0.00000,0.00000,0.00000,0.00000,  0.00000,0.00000,   14.50000,-0.00000,-0.00022,  1, 0.00000,0.00000, 1, 0.00000,  1, 13.51232,14.30000, 1, 14.30000,   0.00,25.00, 1, 25.00, 0, 0,   0.000,   0.000, 1,   0.200,393.600,-393.600, 10.000,  0.005,
unit_sel, 58216523.363, 0, 0,  -0.0000005,  0.00000,0.00000,0.00000,0.00000,0.00000,  0.00000,0.00000,   14.50000,-0.00000,-0.00018,  1, 0.00000,0.00000, 1, 0.00000,  1, 13.49940,14.30000, 1, 14.30000,   0.00,25.00, 1, 25.00, 0, 0,   0.000,   0.000, 1,   0.200,393.600,-393.600, 10.000,  0.005,
unit_sel, 58216523.763, 0, 0,  -0.0000005,  0.00000,0.00000,0.00000,0.00000,0.00000,  0.00000,0.00000,   14.50000,-0.00000,-0.00015,  1, 0.00000,0.00000, 1, 0.00000,  1, 13.50371,14.30000, 1, 14.30000,   0.00,25.00, 1, 25.00, 0, 0,   0.000,   0.000, 1,   0.200,393.600,-393.600, 10.000,  0.005,
unit_sel, 58216524.163, 0, 0,  -0.0000005,  0.00000,0.00000,0.00000,0.00000,0.00000,  0.00000,0.00000,   14.50000,-0.00000,-0.00012,  1, 0.00000,0.00000, 1, 0.00000,  1, 13.49940,14.30000, 1, 14.30000,   0.00,25.00, 1, 25.00, 0, 0,   0.000,   0.000, 1,   0.200,393.600,-393.600, 10.000,  0.005,
unit_sel, 58216524.563, 0, 0,  -0.0000005,  0.00000,0.00000,0.00000,0.00000,0.00000,  0.00000,0.00000,   14.50000,-0.00000,-0.00010,  1, 0.00000,0.00000, 1, 0.00000,  1, 13.51663,14.30000, 1, 14.30000,   0.00,25.00, 1, 25.00, 0, 0,   0.000,   0.000, 1,   0.200,393.600,-393.600, 10.000,  0.005,
unit_sel, 58216524.963, 0, 0,  -0.0000005,  0.00000,0.00000,0.00000,0.00000,0.00000,  0.00000,0.00000,   14.50000,-0.00000,-0.00008,  1, 0.00000,0.00000, 1, 0.00000,  1, 13.51663,14.30000, 1, 14.30000,   0.00,25.00, 1, 25.00, 0, 0,   0.000,   0.000, 1,   0.200,393.600,-393.600, 10.000,  0.005,
unit_sel, 58216525.363, 0, 0,  -0.0000004,  0.00000,0.00000,0.00000,0.00000,0.00000,  0.00000,0.00000,   14.50000,-0.00000,-0.00007,  1, 0.00000,0.00000, 1, 0.00000,  1, 13.51663,14.30000, 1, 14.30000,   0.00,25.00, 1, 25.00, 0, 0,   0.000,   0.000, 1,   0.200,393.600,-393.600, 10.000,  0.005,
unit_sel, 58216525.763, 0, 0,  -0.0000004,  0.00000,0.00000,0.00000,0.00000,0.00000,  0.00000,0.00000,   14.50000,-0.00000,-0.00006,  1, 0.00000,0.00000, 1, 0.00000,  1, 13.51663,14.30000, 1, 14.30000,   0.00,25.00, 1, 25.00, 0, 0,   0.000,   0.000, 1,   0.200,393.600,-393.600, 10.000,  0.005,
unit_sel, 58216526.163, 0, 0,  -0.0000004,  0.00000,0.00000,0.00000,0.00000,0.00000,  0.00000,0.00000,   14.50000,-0.00000,-0.00005,  1, 0.00000,0.00000, 1, 0.00000,  1, 13.51663,14.30000, 1, 14.30000,   0.00,25.00, 1, 25.00, 0, 0,   0.000,   0.000, 1,   0.200,393.600,-393.600, 10.000,  0.005,
unit_sel, 58216526.563, 0, 0,  -0.0000004,  0.00000,0.00000,0.00000,0.00000,0.00000,  0.00000,0.00000,   14.50000,-0.00000,-0.00004,  1, 0.00000,0.00000, 1, 0.00000,  1, 13.51232,14.30000, 1, 14.30000,   0.00,25.00, 1, 25.00, 0, 0,   0.000,   0.000, 1,   0.200,393.600,-393.600, 10.000,  0.005,
unit_sel, 58216526.963, 0, 0,  -0.0000004,  0.00000,0.00000,0.00000,0.00000,0.00000,  0.00000,0.00000,   14.50000,-0.00000,-0.00003,  1, 0.00000,0.00000, 1, 0.00000,  1, 13.51232,14.30000, 1, 14.30000,   0.00,25.00, 1, 25.00, 0, 0,   0.000,   0.000, 1,   0.200,393.600,-393.600, 10.000,  0.005,
unit_sel, 58216527.363, 0, 0,  -0.0000004,  0.00000,0.00000,0.00000,0.00000,0.00000,  0.00000,0.00000,   14.50000,-0.00000,-0.00002,  1, 0.00000,0.00000, 1, 0.00000,  1, 13.49510,14.30000, 1, 14.30000,   0.00,25.00, 1, 25.00, 0, 0,   0.000,   0.000, 1,   0.200,393.600,-393.600, 10.000,  0.005,
unit_sel, 58216527.763, 0, 0,  -0.0000004,  0.00000,0.00000,0.00000,0.00000,0.00000,  0.00000,0.00000,   14.50000,-0.00000,-0.00002,  1, 0.00000,0.00000, 1, 0.00000,  1, 13.50371,14.30000, 1, 14.30000,   0.00,25.00, 1, 25.00, 0, 0,   0.000,   0.000, 1,   0.200,393.600,-393.600, 10.000,  0.005,
unit_sel, 58216528.163, 0, 0,  -0.0000004,  0.00000,0.00000,0.00000,0.00000,0.00000,  0.00000,0.00000,   14.50000,-0.00000,-0.00002,  1, 0.00000,0.00000, 1, 0.00000,  1, 13.49940,14.30000, 1, 14.30000,   0.00,25.00, 1, 25.00, 0, 0,   0.000,   0.000, 1,   0.200,393.600,-393.600, 10.000,  0.005,
unit_sel, 58216528.563, 0, 0,  -0.0000004,  0.00000,0.00000,0.00000,0.00000,0.00000,  0.00000,0.00000,   14.50000,-0.00000,-0.00001,  1, 0.00000,0.00000, 1, 0.00000,  1, 13.51663,14.30000, 1, 14.30000,   0.00,25.00, 1, 25.00, 0, 0,   0.000,   0.000, 1,   0.200,393.600,-393.600, 10.000,  0.005,
unit_sel, 58216528.963, 0, 0,  -0.0000004,  0.00000,0.00000,0.00000,0.00000,0.00000,  0.00000,0.00000,   14.50000,-0.00000,-0.00001,  1, 0.00000,0.00000, 1, 0.00000,  1, 13.51663,14.30000, 1, 14.30000,   0.00,25.00, 1, 25.00, 0, 0,   0.000,   0.000, 1,   0.200,393.600,-393.600, 10.000,  0.005,
unit_sel, 58216529.363, 0, 0,  -0.0000004,  0.00000,0.00000,0.00000,0.00000,0.00000,  0.00000,0.00000,   14.50000,-0.00000,-0.00001,  1, 0.00000,0.00000, 1, 0.00000,  1, 13.51663,14.30000, 1, 14.30000,   0.00,25.00, 1, 25.00, 0, 0,   0.000,   0.000, 1,   0.200,393.600,-393.600, 10.000,  0.005,
unit_sel, 58216529.763, 0, 0,  -0.0000004,  0.00000,0.00000,0.00000,0.00000,0.00000,  0.00000,0.00000,   14.50000,-0.00000,-0.00001,  1, 0.00000,0.00000, 1, 0.00000,  1, 13.51663,14.30000, 1, 14.30000,   0.00,25.00, 1, 25.00, 0, 0,   0.000,   0.000, 1,   0.200,393.600,-393.600, 10.000,  0.005,
unit_sel, 58216530.163, 0, 0,  -0.0000004,  0.00000,0.00000,0.00000,0.00000,0.00000,  0.00000,0.00000,   14.50000,-0.00000,-0.00001,  1, 0.00000,0.00000, 1, 0.00000,  1, 13.51663,14.30000, 1, 14.30000,   0.00,25.00, 1, 25.00, 0, 0,   0.000,   0.000, 1,   0.200,393.600,-393.600, 10.000,  0.005,
unit_sel, 58216530.563, 0, 0,  -0.0000003,  0.00000,0.00000,0.00000,0.00000,0.00000,  0.00000,0.00000,   14.50000,-0.00000,-0.00001,  1, 0.00000,0.00000, 1, 0.00000,  1, 13.51663,14.30000, 1, 14.30000,   0.00,25.00, 1, 25.00, 0, 0,   0.000,   0.000, 1,   0.200,393.600,-393.600, 10.000,  0.005,
unit_sel, 58216530.963, 0, 0,  -0.0000003,  0.00000,0.00000,0.00000,0.00000,0.00000,  0.00000,0.00000,   14.50000,-0.00000,-0.00000,  1, 0.00000,0.00000, 1, 0.00000,  1, 13.51663,14.30000, 1, 14.30000,   0.00,25.00, 1, 25.00, 0, 0,   0.000,   0.000, 1,   0.200,393.600,-393.600, 10.000,  0.005,
unit_sel, 58216531.363, 0, 0,  -0.0000003,  0.00000,0.00000,0.00000,0.00000,0.00000,  0.00000,0.00000,   14.50000,-0.00000,-0.00000,  1, 0.00000,0.00000, 1, 0.00000,  1, 13.49940,14.30000, 1, 14.30000,   0.00,25.00, 1, 25.00, 0, 0,   0.000,   0.000, 1,   0.200,393.600,-393.600, 10.000,  0.005,
unit_sel, 58216531.763, 0, 0,  -0.0000003,  0.00000,0.00000,0.00000,0.00000,0.00000,  0.00000,0.00000,   14.50000,-0.00000,-0.00000,  1, 0.00000,0.00000, 1, 0.00000,  1, 13.50801,14.30000, 1, 14.30000,   0.00,25.00, 1, 25.00, 0, 0,   0.000,   0.000, 1,   0.200,393.600,-393.600, 10.000,  0.005,
unit_sel, 58216532.163, 0, 0,  -0.0000003,  0.00000,0.00000,0.00000,0.00000,0.00000,  0.00000,0.00000,   14.50000,-0.00000,-0.00000,  1, 0.00000,0.00000, 1, 0.00000,  1, 13.49940,14.30000, 1, 14.30000,   0.00,25.00, 1, 25.00, 0, 0,   0.000,   0.000, 1,   0.200,393.600,-393.600, 10.000,  0.005,
unit_sel, 58216532.563, 0, 0,  -0.0000003,  0.00000,0.00000,0.00000,0.00000,0.00000,  0.00000,0.00000,   14.50000,-0.00000,-0.00000,  1, 0.00000,0.00000, 1, 0.00000,  1, 13.51232,14.30000, 1, 14.30000,   0.00,25.00, 1, 25.00, 0, 0,   0.000,   0.000, 1,   0.200,393.600,-393.600, 10.000,  0.005,
unit_sel, 58216532.963, 0, 0,  -0.0000003,  0.00000,0.00000,0.00000,0.00000,0.00000,  0.00000,0.00000,   14.50000,-0.00000,-0.00000,  1, 0.00000,0.00000, 1, 0.00000,  1, 13.52524,14.30000, 1, 14.30000,   0.00,25.00, 1, 25.00, 0, 0,   0.000,   0.000, 1,   0.200,393.600,-393.600, 10.000,  0.005,
unit_sel, 58216533.363, 0, 0,  -0.0000003,  0.00000,0.00000,0.00000,0.00000,0.00000,  0.00000,0.00000,   14.50000,-0.00000,-0.00000,  1, 0.00000,0.00000, 1, 0.00000,  1, 13.52093,14.30000, 1, 14.30000,   0.00,25.00, 1, 25.00, 0, 0,   0.000,   0.000, 1,   0.200,393.600,-393.600, 10.000,  0.005,
