unit,               hm,                  cTime,       dt,       chm,qcrs,sat,sel,mod,bmso, Tb,  vb,  ib,   ib_charge, ioc, voc_soc,    vsat,dv_dyn,voc_stat,voc_ekf,     y_ekf,    soc_s,soc_ekf,soc,
pro0p_20230219, 2023-03-07T22:59:10,  75987120.853, 0.100,   1,  405720, 0,  0,  247,  0, 25.0,13.152,     0.000,     0.000,     0.000,13.15200,    13.80000,0.00000,13.15200,13.15200,   0.000000, 0.50000,0.50000,0.50000,
pro0p_20230219, 2023-03-07T22:59:10,  75987120.953, 0.103,   1,  405720, 0,  0,  247,  0, 25.0,13.152,     0.000,     0.000,     0.000,13.15200,    13.80000,0.00000,13.15200,13.15200,   0.000000, 0.50000,0.50000,0.50000,
pro0p_20230219, 2023-03-07T22:59:10,  75987121.056, 0.100,   1,  405720, 0,  0,  247,  0, 25.0,13.152,     0.000,     0.000,     0.000,13.15200,    13.80000,0.00000,13.15200,13.15200,   0.000000, 0.50000,0.50000,0.50000,
pro0p_20230219, 2023-03-07T22:59:10,  75987121.156, 0.100,   1,  405720, 0,  0,  247,  0, 25.0,13.152,     0.000,     0.000,     0.000,13.15200,    13.80000,0.00000,13.15200,13.15200,   0.000000, 0.50000,0.50000,0.50000,
pro0p_20230219, 2023-03-07T22:59:10,  75987121.256, 0.100,   1,  405720, 0,  0,  247,  0, 25.0,13.152,     0.000,     0.000,     0.000,13.15200,    13.80000,0.00000,13.15200,13.15200,   0.000000, 0.50000,0.50000,0.50000,
pro0p_20230219, 2023-03-07T22:59:10,  75987121.356, 0.100,   1,  405720, 0,  0,  247,  0, 25.0,13.152,     0.000,     0.000,     0.000,13.15200,    13.80000,0.00000,13.15200,13.15200,   0.000000, 0.50000,0.50000,0.50000,
pro0p_20230219, 2023-03-07T22:59:11,  75987121.456, 0.100,   1,  405720, 0,  0,  247,  0, 25.0,13.152,     0.000,     0.000,     0.000,13.15200,    13.80000,0.00000,13.15200,13.15200,   0.000000, 0.50000,0.50000,0.50000,
pro0p_20230219, 2023-03-07T22:59:11,  75987121.556, 0.101,   1,  405720, 0,  0,  247,  0, 25.0,13.152,     0.000,     0.000,     0.000,13.15200,    13.80000,0.00000,13.15200,13.15200,   0.000000, 0.50000,0.50000,0.50000,
pro0p_20230219, 2023-03-07T22:59:11,  75987121.657, 0.099,   1,  405720, 0,  0,  247,  0, 25.0,13.152,     0.000,     0.000,     0.000,13.15200,    13.80000,0.00000,13.15200,13.15200,   0.000000, 0.50000,0.50000,0.50000,
pro0p_20230219, 2023-03-07T22:59:11,  75987121.756, 0.100,   1,  405720, 0,  0,  247,  0, 25.0,13.152,     0.000,     0.000,     0.000,13.15200,    13.80000,0.00000,13.15200,13.15200,   0.000000, 0.50000,0.50000,0.50000,
pro0p_20230219, 2023-03-07T22:59:11,  75987121.856, 0.100,   1,  405720, 0,  0,  247,  0, 25.0,13.152,     0.000,     0.000,     0.000,13.15200,    13.80000,0.00000,13.15200,13.15200,   0.000000, 0.50000,0.50000,0.50000,
pro0p_20230219, 2023-03-07T22:59:11,  75987121.956, 0.101,   1,  405720, 0,  0,  247,  0, 25.0,13.152,     0.000,     0.000,     0.000,13.15200,    13.80000,0.00000,13.15200,13.15200,   0.000000, 0.50000,0.50000,0.50000,
pro0p_20230219, 2023-03-07T22:59:11,  75987122.057, 0.099,   1,  405720, 0,  0,  247,  0, 25.0,13.152,     0.000,     0.000,     0.000,13.15200,    13.80000,0.00000,13.15200,13.15200,   0.000000, 0.50000,0.50000,0.50000,
pro0p_20230219, 2023-03-07T22:59:11,  75987122.156, 0.100,   1,  405720, 0,  0,  247,  0, 25.0,13.152,     0.000,     0.000,     0.000,13.15200,    13.80000,0.00000,13.15200,13.15200,   0.000000, 0.50000,0.50000,0.50000,
pro0p_20230219, 2023-03-07T22:59:11,  75987122.256, 0.100,   1,  405720, 0,  0,  247,  0, 25.0,13.152,     0.000,     0.000,     0.000,13.15200,    13.80000,0.00000,13.15200,13.15200,   0.000000, 0.50000,0.50000,0.50000,
pro0p_20230219, 2023-03-07T22:59:11,  75987122.356, 0.100,   1,  405720, 0,  0,  247,  0, 25.0,13.152,     0.000,     0.000,     0.000,13.15200,    13.80000,0.00000,13.15200,13.15200,   0.000000, 0.50000,0.50000,0.50000,
pro0p_20230219, 2023-03-07T22:59:12,  75987122.456, 0.100,   1,  405720, 0,  0,  247,  0, 25.0,13.152,     0.000,     0.000,     0.000,13.15200,    13.80000,0.00000,13.15200,13.15200,   0.000000, 0.50000,0.50000,0.50000,
pro0p_20230219, 2023-03-07T22:59:12,  75987122.556, 0.100,   1,  405720, 0,  0,  247,  0, 25.0,13.152,     0.000,     0.000,     0.000,13.15200,    13.80000,0.00000,13.15200,13.15200,   0.000000, 0.50000,0.50000,0.50000,
pro0p_20230219, 2023-03-07T22:59:12,  75987122.656, 0.100,   1,  405720, 0,  0,  247,  0, 25.0,13.152,     0.000,     0.000,     0.000,13.15200,    13.80000,0.00000,13.15200,13.15200,   0.000000, 0.50000,0.50000,0.50000,
pro0p_20230219, 2023-03-07T22:59:12,  75987122.756, 0.100,   1,  405720, 0,  0,  247,  0, 25.0,13.152,     0.000,     0.000,     0.000,13.15200,    13.80000,0.00000,13.15200,13.15200,   0.000000, 0.50000,0.50000,0.50000,
pro0p_20230219, 2023-03-07T22:59:12,  75987122.856, 0.100,   1,  405720, 0,  0,  247,  0, 25.0,13.152,     0.000,     0.000,     0.000,13.15200,    13.80000,0.00000,13.15200,13.15200,   0.000000, 0.50000,0.50000,0.50000,
pro0p_20230219, 2023-03-07T22:59:12,  75987122.956, 0.100,   1,  405720, 0,  0,  247,  0, 25.0,13.152,     0.000,     0.000,     0.000,13.15200,    13.80000,0.00000,13.15200,13.15200,   0.000000, 0.50000,0.50000,0.50000,
pro0p_20230219, 2023-03-07T22:59:12,  75987123.056, 0.100,   1,  405720, 0,  0,  247,  0, 25.0,13.152,     0.000,     0.000,     0.000,13.15200,    13.80000,0.00000,13.15200,13.15200,   0.000000, 0.50000,0.50000,0.50000,
pro0p_20230219, 2023-03-07T22:59:12,  75987123.156, 0.101,   1,  405720, 0,  0,  247,  0, 25.0,13.152,     0.000,     0.000,     0.000,13.15200,    13.80000,0.00000,13.15200,13.15200,   0.000000, 0.50000,0.50000,0.50000,
pro0p_20230219, 2023-03-07T22:59:12,  75987123.257, 0.099,   1,  405720, 0,  0,  247,  0, 25.0,13.152,     0.000,     0.000,     0.000,13.15200,    13.80000,0.00000,13.15200,13.15200,   0.000000, 0.50000,0.50000,0.50000,
pro0p_20230219, 2023-03-07T22:59:12,  75987123.356, 0.100,   1,  405720, 0,  0,  247,  0, 25.0,13.152,     0.000,     0.000,     0.000,13.15200,    13.80000,0.00000,13.15200,13.15200,   0.000000, 0.50000,0.50000,0.50000,
pro0p_20230219, 2023-03-07T22:59:13,  75987123.456, 0.100,   1,  405720, 0,  0,  247,  0, 25.0,13.152,     0.000,     0.000,     0.000,13.15200,    13.80000,0.00000,13.15200,13.15200,   0.000000, 0.50000,0.50000,0.50000,
pro0p_20230219, 2023-03-07T22:59:13,  75987123.556, 0.100,   1,  405720, 0,  0,  247,  0, 25.0,13.152,     0.000,     0.000,     0.000,13.15200,    13.80000,0.00000,13.15200,13.15200,   0.000000, 0.50000,0.50000,0.50000,
pro0p_20230219, 2023-03-07T22:59:13,  75987123.656, 0.100,   1,  405720, 0,  0,  247,  0, 25.0,13.152,     0.000,     0.000,     0.000,13.15200,    13.80000,0.00000,13.15200,13.15200,   0.000000, 0.50000,0.50000,0.50000,
pro0p_20230219, 2023-03-07T22:59:13,  75987123.756, 0.100,   1,  405720, 0,  0,  247,  0, 25.0,13.152,     0.000,     0.000,     0.000,13.15200,    13.80000,0.00000,13.15200,13.15200,   0.000000, 0.50000,0.50000,0.50000,
pro0p_20230219, 2023-03-07T22:59:13,  75987123.856, 0.100,   1,  405720, 0,  0,  247,  0, 25.0,13.152,     0.000,     0.000,     0.000,13.15200,    13.80000,0.00000,13.15200,13.15200,   0.000000, 0.50000,0.50000,0.50000,
pro0p_20230219, 2023-03-07T22:59:13,  75987123.956, 0.100,   1,  405720, 0,  0,  247,  0, 25.0,13.152,     0.000,     0.000,     0.000,13.15200,    13.80000,0.00000,13.15200,13.15200,   0.000000, 0.50000,0.50000,0.50000,
pro0p_20230219, 2023-03-07T22:59:13,  75987124.056, 0.100,   1,  405720, 0,  0,  247,  0, 25.0,13.152,     0.000,     0.000,     0.000,13.15200,    13.80000,0.00000,13.15200,13.15200,   0.000000, 0.50000,0.50000,0.50000,
pro0p_20230219, 2023-03-07T22:59:13,  75987124.156, 0.100,   1,  405720, 0,  0,  247,  0, 25.0,13.152,     0.000,     0.000,     0.000,13.15200,    13.80000,0.00000,13.15200,13.15200,   0.000000, 0.50000,0.50000,0.50000,
pro0p_20230219, 2023-03-07T22:59:13,  75987124.256, 0.100,   1,  405720, 0,  0,  247,  0, 25.0,13.152,     0.000,     0.000,     0.000,13.15200,    13.80000,0.00000,13.15200,13.15200,   0.000000, 0.50000,0.50000,0.50000,
pro0p_20230219, 2023-03-07T22:59:13,  75987124.356, 0.100,   1,  405720, 0,  0,  247,  0, 25.0,13.152,     0.000,     0.000,     0.000,13.15200,    13.80000,0.00000,13.15200,13.15200,   0.000000, 0.50000,0.50000,0.50000,
pro0p_20230219, 2023-03-07T22:59:14,  75987124.456, 0.100,   1,  405720, 0,  0,  247,  0, 25.0,13.152,     0.000,     0.000,     0.000,13.15200,    13.80000,0.00000,13.15200,13.15200,   0.000000, 0.50000,0.50000,0.50000,
pro0p_20230219, 2023-03-07T22:59:14,  75987124.556, 0.100,   1,  405720, 0,  0,  247,  0, 25.0,13.152,     0.000,     0.000,     0.000,13.15200,    13.80000,0.00000,13.15200,13.15200,   0.000000, 0.50000,0.50000,0.50000,
pro0p_20230219, 2023-03-07T22:59:14,  75987124.656, 0.100,   1,  405720, 0,  0,  247,  0, 25.0,13.152,     0.000,     0.000,     0.000,13.15200,    13.80000,0.00000,13.15200,13.15200,   0.000000, 0.50000,0.50000,0.50000,
pro0p_20230219, 2023-03-07T22:59:14,  75987124.756, 0.101,   1,  405720, 0,  0,  247,  0, 25.0,13.152,     0.000,     0.000,     0.000,13.15200,    13.80000,0.00000,13.15200,13.15200,   0.000000, 0.50000,0.50000,0.50000,
pro0p_20230219, 2023-03-07T22:59:14,  75987124.857, 0.099,   1,  405720, 0,  0,  247,  0, 25.0,13.152,     0.000,     0.000,     0.000,13.15200,    13.80000,0.00000,13.15200,13.15200,   0.000000, 0.50000,0.50000,0.50000,
pro0p_20230219, 2023-03-07T22:59:14,  75987124.956, 0.100,   1,  405720, 0,  0,  247,  0, 25.0,13.152,     0.000,     0.000,     0.000,13.15200,    13.80000,0.00000,13.15200,13.15200,   0.000000, 0.50000,0.50000,0.50000,
pro0p_20230219, 2023-03-07T22:59:14,  75987125.056, 0.100,   1,  405720, 0,  0,  247,  0, 25.0,13.152,     0.000,     0.000,     0.000,13.15200,    13.80000,0.00000,13.15200,13.15200,   0.000000, 0.50000,0.50000,0.50000,
pro0p_20230219, 2023-03-07T22:59:14,  75987125.156, 0.100,   1,  405720, 0,  0,  247,  0, 25.0,13.152,     0.000,     0.000,     0.000,13.15200,    13.80000,0.00000,13.15200,13.15200,   0.000000, 0.50000,0.50000,0.50000,
pro0p_20230219, 2023-03-07T22:59:14,  75987125.256, 0.100,   1,  405720, 0,  0,  247,  0, 25.0,13.152,     0.000,     0.000,     0.000,13.15200,    13.80000,0.00000,13.15200,13.15200,   0.000000, 0.50000,0.50000,0.50000,
pro0p_20230219, 2023-03-07T22:59:14,  75987125.356, 0.100,   1,  405720, 0,  0,  247,  0, 25.0,13.152,     0.000,     0.000,     0.000,13.15200,    13.80000,0.00000,13.15200,13.15200,   0.000000, 0.50000,0.50000,0.50000,
pro0p_20230219, 2023-03-07T22:59:15,  75987125.456, 0.100,   1,  405720, 0,  0,  247,  0, 25.0,13.152,     0.000,     0.000,     0.000,13.15200,    13.80000,0.00000,13.15200,13.15200,   0.000000, 0.50000,0.50000,0.50000,
pro0p_20230219, 2023-03-07T22:59:15,  75987125.556, 0.100,   1,  405720, 0,  0,  247,  0, 25.0,13.152,     0.000,     0.000,     0.000,13.15200,    13.80000,0.00000,13.15200,13.15200,   0.000000, 0.50000,0.50000,0.50000,
pro0p_20230219, 2023-03-07T22:59:15,  75987125.656, 0.100,   1,  405720, 0,  0,  247,  0, 25.0,13.152,     0.000,     0.000,     0.000,13.15200,    13.80000,0.00000,13.15200,13.15200,   0.000000, 0.50000,0.50000,0.50000,
pro0p_20230219, 2023-03-07T22:59:15,  75987125.756, 0.101,   1,  405720, 0,  0,  247,  0, 25.0,13.152,     0.000,     0.000,     0.000,13.15200,    13.80000,0.00000,13.15200,13.15200,   0.000000, 0.50000,0.50000,0.50000,
pro0p_20230219, 2023-03-07T22:59:15,  75987125.857, 0.099,   1,  405720, 0,  0,  247,  0, 25.0,13.152,     0.000,     0.000,     0.000,13.15200,    13.80000,0.00000,13.15200,13.15200,   0.000000, 0.50000,0.50000,0.50000,
pro0p_20230219, 2023-03-07T22:59:15,  75987125.956, 0.100,   1,  405720, 0,  0,  247,  0, 25.0,13.152,     0.000,     0.000,     0.000,13.15200,    13.80000,0.00000,13.15200,13.15200,   0.000000, 0.50000,0.50000,0.50000,
pro0p_20230219, 2023-03-07T22:59:15,  75987126.056, 0.100,   1,  405720, 0,  0,  247,  0, 25.0,13.152,     0.000,     0.000,     0.000,13.15200,    13.80000,0.00000,13.15200,13.15200,   0.000000, 0.50000,0.50000,0.50000,
pro0p_20230219, 2023-03-07T22:59:15,  75987126.156, 0.100,   1,  405720, 0,  0,  247,  0, 25.0,13.152,     0.000,     0.000,     0.000,13.15200,    13.80000,0.00000,13.15200,13.15200,   0.000000, 0.50000,0.50000,0.50000,
pro0p_20230219, 2023-03-07T22:59:15,  75987126.256, 0.100,   1,  405720, 0,  0,  247,  0, 25.0,13.152,     0.000,     0.000,     0.000,13.15200,    13.80000,0.00000,13.15200,13.15200,   0.000000, 0.50000,0.50000,0.50000,
pro0p_20230219, 2023-03-07T22:59:15,  75987126.356, 0.100,   1,  405720, 0,  0,  247,  0, 25.0,13.152,     0.000,     0.000,     0.000,13.15200,    13.80000,0.00000,13.15200,13.15200,   0.000000, 0.50000,0.50000,0.50000,
pro0p_20230219, 2023-03-07T22:59:16,  75987126.456, 0.100,   1,  405720, 0,  0,  247,  0, 25.0,13.152,     0.000,     0.000,     0.000,13.15200,    13.80000,0.00000,13.15200,13.15200,   0.000000, 0.50000,0.50000,0.50000,
pro0p_20230219, 2023-03-07T22:59:16,  75987126.556, 0.100,   1,  405720, 0,  0,  247,  0, 25.0,13.152,     0.000,     0.000,     0.000,13.15200,    13.80000,0.00000,13.15200,13.15200,   0.000000, 0.50000,0.50000,0.50000,
pro0p_20230219, 2023-03-07T22:59:16,  75987126.656, 0.100,   1,  405720, 0,  0,  247,  0, 25.0,13.152,     0.000,     0.000,     0.000,13.15200,    13.80000,0.00000,13.15200,13.15200,   0.000000, 0.50000,0.50000,0.50000,
pro0p_20230219, 2023-03-07T22:59:16,  75987126.756, 0.100,   1,  405720, 0,  0,  247,  0, 25.0,13.152,     0.000,     0.000,     0.000,13.15200,    13.80000,0.00000,13.15200,13.15200,   0.000000, 0.50000,0.50000,0.50000,
pro0p_20230219, 2023-03-07T22:59:16,  75987126.856, 0.100,   1,  405720, 0,  0,  247,  0, 25.0,13.152,     0.000,     0.000,     0.000,13.15200,    13.80000,0.00000,13.15200,13.15200,   0.000000, 0.50000,0.50000,0.50000,
pro0p_20230219, 2023-03-07T22:59:16,  75987126.956, 0.100,   1,  405720, 0,  0,  247,  0, 25.0,13.152,     0.000,     0.000,     0.000,13.15200,    13.80000,0.00000,13.15200,13.15200,   0.000000, 0.50000,0.50000,0.50000,
pro0p_20230219, 2023-03-07T22:59:16,  75987127.056, 0.100,   1,  405720, 0,  0,  247,  0, 25.0,13.152,     0.000,     0.000,     0.000,13.15200,    13.80000,0.00000,13.15200,13.15200,   0.000000, 0.50000,0.50000,0.50000,
pro0p_20230219, 2023-03-07T22:59:16,  75987127.156, 0.100,   1,  405720, 0,  0,  247,  0, 25.0,13.152,     0.000,     0.000,     0.000,13.15200,    13.80000,0.00000,13.15200,13.15200,   0.000000, 0.50000,0.50000,0.50000,
pro0p_20230219, 2023-03-07T22:59:16,  75987127.256, 0.100,   1,  405720, 0,  0,  247,  0, 25.0,13.152,     0.000,     0.000,     0.000,13.15200,    13.80000,0.00000,13.15200,13.15200,   0.000000, 0.50000,0.50000,0.50000,
pro0p_20230219, 2023-03-07T22:59:16,  75987127.356, 0.100,   1,  405720, 0,  0,  247,  0, 25.0,13.152,     0.000,     0.000,     0.000,13.15200,    13.80000,0.00000,13.15200,13.15200,   0.000000, 0.50000,0.50000,0.50000,
pro0p_20230219, 2023-03-07T22:59:17,  75987127.456, 0.100,   1,  405720, 0,  0,  247,  0, 25.0,13.152,     0.000,     0.000,     0.000,13.15200,    13.80000,0.00000,13.15200,13.15200,   0.000000, 0.50000,0.50000,0.50000,
pro0p_20230219, 2023-03-07T22:59:17,  75987127.556, 0.100,   1,  405720, 0,  0,  247,  0, 25.0,13.152,     0.000,     0.000,     0.000,13.15200,    13.80000,0.00000,13.15200,13.15200,   0.000000, 0.50000,0.50000,0.50000,
pro0p_20230219, 2023-03-07T22:59:17,  75987127.656, 0.100,   1,  405720, 0,  0,  247,  0, 25.0,13.152,     0.000,     0.000,     0.000,13.15200,    13.80000,0.00000,13.15200,13.15200,   0.000000, 0.50000,0.50000,0.50000,
pro0p_20230219, 2023-03-07T22:59:17,  75987127.756, 0.100,   1,  405720, 0,  0,  247,  0, 25.0,13.152,     0.000,     0.000,     0.000,13.15200,    13.80000,0.00000,13.15200,13.15200,   0.000000, 0.50000,0.50000,0.50000,
pro0p_20230219, 2023-03-07T22:59:17,  75987127.856, 0.100,   1,  405720, 0,  0,  247,  0, 25.0,13.152,     0.000,     0.000,     0.000,13.15200,    13.80000,0.00000,13.15200,13.15200,   0.000000, 0.50000,0.50000,0.50000,
pro0p_20230219, 2023-03-07T22:59:17,  75987127.956, 0.100,   1,  405720, 0,  0,  247,  0, 25.0,13.152,     0.000,     0.000,     0.000,13.15200,    13.80000,0.00000,13.15200,13.15200,   0.000000, 0.50000,0.50000,0.50000,
pro0p_20230219, 2023-03-07T22:59:17,  75987128.056, 0.100,   1,  405720, 0,  0,  247,  0, 25.0,13.152,     0.000,     0.000,     0.000,13.15200,    13.80000,0.00000,13.15200,13.15200,   0.000000, 0.50000,0.50000,0.50000,
pro0p_20230219, 2023-03-07T22:59:17,  75987128.156, 0.100,   1,  405720, 0,  0,  247,  0, 25.0,13.152,     0.000,     0.000,     0.000,13.15200,    13.80000,0.00000,13.15200,13.15200,   0.000000, 0.50000,0.50000,0.50000,
pro0p_20230219, 2023-03-07T22:59:17,  75987128.256, 0.101,   1,  405720, 0,  0,  247,  0, 25.0,13.152,     0.000,     0.000,     0.000,13.15200,    13.80000,0.00000,13.15200,13.15200,   0.000000, 0.50000,0.50000,0.50000,
pro0p_20230219, 2023-03-07T22:59:17,  75987128.357, 0.099,   1,  405720, 0,  0,  247,  0, 25.0,13.152,     0.000,     0.000,     0.000,13.15200,    13.80000,0.00000,13.15200,13.15200,   0.000000, 0.50000,0.50000,0.50000,
pro0p_20230219, 2023-03-07T22:59:18,  75987128.456, 0.100,   1,  405720, 0,  0,  247,  0, 25.0,13.152,     0.000,     0.000,     0.000,13.15200,    13.80000,0.00000,13.15200,13.15200,   0.000000, 0.50000,0.50000,0.50000,
pro0p_20230219, 2023-03-07T22:59:18,  75987128.556, 0.100,   1,  405720, 0,  0,  247,  0, 25.0,13.152,     0.000,     0.000,     0.000,13.15200,    13.80000,0.00000,13.15200,13.15200,   0.000000, 0.50000,0.50000,0.50000,
pro0p_20230219, 2023-03-07T22:59:18,  75987128.656, 0.100,   1,  405720, 0,  0,  247,  0, 25.0,13.152,     0.000,     0.000,     0.000,13.15200,    13.80000,0.00000,13.15200,13.15200,   0.000000, 0.50000,0.50000,0.50000,
pro0p_20230219, 2023-03-07T22:59:18,  75987128.756, 0.100,   1,  405720, 0,  0,  247,  0, 25.0,13.152,     0.000,     0.000,     0.000,13.15200,    13.80000,0.00000,13.15200,13.15200,   0.000000, 0.50000,0.50000,0.50000,
pro0p_20230219, 2023-03-07T22:59:18,  75987128.856, 0.101,   1,  405720, 0,  0,  247,  0, 25.0,13.152,     0.000,     0.000,     0.000,13.15200,    13.80000,0.00000,13.15200,13.15200,   0.000000, 0.50000,0.50000,0.50000,
pro0p_20230219, 2023-03-07T22:59:18,  75987128.957, 0.099,   1,  405720, 0,  0,  247,  0, 25.0,13.152,     0.000,     0.000,     0.000,13.15200,    13.80000,0.00000,13.15200,13.15200,   0.000000, 0.50000,0.50000,0.50000,
pro0p_20230219, 2023-03-07T22:59:18,  75987129.056, 0.100,   1,  405720, 0,  0,  247,  0, 25.0,13.152,     0.000,     0.000,     0.000,13.15200,    13.80000,0.00000,13.15200,13.15200,   0.000000, 0.50000,0.50000,0.50000,
pro0p_20230219, 2023-03-07T22:59:18,  75987129.156, 0.100,   1,  405720, 0,  0,  247,  0, 25.0,13.152,     0.000,     0.000,     0.000,13.15200,    13.80000,0.00000,13.15200,13.15200,   0.000000, 0.50000,0.50000,0.50000,
pro0p_20230219, 2023-03-07T22:59:18,  75987129.256, 0.100,   1,  405720, 0,  0,  247,  0, 25.0,13.152,     0.000,     0.000,     0.000,13.15200,    13.80000,0.00000,13.15200,13.15200,   0.000000, 0.50000,0.50000,0.50000,
pro0p_20230219, 2023-03-07T22:59:18,  75987129.356, 0.100,   1,  405720, 0,  0,  247,  0, 25.0,13.152,     0.000,     0.000,     0.000,13.15200,    13.80000,0.00000,13.15200,13.15200,   0.000000, 0.50000,0.50000,0.50000,
pro0p_20230219, 2023-03-07T22:59:19,  75987129.456, 0.100,   1,  405720, 0,  0,  247,  0, 25.0,13.152,     0.000,     0.000,     0.000,13.15200,    13.80000,0.00000,13.15200,13.15200,   0.000000, 0.50000,0.50000,0.50000,
pro0p_20230219, 2023-03-07T22:59:19,  75987129.556, 0.100,   1,  405720, 0,  0,  247,  0, 25.0,13.152,     0.000,     0.000,     0.000,13.15200,    13.80000,0.00000,13.15200,13.15200,   0.000000, 0.50000,0.50000,0.50000,
pro0p_20230219, 2023-03-07T22:59:19,  75987129.656, 0.100,   1,  405720, 0,  0,  247,  0, 25.0,13.152,     0.000,     0.000,     0.000,13.15200,    13.80000,0.00000,13.15200,13.15200,   0.000000, 0.50000,0.50000,0.50000,
pro0p_20230219, 2023-03-07T22:59:19,  75987129.756, 0.100,   1,  405720, 0,  0,  247,  0, 25.0,13.152,     0.000,     0.000,     0.000,13.15200,    13.80000,0.00000,13.15200,13.15200,   0.000000, 0.50000,0.50000,0.50000,
pro0p_20230219, 2023-03-07T22:59:19,  75987129.856, 0.100,   1,  405720, 0,  0,  247,  0, 25.0,13.152,     0.000,     0.000,     0.000,13.15200,    13.80000,0.00000,13.15200,13.15200,   0.000000, 0.50000,0.50000,0.50000,
pro0p_20230219, 2023-03-07T22:59:19,  75987129.956, 0.100,   1,  405720, 0,  0,  247,  0, 25.0,13.152,     0.000,     0.000,     0.000,13.15200,    13.80000,0.00000,13.15200,13.15200,   0.000000, 0.50000,0.50000,0.50000,
pro0p_20230219, 2023-03-07T22:59:19,  75987130.056, 0.100,   1,  405720, 0,  0,  247,  0, 25.0,13.152,     0.000,     0.000,     0.000,13.15200,    13.80000,0.00000,13.15200,13.15200,   0.000000, 0.50000,0.50000,0.50000,
pro0p_20230219, 2023-03-07T22:59:19,  75987130.156, 0.100,   1,  405720, 0,  0,  247,  0, 25.0,13.152,     0.000,     0.000,     0.000,13.15200,    13.80000,0.00000,13.15200,13.15200,   0.000000, 0.50000,0.50000,0.50000,
pro0p_20230219, 2023-03-07T22:59:19,  75987130.256, 0.100,   1,  405720, 0,  0,  247,  0, 25.0,13.152,     0.000,     0.000,     0.000,13.15200,    13.80000,0.00000,13.15200,13.15200,   0.000000, 0.50000,0.50000,0.50000,
pro0p_20230219, 2023-03-07T22:59:19,  75987130.356, 0.100,   1,  405720, 0,  0,  247,  0, 25.0,13.152,     0.000,     0.000,     0.000,13.15200,    13.80000,0.00000,13.15200,13.15200,   0.000000, 0.50000,0.50000,0.50000,
pro0p_20230219, 2023-03-07T22:59:20,  75987130.456, 0.100,   1,  405720, 0,  0,  247,  0, 25.0,13.152,     0.000,     0.000,     0.000,13.15200,    13.80000,0.00000,13.15200,13.15200,   0.000000, 0.50000,0.50000,0.50000,
pro0p_20230219, 2023-03-07T22:59:20,  75987130.556, 0.100,   1,  405720, 0,  0,  247,  0, 25.0,13.152,     0.000,     0.000,     0.000,13.15200,    13.80000,0.00000,13.15200,13.15200,   0.000000, 0.50000,0.50000,0.50000,
pro0p_20230219, 2023-03-07T22:59:20,  75987130.656, 0.100,   1,  405720, 0,  0,  247,  0, 25.0,13.152,     0.000,     0.000,     0.000,13.15200,    13.80000,0.00000,13.15200,13.15200,   0.000000, 0.50000,0.50000,0.50000,
pro0p_20230219, 2023-03-07T22:59:20,  75987130.756, 0.100,   1,  405720, 0,  0,  247,  0, 25.0,13.152,     0.000,     0.000,     0.000,13.15200,    13.80000,0.00000,13.15200,13.15200,   0.000000, 0.50000,0.50000,0.50000,
pro0p_20230219, 2023-03-07T22:59:20,  75987130.856, 0.100,   1,  405720, 0,  0,  247,  0, 25.0,13.152,     0.000,     0.000,     0.000,13.15200,    13.80000,0.00000,13.15200,13.15200,   0.000000, 0.50000,0.50000,0.50000,
pro0p_20230219, 2023-03-07T22:59:20,  75987130.956, 0.100,   1,  405720, 0,  0,  247,  0, 25.0,13.152,     0.000,     0.000,     0.000,13.15200,    13.80000,0.00000,13.15200,13.15200,   0.000000, 0.50000,0.50000,0.50000,
pro0p_20230219, 2023-03-07T22:59:20,  75987131.056, 0.100,   1,  405720, 0,  0,  247,  0, 25.0,13.152,     0.000,     0.000,     0.000,13.15200,    13.80000,0.00000,13.15200,13.15200,   0.000000, 0.50000,0.50000,0.50000,
pro0p_20230219, 2023-03-07T22:59:20,  75987131.156, 0.100,   1,  405720, 0,  0,  247,  0, 25.0,13.152,     0.000,     0.000,     0.000,13.15200,    13.80000,0.00000,13.15200,13.15200,   0.000000, 0.50000,0.50000,0.50000,
pro0p_20230219, 2023-03-07T22:59:20,  75987131.256, 0.100,   1,  405720, 0,  0,  247,  0, 25.0,13.152,     0.000,     0.000,     0.000,13.15200,    13.80000,0.00000,13.15200,13.15200,   0.000000, 0.50000,0.50000,0.50000,
pro0p_20230219, 2023-03-07T22:59:20,  75987131.356, 0.100,   1,  405720, 0,  0,  247,  0, 25.0,13.152,     0.000,     0.000,     0.000,13.15200,    13.80000,0.00000,13.15200,13.15200,   0.000000, 0.50000,0.50000,0.50000,
pro0p_20230219, 2023-03-07T22:59:21,  75987131.456, 0.100,   1,  405720, 0,  0,  247,  0, 25.0,13.152,     0.000,     0.000,     0.000,13.15200,    13.80000,0.00000,13.15200,13.15200,   0.000000, 0.50000,0.50000,0.50000,
pro0p_20230219, 2023-03-07T22:59:21,  75987131.556, 0.100,   1,  405720, 0,  0,  247,  0, 25.0,13.152,     0.000,     0.000,     0.000,13.15200,    13.80000,0.00000,13.15200,13.15200,   0.000000, 0.50000,0.50000,0.50000,
pro0p_20230219, 2023-03-07T22:59:21,  75987131.656, 0.100,   1,  405720, 0,  0,  247,  0, 25.0,13.152,     0.000,     0.000,     0.000,13.15200,    13.80000,0.00000,13.15200,13.15200,   0.000000, 0.50000,0.50000,0.50000,
pro0p_20230219, 2023-03-07T22:59:21,  75987131.756, 0.100,   1,  405720, 0,  0,  247,  0, 25.0,13.152,     0.000,     0.000,     0.000,13.15200,    13.80000,0.00000,13.15200,13.15200,   0.000000, 0.50000,0.50000,0.50000,
pro0p_20230219, 2023-03-07T22:59:21,  75987131.856, 0.100,   1,  405720, 0,  0,  247,  0, 25.0,13.152,     0.000,     0.000,     0.000,13.15200,    13.80000,0.00000,13.15200,13.15200,   0.000000, 0.50000,0.50000,0.50000,
pro0p_20230219, 2023-03-07T22:59:21,  75987131.956, 0.100,   1,  405720, 0,  0,  247,  0, 25.0,13.152,     0.000,     0.000,     0.000,13.15200,    13.80000,0.00000,13.15200,13.15200,   0.000000, 0.50000,0.50000,0.50000,
pro0p_20230219, 2023-03-07T22:59:21,  75987132.056, 0.100,   1,  405720, 0,  0,  247,  0, 25.0,13.152,     0.000,     0.000,     0.000,13.15200,    13.80000,0.00000,13.15200,13.15200,   0.000000, 0.50000,0.50000,0.50000,
pro0p_20230219, 2023-03-07T22:59:21,  75987132.156, 0.100,   1,  405720, 0,  0,  247,  0, 25.0,13.152,     0.000,     0.000,     0.000,13.15200,    13.80000,0.00000,13.15200,13.15200,   0.000000, 0.50000,0.50000,0.50000,
pro0p_20230219, 2023-03-07T22:59:21,  75987132.256, 0.100,   1,  405720, 0,  0,  247,  0, 25.0,13.152,     0.000,     0.000,     0.000,13.15200,    13.80000,0.00000,13.15200,13.15200,   0.000000, 0.50000,0.50000,0.50000,
pro0p_20230219, 2023-03-07T22:59:21,  75987132.356, 0.100,   1,  405720, 0,  0,  247,  0, 25.0,13.152,     0.000,     0.000,     0.000,13.15200,    13.80000,0.00000,13.15200,13.15200,   0.000000, 0.50000,0.50000,0.50000,
pro0p_20230219, 2023-03-07T22:59:22,  75987132.456, 0.100,   1,  405720, 0,  0,  247,  0, 25.0,13.152,     0.000,     0.000,     0.000,13.15200,    13.80000,0.00000,13.15200,13.15200,   0.000000, 0.50000,0.50000,0.50000,
pro0p_20230219, 2023-03-07T22:59:22,  75987132.556, 0.100,   1,  405720, 0,  0,  247,  0, 25.0,13.152,     0.000,     0.000,     0.000,13.15200,    13.80000,0.00000,13.15200,13.15200,   0.000000, 0.50000,0.50000,0.50000,
pro0p_20230219, 2023-03-07T22:59:22,  75987132.656, 0.100,   1,  405720, 0,  0,  247,  0, 25.0,13.152,     0.000,     0.000,     0.000,13.15200,    13.80000,0.00000,13.15200,13.15200,   0.000000, 0.50000,0.50000,0.50000,
pro0p_20230219, 2023-03-07T22:59:22,  75987132.756, 0.100,   1,  405720, 0,  0,  247,  0, 25.0,13.152,     0.000,     0.000,     0.000,13.15200,    13.80000,0.00000,13.15200,13.15200,   0.000000, 0.50000,0.50000,0.50000,
pro0p_20230219, 2023-03-07T22:59:22,  75987132.856, 0.100,   1,  405720, 0,  0,  247,  0, 25.0,13.152,     0.000,     0.000,     0.000,13.15200,    13.80000,0.00000,13.15200,13.15200,   0.000000, 0.50000,0.50000,0.50000,
pro0p_20230219, 2023-03-07T22:59:22,  75987132.956, 0.100,   1,  405720, 0,  0,  247,  0, 25.0,13.152,     0.000,     0.000,     0.000,13.15200,    13.80000,0.00000,13.15200,13.15200,   0.000000, 0.50000,0.50000,0.50000,
pro0p_20230219, 2023-03-07T22:59:22,  75987133.056, 0.100,   1,  405720, 0,  0,  247,  0, 25.0,13.152,     0.000,     0.000,     0.000,13.15200,    13.80000,0.00000,13.15200,13.15200,   0.000000, 0.50000,0.50000,0.50000,
pro0p_20230219, 2023-03-07T22:59:22,  75987133.156, 0.101,   1,  405720, 0,  0,  247,  0, 25.0,13.152,     0.000,     0.000,     0.000,13.15200,    13.80000,0.00000,13.15200,13.15200,   0.000000, 0.50000,0.50000,0.50000,
pro0p_20230219, 2023-03-07T22:59:22,  75987133.257, 0.099,   1,  405720, 0,  0,  247,  0, 25.0,13.152,     0.000,     0.000,     0.000,13.15200,    13.80000,0.00000,13.15200,13.15200,   0.000000, 0.50000,0.50000,0.50000,
pro0p_20230219, 2023-03-07T22:59:22,  75987133.356, 0.100,   1,  405720, 0,  0,  247,  0, 25.0,13.152,     0.000,     0.000,     0.000,13.15200,    13.80000,0.00000,13.15200,13.15200,   0.000000, 0.50000,0.50000,0.50000,
pro0p_20230219, 2023-03-07T22:59:23,  75987133.456, 0.100,   1,  405720, 0,  0,  247,  0, 25.0,13.152,     0.000,     0.000,     0.000,13.15200,    13.80000,0.00000,13.15200,13.15200,   0.000000, 0.50000,0.50000,0.50000,
pro0p_20230219, 2023-03-07T22:59:23,  75987133.556, 0.101,   1,  405720, 0,  0,  247,  0, 25.0,13.152,     0.000,     0.000,     0.000,13.15200,    13.80000,0.00000,13.15200,13.15200,   0.000000, 0.50000,0.50000,0.50000,
pro0p_20230219, 2023-03-07T22:59:23,  75987133.657, 0.099,   1,  405720, 0,  0,  247,  0, 25.0,13.152,     0.000,     0.000,     0.000,13.15200,    13.80000,0.00000,13.15200,13.15200,   0.000000, 0.50000,0.50000,0.50000,
pro0p_20230219, 2023-03-07T22:59:23,  75987133.756, 0.100,   1,  405720, 0,  0,  247,  0, 25.0,13.152,     0.000,     0.000,     0.000,13.15200,    13.80000,0.00000,13.15200,13.15200,   0.000000, 0.50000,0.50000,0.50000,
pro0p_20230219, 2023-03-07T22:59:23,  75987133.856, 0.100,   1,  405720, 0,  0,  247,  0, 25.0,13.152,     0.000,     0.000,     0.000,13.15200,    13.80000,0.00000,13.15200,13.15200,   0.000000, 0.50000,0.50000,0.50000,
pro0p_20230219, 2023-03-07T22:59:23,  75987133.956, 0.100,   1,  405720, 0,  0,  247,  0, 25.0,13.152,     0.000,     0.000,     0.000,13.15200,    13.80000,0.00000,13.15200,13.15200,   0.000000, 0.50000,0.50000,0.50000,
pro0p_20230219, 2023-03-07T22:59:23,  75987134.056, 0.101,   1,  405720, 0,  0,  247,  0, 25.0,13.152,     0.000,     0.000,     0.000,13.15200,    13.80000,0.00000,13.15200,13.15200,   0.000000, 0.50000,0.50000,0.50000,
pro0p_20230219, 2023-03-07T22:59:23,  75987134.157, 0.099,   1,  405720, 0,  0,  247,  0, 25.0,13.152,     0.000,     0.000,     0.000,13.15200,    13.80000,0.00000,13.15200,13.15200,   0.000000, 0.50000,0.50000,0.50000,
pro0p_20230219, 2023-03-07T22:59:23,  75987134.256, 0.100,   1,  405720, 0,  0,  247,  0, 25.0,13.152,     0.000,     0.000,     0.000,13.15200,    13.80000,0.00000,13.15200,13.15200,   0.000000, 0.50000,0.50000,0.50000,
pro0p_20230219, 2023-03-07T22:59:23,  75987134.356, 0.100,   1,  405720, 0,  0,  247,  0, 25.0,13.152,     0.000,     0.000,     0.000,13.15200,    13.80000,0.00000,13.15200,13.15200,   0.000000, 0.50000,0.50000,0.50000,
pro0p_20230219, 2023-03-07T22:59:24,  75987134.456, 0.101,   1,  405720, 0,  0,  247,  0, 25.0,13.152,     0.000,     0.000,     0.000,13.15200,    13.80000,0.00000,13.15200,13.15200,   0.000000, 0.50000,0.50000,0.50000,
pro0p_20230219, 2023-03-07T22:59:24,  75987134.557, 0.099,   1,  405720, 0,  0,  247,  0, 25.0,13.152,     0.000,     0.000,     0.000,13.15200,    13.80000,0.00000,13.15200,13.15200,   0.000000, 0.50000,0.50000,0.50000,
pro0p_20230219, 2023-03-07T22:59:24,  75987134.656, 0.100,   1,  405720, 0,  0,  247,  0, 25.0,13.152,     0.000,     0.000,     0.000,13.15200,    13.80000,0.00000,13.15200,13.15200,   0.000000, 0.50000,0.50000,0.50000,
pro0p_20230219, 2023-03-07T22:59:24,  75987134.756, 0.100,   1,  405720, 0,  0,  247,  0, 25.0,13.152,     0.000,     0.000,     0.000,13.15200,    13.80000,0.00000,13.15200,13.15200,   0.000000, 0.50000,0.50000,0.50000,
pro0p_20230219, 2023-03-07T22:59:24,  75987134.856, 0.100,   1,  405720, 0,  0,  247,  0, 25.0,13.152,     0.000,     0.000,     0.000,13.15200,    13.80000,0.00000,13.15200,13.15200,   0.000000, 0.50000,0.50000,0.50000,
pro0p_20230219, 2023-03-07T22:59:24,  75987134.956, 0.101,   1,  405720, 0,  0,  247,  0, 25.0,13.152,     0.000,     0.000,     0.000,13.15200,    13.80000,0.00000,13.15200,13.15200,   0.000000, 0.50000,0.50000,0.50000,
pro0p_20230219, 2023-03-07T22:59:24,  75987135.057, 0.099,   1,  405720, 0,  0,  247,  0, 25.0,13.152,     0.000,     0.000,     0.000,13.15200,    13.80000,0.00000,13.15200,13.15200,   0.000000, 0.50000,0.50000,0.50000,
pro0p_20230219, 2023-03-07T22:59:24,  75987135.156, 0.100,   1,  405720, 0,  0,  247,  0, 25.0,13.152,     0.000,     0.000,     0.000,13.15200,    13.80000,0.00000,13.15200,13.15200,   0.000000, 0.50000,0.50000,0.50000,
pro0p_20230219, 2023-03-07T22:59:24,  75987135.256, 0.100,   1,  405720, 0,  0,  247,  0, 25.0,13.152,     0.000,     0.000,     0.000,13.15200,    13.80000,0.00000,13.15200,13.15200,   0.000000, 0.50000,0.50000,0.50000,
pro0p_20230219, 2023-03-07T22:59:24,  75987135.356, 0.100,   1,  405720, 0,  0,  247,  0, 25.0,13.152,     0.000,     0.000,     0.000,13.15200,    13.80000,0.00000,13.15200,13.15200,   0.000000, 0.50000,0.50000,0.50000,
pro0p_20230219, 2023-03-07T22:59:25,  75987135.456, 0.100,   1,  405720, 0,  0,  247,  0, 25.0,13.152,     0.000,     0.000,     0.000,13.15200,    13.80000,0.00000,13.15200,13.15200,   0.000000, 0.50000,0.50000,0.50000,
pro0p_20230219, 2023-03-07T22:59:25,  75987135.556, 0.100,   1,  405720, 0,  0,  247,  0, 25.0,13.152,     0.000,     0.000,     0.000,13.15200,    13.80000,0.00000,13.15200,13.15200,   0.000000, 0.50000,0.50000,0.50000,
pro0p_20230219, 2023-03-07T22:59:25,  75987135.656, 0.101,   1,  405720, 0,  0,  247,  0, 25.0,13.152,     0.000,     0.000,     0.000,13.15200,    13.80000,0.00000,13.15200,13.15200,   0.000000, 0.50000,0.50000,0.50000,
pro0p_20230219, 2023-03-07T22:59:25,  75987135.757, 0.099,   1,  405720, 0,  0,  247,  0, 25.0,13.152,     0.000,     0.000,     0.000,13.15200,    13.80000,0.00000,13.15200,13.15200,   0.000000, 0.50000,0.50000,0.50000,
pro0p_20230219, 2023-03-07T22:59:25,  75987135.856, 0.100,   1,  405720, 0,  0,  247,  0, 25.0,13.152,     0.000,     0.000,     0.000,13.15200,    13.80000,0.00000,13.15200,13.15200,   0.000000, 0.50000,0.50000,0.50000,
pro0p_20230219, 2023-03-07T22:59:25,  75987135.956, 0.100,   1,  405720, 0,  0,  247,  0, 25.0,13.152,     0.000,     0.000,     0.000,13.15200,    13.80000,0.00000,13.15200,13.15200,   0.000000, 0.50000,0.50000,0.50000,
pro0p_20230219, 2023-03-07T22:59:25,  75987136.056, 0.101,   1,  405720, 0,  0,  247,  0, 25.0,13.152,     0.000,     0.000,     0.000,13.15200,    13.80000,0.00000,13.15200,13.15200,   0.000000, 0.50000,0.50000,0.50000,
pro0p_20230219, 2023-03-07T22:59:25,  75987136.157, 0.099,   1,  405720, 0,  0,  247,  0, 25.0,13.152,     0.000,     0.000,     0.000,13.15200,    13.80000,0.00000,13.15200,13.15200,   0.000000, 0.50000,0.50000,0.50000,
pro0p_20230219, 2023-03-07T22:59:25,  75987136.256, 0.100,   1,  405720, 0,  0,  247,  0, 25.0,13.152,     0.000,     0.000,     0.000,13.15200,    13.80000,0.00000,13.15200,13.15200,   0.000000, 0.50000,0.50000,0.50000,
pro0p_20230219, 2023-03-07T22:59:25,  75987136.356, 0.100,   1,  405720, 0,  0,  247,  0, 25.0,13.152,     0.000,     0.000,     0.000,13.15200,    13.80000,0.00000,13.15200,13.15200,   0.000000, 0.50000,0.50000,0.50000,
pro0p_20230219, 2023-03-07T22:59:26,  75987136.456, 0.100,   1,  405720, 0,  0,  247,  0, 25.0,13.152,     0.000,     0.000,     0.000,13.15200,    13.80000,0.00000,13.15200,13.15200,   0.000000, 0.50000,0.50000,0.50000,
pro0p_20230219, 2023-03-07T22:59:26,  75987136.556, 0.100,   1,  405720, 0,  0,  247,  0, 25.0,13.152,     0.000,     0.000,     0.000,13.15200,    13.80000,0.00000,13.15200,13.15200,   0.000000, 0.50000,0.50000,0.50000,
pro0p_20230219, 2023-03-07T22:59:26,  75987136.656, 0.100,   1,  405720, 0,  0,  247,  0, 25.0,13.152,     0.000,     0.000,     0.000,13.15200,    13.80000,0.00000,13.15200,13.15200,   0.000000, 0.50000,0.50000,0.50000,
pro0p_20230219, 2023-03-07T22:59:26,  75987136.756, 0.100,   1,  405720, 0,  0,  247,  0, 25.0,13.152,     0.000,     0.000,     0.000,13.15200,    13.80000,0.00000,13.15200,13.15200,   0.000000, 0.50000,0.50000,0.50000,
pro0p_20230219, 2023-03-07T22:59:26,  75987136.856, 0.100,   1,  405720, 0,  0,  247,  0, 25.0,13.152,     0.000,     0.000,     0.000,13.15200,    13.80000,0.00000,13.15200,13.15200,   0.000000, 0.50000,0.50000,0.50000,
pro0p_20230219, 2023-03-07T22:59:26,  75987136.956, 0.100,   1,  405720, 0,  0,  247,  0, 25.0,13.152,     0.000,     0.000,     0.000,13.15200,    13.80000,0.00000,13.15200,13.15200,   0.000000, 0.50000,0.50000,0.50000,
pro0p_20230219, 2023-03-07T22:59:26,  75987137.056, 0.100,   1,  405720, 0,  0,  247,  0, 25.0,13.152,     0.000,     0.000,     0.000,13.15200,    13.80000,0.00000,13.15200,13.15200,   0.000000, 0.50000,0.50000,0.50000,
pro0p_20230219, 2023-03-07T22:59:26,  75987137.156, 0.100,   1,  405720, 0,  0,  247,  0, 25.0,13.152,     0.000,     0.000,     0.000,13.15200,    13.80000,0.00000,13.15200,13.15200,   0.000000, 0.50000,0.50000,0.50000,
pro0p_20230219, 2023-03-07T22:59:26,  75987137.256, 0.100,   1,  405720, 0,  0,  247,  0, 25.0,13.152,     0.000,     0.000,     0.000,13.15200,    13.80000,0.00000,13.15200,13.15200,   0.000000, 0.50000,0.50000,0.50000,
pro0p_20230219, 2023-03-07T22:59:26,  75987137.356, 0.100,   1,  405720, 0,  0,  247,  0, 25.0,13.152,     0.000,     0.000,     0.000,13.15200,    13.80000,0.00000,13.15200,13.15200,   0.000000, 0.50000,0.50000,0.50000,
pro0p_20230219, 2023-03-07T22:59:27,  75987137.456, 0.100,   1,  405720, 0,  0,  247,  0, 25.0,13.152,     0.000,     0.000,     0.000,13.15200,    13.80000,0.00000,13.15200,13.15200,   0.000000, 0.50000,0.50000,0.50000,
pro0p_20230219, 2023-03-07T22:59:27,  75987137.556, 0.100,   1,  405720, 0,  0,  247,  0, 25.0,13.152,     0.000,     0.000,     0.000,13.15200,    13.80000,0.00000,13.15200,13.15200,   0.000000, 0.50000,0.50000,0.50000,
pro0p_20230219, 2023-03-07T22:59:27,  75987137.656, 0.100,   1,  405720, 0,  0,  247,  0, 25.0,13.152,     0.000,     0.000,     0.000,13.15200,    13.80000,0.00000,13.15200,13.15200,   0.000000, 0.50000,0.50000,0.50000,
pro0p_20230219, 2023-03-07T22:59:27,  75987137.756, 0.100,   1,  405720, 0,  0,  247,  0, 25.0,13.152,     0.000,     0.000,     0.000,13.15200,    13.80000,0.00000,13.15200,13.15200,   0.000000, 0.50000,0.50000,0.50000,
pro0p_20230219, 2023-03-07T22:59:27,  75987137.856, 0.100,   1,  405720, 0,  0,  247,  0, 25.0,13.152,     0.000,     0.000,     0.000,13.15200,    13.80000,0.00000,13.15200,13.15200,   0.000000, 0.50000,0.50000,0.50000,
pro0p_20230219, 2023-03-07T22:59:27,  75987137.956, 0.100,   1,  405720, 0,  0,  247,  0, 25.0,13.152,     0.000,     0.000,     0.000,13.15200,    13.80000,0.00000,13.15200,13.15200,   0.000000, 0.50000,0.50000,0.50000,
pro0p_20230219, 2023-03-07T22:59:27,  75987138.056, 0.100,   1,  405720, 0,  0,  247,  0, 25.0,13.152,     0.000,     0.000,     0.000,13.15200,    13.80000,0.00000,13.15200,13.15200,   0.000000, 0.50000,0.50000,0.50000,
pro0p_20230219, 2023-03-07T22:59:27,  75987138.156, 0.100,   1,  405720, 0,  0,  247,  0, 25.0,13.152,     0.000,     0.000,     0.000,13.15200,    13.80000,0.00000,13.15200,13.15200,   0.000000, 0.50000,0.50000,0.50000,
pro0p_20230219, 2023-03-07T22:59:27,  75987138.256, 0.100,   1,  405720, 0,  0,  247,  0, 25.0,13.152,     0.000,     0.000,     0.000,13.15200,    13.80000,0.00000,13.15200,13.15200,   0.000000, 0.50000,0.50000,0.50000,
pro0p_20230219, 2023-03-07T22:59:27,  75987138.356, 0.100,   1,  405720, 0,  0,  247,  0, 25.0,13.152,     0.000,     0.000,     0.000,13.15200,    13.80000,0.00000,13.15200,13.15200,   0.000000, 0.50000,0.50000,0.50000,
pro0p_20230219, 2023-03-07T22:59:28,  75987138.456, 0.100,   1,  405720, 0,  0,  247,  0, 25.0,13.152,     0.000,     0.000,     0.000,13.15200,    13.80000,0.00000,13.15200,13.15200,   0.000000, 0.50000,0.50000,0.50000,
pro0p_20230219, 2023-03-07T22:59:28,  75987138.556, 0.100,   1,  405720, 0,  0,  247,  0, 25.0,13.152,     0.000,     0.000,     0.000,13.15200,    13.80000,0.00000,13.15200,13.15200,   0.000000, 0.50000,0.50000,0.50000,
pro0p_20230219, 2023-03-07T22:59:28,  75987138.656, 0.100,   1,  405720, 0,  0,  247,  0, 25.0,13.152,     0.000,     0.000,     0.000,13.15200,    13.80000,0.00000,13.15200,13.15200,   0.000000, 0.50000,0.50000,0.50000,
pro0p_20230219, 2023-03-07T22:59:28,  75987138.756, 0.100,   1,  405720, 0,  0,  247,  0, 25.0,13.152,     0.000,     0.000,     0.000,13.15200,    13.80000,0.00000,13.15200,13.15200,   0.000000, 0.50000,0.50000,0.50000,
pro0p_20230219, 2023-03-07T22:59:28,  75987138.856, 0.101,   1,  405720, 0,  0,  247,  0, 25.0,13.152,     0.000,     0.000,     0.000,13.15200,    13.80000,0.00000,13.15200,13.15200,   0.000000, 0.50000,0.50000,0.50000,
pro0p_20230219, 2023-03-07T22:59:28,  75987138.957, 0.099,   1,  405720, 0,  0,  247,  0, 25.0,13.152,     0.000,     0.000,     0.000,13.15200,    13.80000,0.00000,13.15200,13.15200,   0.000000, 0.50000,0.50000,0.50000,
pro0p_20230219, 2023-03-07T22:59:28,  75987139.056, 0.100,   1,  405720, 0,  0,  247,  0, 25.0,13.152,     0.000,     0.000,     0.000,13.15200,    13.80000,0.00000,13.15200,13.15200,   0.000000, 0.50000,0.50000,0.50000,
pro0p_20230219, 2023-03-07T22:59:28,  75987139.156, 0.100,   1,  405720, 0,  0,  247,  0, 25.0,13.152,     0.000,     0.000,     0.000,13.15200,    13.80000,0.00000,13.15200,13.15200,   0.000000, 0.50000,0.50000,0.50000,
pro0p_20230219, 2023-03-07T22:59:28,  75987139.256, 0.100,   1,  405720, 0,  0,  247,  0, 25.0,13.152,     0.000,     0.000,     0.000,13.15200,    13.80000,0.00000,13.15200,13.15200,   0.000000, 0.50000,0.50000,0.50000,
pro0p_20230219, 2023-03-07T22:59:28,  75987139.356, 0.100,   1,  405720, 0,  0,  247,  0, 25.0,13.152,     0.000,     0.000,     0.000,13.15200,    13.80000,0.00000,13.15200,13.15200,   0.000000, 0.50000,0.50000,0.50000,
pro0p_20230219, 2023-03-07T22:59:29,  75987139.456, 0.100,   1,  405720, 0,  0,  247,  0, 25.0,13.152,     0.000,     0.000,     0.000,13.15200,    13.80000,0.00000,13.15200,13.15200,   0.000000, 0.50000,0.50000,0.50000,
pro0p_20230219, 2023-03-07T22:59:29,  75987139.556, 0.100,   1,  405720, 0,  0,  247,  0, 25.0,13.152,     0.000,     0.000,     0.000,13.15200,    13.80000,0.00000,13.15200,13.15200,   0.000000, 0.50000,0.50000,0.50000,
pro0p_20230219, 2023-03-07T22:59:29,  75987139.656, 0.100,   1,  405720, 0,  0,  247,  0, 25.0,13.152,     0.000,     0.000,     0.000,13.15200,    13.80000,0.00000,13.15200,13.15200,   0.000000, 0.50000,0.50000,0.50000,
pro0p_20230219, 2023-03-07T22:59:29,  75987139.756, 0.100,   1,  405720, 0,  0,  247,  0, 25.0,13.152,     0.000,     0.000,     0.000,13.15200,    13.80000,0.00000,13.15200,13.15200,   0.000000, 0.50000,0.50000,0.50000,
pro0p_20230219, 2023-03-07T22:59:29,  75987139.856, 0.100,   1,  405720, 0,  0,  247,  0, 25.0,13.152,     0.000,     0.000,     0.000,13.15200,    13.80000,0.00000,13.15200,13.15200,   0.000000, 0.50000,0.50000,0.50000,
pro0p_20230219, 2023-03-07T22:59:29,  75987139.956, 0.100,   1,  405720, 0,  0,  247,  0, 25.0,13.152,     0.000,     0.000,     0.000,13.15200,    13.80000,0.00000,13.15200,13.15200,   0.000000, 0.50000,0.50000,0.50000,
pro0p_20230219, 2023-03-07T22:59:29,  75987140.056, 0.100,   1,  405720, 0,  0,  247,  0, 25.0,13.152,     0.000,     0.000,     0.000,13.15200,    13.80000,0.00000,13.15200,13.15200,   0.000000, 0.50000,0.50000,0.50000,
pro0p_20230219, 2023-03-07T22:59:29,  75987140.156, 0.100,   1,  405720, 0,  0,  247,  0, 25.0,13.152,     0.000,     0.000,     0.000,13.15200,    13.80000,0.00000,13.15200,13.15200,   0.000000, 0.50000,0.50000,0.50000,
pro0p_20230219, 2023-03-07T22:59:29,  75987140.256, 0.100,   1,  405720, 0,  0,  247,  0, 25.0,13.152,     0.000,     0.000,     0.000,13.15200,    13.80000,0.00000,13.15200,13.15200,   0.000000, 0.50000,0.50000,0.50000,
pro0p_20230219, 2023-03-07T22:59:29,  75987140.356, 0.100,   1,  405720, 0,  0,  247,  0, 25.0,13.152,     0.000,     0.000,     0.000,13.15200,    13.80000,0.00000,13.15200,13.15200,   0.000000, 0.50000,0.50000,0.50000,
pro0p_20230219, 2023-03-07T22:59:30,  75987140.456, 0.100,   1,  405720, 0,  0,  247,  0, 25.0,13.152,     0.000,     0.000,     0.000,13.15200,    13.80000,0.00000,13.15200,13.15200,   0.000000, 0.50000,0.50000,0.50000,
pro0p_20230219, 2023-03-07T22:59:30,  75987140.556, 0.100,   1,  405720, 0,  0,  247,  0, 25.0,13.152,     0.000,     0.000,     0.000,13.15200,    13.80000,0.00000,13.15200,13.15200,   0.000000, 0.50000,0.50000,0.50000,
pro0p_20230219, 2023-03-07T22:59:30,  75987140.656, 0.100,   1,  405720, 0,  0,  247,  0, 25.0,13.152,     0.000,     0.000,     0.000,13.15200,    13.80000,0.00000,13.15200,13.15200,   0.000000, 0.50000,0.50000,0.50000,
pro0p_20230219, 2023-03-07T22:59:30,  75987140.756, 0.100,   1,  405720, 0,  0,  247,  0, 25.0,13.152,     0.000,     0.000,     0.000,13.15200,    13.80000,0.00000,13.15200,13.15200,   0.000000, 0.50000,0.50000,0.50000,
pro0p_20230219, 2023-03-07T22:59:30,  75987140.856, 0.100,   1,  405720, 0,  0,  247,  0, 25.0,13.152,     0.000,     0.000,     0.000,13.15200,    13.80000,0.00000,13.15200,13.15200,   0.000000, 0.50000,0.50000,0.50000,
pro0p_20230219, 2023-03-07T22:59:30,  75987140.956, 0.100,   1,  405720, 0,  0,  247,  0, 25.0,13.152,     0.000,     0.000,     0.000,13.15200,    13.80000,0.00000,13.15200,13.15200,   0.000000, 0.50000,0.50000,0.50000,
pro0p_20230219, 2023-03-07T22:59:30,  75987141.056, 0.100,   1,  405720, 0,  0,  247,  0, 25.0,13.152,     0.000,     0.000,     0.000,13.15200,    13.80000,0.00000,13.15200,13.15200,   0.000000, 0.50000,0.50000,0.50000,
pro0p_20230219, 2023-03-07T22:59:30,  75987141.156, 0.100,   1,  405720, 0,  0,  247,  0, 25.0,13.152,     0.000,     0.000,     0.000,13.15200,    13.80000,0.00000,13.15200,13.15200,   0.000000, 0.50000,0.50000,0.50000,
pro0p_20230219, 2023-03-07T22:59:30,  75987141.256, 0.100,   1,  405720, 0,  0,  247,  0, 25.0,13.152,     0.000,     0.000,     0.000,13.15200,    13.80000,0.00000,13.15200,13.15200,   0.000000, 0.50000,0.50000,0.50000,
pro0p_20230219, 2023-03-07T22:59:30,  75987141.356, 0.100,   1,  405720, 0,  0,  247,  0, 25.0,13.152,     0.000,     0.000,     0.000,13.15200,    13.80000,0.00000,13.15200,13.15200,   0.000000, 0.50000,0.50000,0.50000,
pro0p_20230219, 2023-03-07T22:59:31,  75987141.456, 0.100,   1,  405720, 0,  0,  247,  0, 25.0,13.152,     0.000,     0.000,     0.000,13.15200,    13.80000,0.00000,13.15200,13.15200,   0.000000, 0.50000,0.50000,0.50000,
pro0p_20230219, 2023-03-07T22:59:31,  75987141.556, 0.100,   1,  405720, 0,  0,  247,  0, 25.0,13.152,     0.000,     0.000,     0.000,13.15200,    13.80000,0.00000,13.15200,13.15200,   0.000000, 0.50000,0.50000,0.50000,
pro0p_20230219, 2023-03-07T22:59:31,  75987141.656, 0.100,   1,  405720, 0,  0,  247,  0, 25.0,13.152,     0.000,     0.000,     0.000,13.15200,    13.80000,0.00000,13.15200,13.15200,   0.000000, 0.50000,0.50000,0.50000,
pro0p_20230219, 2023-03-07T22:59:31,  75987141.756, 0.100,   1,  405720, 0,  0,  247,  0, 25.0,13.152,     0.000,     0.000,     0.000,13.15200,    13.80000,0.00000,13.15200,13.15200,   0.000000, 0.50000,0.50000,0.50000,
pro0p_20230219, 2023-03-07T22:59:31,  75987141.856, 0.100,   1,  405720, 0,  0,  247,  0, 25.0,13.152,     0.000,     0.000,     0.000,13.15200,    13.80000,0.00000,13.15200,13.15200,   0.000000, 0.50000,0.50000,0.50000,
pro0p_20230219, 2023-03-07T22:59:31,  75987141.956, 0.100,   1,  405720, 0,  0,  247,  0, 25.0,13.152,     0.000,     0.000,     0.000,13.15200,    13.80000,0.00000,13.15200,13.15200,   0.000000, 0.50000,0.50000,0.50000,
pro0p_20230219, 2023-03-07T22:59:31,  75987142.056, 0.100,   1,  405720, 0,  0,  247,  0, 25.0,13.152,     0.000,     0.000,     0.000,13.15200,    13.80000,0.00000,13.15200,13.15200,   0.000000, 0.50000,0.50000,0.50000,
pro0p_20230219, 2023-03-07T22:59:31,  75987142.156, 0.100,   1,  405720, 0,  0,  247,  0, 25.0,13.152,     0.000,     0.000,     0.000,13.15200,    13.80000,0.00000,13.15200,13.15200,   0.000000, 0.50000,0.50000,0.50000,
pro0p_20230219, 2023-03-07T22:59:31,  75987142.256, 0.100,   1,  405720, 0,  0,  247,  0, 25.0,13.152,     0.000,     0.000,     0.000,13.15200,    13.80000,0.00000,13.15200,13.15200,   0.000000, 0.50000,0.50000,0.50000,
pro0p_20230219, 2023-03-07T22:59:31,  75987142.356, 0.100,   1,  405720, 0,  0,  247,  0, 25.0,13.152,     0.000,     0.000,     0.000,13.15200,    13.80000,0.00000,13.15200,13.15200,   0.000000, 0.50000,0.50000,0.50000,
pro0p_20230219, 2023-03-07T22:59:32,  75987142.456, 0.100,   1,  405720, 0,  0,  247,  0, 25.0,13.152,     0.000,     0.000,     0.000,13.15200,    13.80000,0.00000,13.15200,13.15200,   0.000000, 0.50000,0.50000,0.50000,
pro0p_20230219, 2023-03-07T22:59:32,  75987142.556, 0.100,   1,  405720, 0,  0,  247,  0, 25.0,13.152,     0.000,     0.000,     0.000,13.15200,    13.80000,0.00000,13.15200,13.15200,   0.000000, 0.50000,0.50000,0.50000,
pro0p_20230219, 2023-03-07T22:59:32,  75987142.656, 0.100,   1,  405720, 0,  0,  247,  0, 25.0,13.152,     0.000,     0.000,     0.000,13.15200,    13.80000,0.00000,13.15200,13.15200,   0.000000, 0.50000,0.50000,0.50000,
pro0p_20230219, 2023-03-07T22:59:32,  75987142.756, 0.100,   1,  405720, 0,  0,  247,  0, 25.0,13.152,     0.000,     0.000,     0.000,13.15200,    13.80000,0.00000,13.15200,13.15200,   0.000000, 0.50000,0.50000,0.50000,
pro0p_20230219, 2023-03-07T22:59:32,  75987142.856, 0.100,   1,  405720, 0,  0,  247,  0, 25.0,13.152,     0.000,     0.000,     0.000,13.15200,    13.80000,0.00000,13.15200,13.15200,   0.000000, 0.50000,0.50000,0.50000,
pro0p_20230219, 2023-03-07T22:59:32,  75987142.956, 0.100,   1,  405720, 0,  0,  247,  0, 25.0,13.152,     0.000,     0.000,     0.000,13.15200,    13.80000,0.00000,13.15200,13.15200,   0.000000, 0.50000,0.50000,0.50000,
pro0p_20230219, 2023-03-07T22:59:32,  75987143.056, 0.100,   1,  405720, 0,  0,  247,  0, 25.0,13.152,     0.000,     0.000,     0.000,13.15200,    13.80000,0.00000,13.15200,13.15200,   0.000000, 0.50000,0.50000,0.50000,
pro0p_20230219, 2023-03-07T22:59:32,  75987143.156, 0.100,   1,  405720, 0,  0,  247,  0, 25.0,13.152,     0.000,     0.000,     0.000,13.15200,    13.80000,0.00000,13.15200,13.15200,   0.000000, 0.50000,0.50000,0.50000,
pro0p_20230219, 2023-03-07T22:59:32,  75987143.256, 0.100,   1,  405720, 0,  0,  247,  0, 25.0,13.152,     0.000,     0.000,     0.000,13.15200,    13.80000,0.00000,13.15200,13.15200,   0.000000, 0.50000,0.50000,0.50000,
pro0p_20230219, 2023-03-07T22:59:32,  75987143.356, 0.100,   1,  405720, 0,  0,  247,  0, 25.0,13.152,     0.000,     0.000,     0.000,13.15200,    13.80000,0.00000,13.15200,13.15200,   0.000000, 0.50000,0.50000,0.50000,
pro0p_20230219, 2023-03-07T22:59:33,  75987143.456, 0.100,   1,  405720, 0,  0,  247,  0, 25.0,13.152,     0.000,     0.000,     0.000,13.15200,    13.80000,0.00000,13.15200,13.15200,   0.000000, 0.50000,0.50000,0.50000,
pro0p_20230219, 2023-03-07T22:59:33,  75987143.556, 0.100,   1,  405720, 0,  0,  247,  0, 25.0,13.152,     0.000,     0.000,     0.000,13.15200,    13.80000,0.00000,13.15200,13.15200,   0.000000, 0.50000,0.50000,0.50000,
pro0p_20230219, 2023-03-07T22:59:33,  75987143.656, 0.100,   1,  405720, 0,  0,  247,  0, 25.0,13.152,     0.000,     0.000,     0.000,13.15200,    13.80000,0.00000,13.15200,13.15200,   0.000000, 0.50000,0.50000,0.50000,
pro0p_20230219, 2023-03-07T22:59:33,  75987143.756, 0.100,   1,  405720, 0,  0,  247,  0, 25.0,13.152,     0.000,     0.000,     0.000,13.15200,    13.80000,0.00000,13.15200,13.15200,   0.000000, 0.50000,0.50000,0.50000,
pro0p_20230219, 2023-03-07T22:59:33,  75987143.856, 0.100,   1,  405720, 0,  0,  247,  0, 25.0,13.152,     0.000,     0.000,     0.000,13.15200,    13.80000,0.00000,13.15200,13.15200,   0.000000, 0.50000,0.50000,0.50000,
pro0p_20230219, 2023-03-07T22:59:33,  75987143.956, 0.100,   1,  405720, 0,  0,  247,  0, 25.0,13.152,     0.000,     0.000,     0.000,13.15200,    13.80000,0.00000,13.15200,13.15200,   0.000000, 0.50000,0.50000,0.50000,
pro0p_20230219, 2023-03-07T22:59:33,  75987144.056, 0.100,   1,  405720, 0,  0,  247,  0, 25.0,13.152,     0.000,     0.000,     0.000,13.15200,    13.80000,0.00000,13.15200,13.15200,   0.000000, 0.50000,0.50000,0.50000,
pro0p_20230219, 2023-03-07T22:59:33,  75987144.156, 0.100,   1,  405720, 0,  0,  247,  0, 25.0,13.152,     0.000,     0.000,     0.000,13.15200,    13.80000,0.00000,13.15200,13.15200,   0.000000, 0.50000,0.50000,0.50000,
pro0p_20230219, 2023-03-07T22:59:33,  75987144.256, 0.100,   1,  405720, 0,  0,  247,  0, 25.0,13.152,     0.000,     0.000,     0.000,13.15200,    13.80000,0.00000,13.15200,13.15200,   0.000000, 0.50000,0.50000,0.50000,
pro0p_20230219, 2023-03-07T22:59:33,  75987144.356, 0.100,   1,  405720, 0,  0,  247,  0, 25.0,13.152,     0.000,     0.000,     0.000,13.15200,    13.80000,0.00000,13.15200,13.15200,   0.000000, 0.50000,0.50000,0.50000,
pro0p_20230219, 2023-03-07T22:59:34,  75987144.456, 0.101,   1,  405720, 0,  0,  247,  0, 25.0,13.152,     0.000,     0.000,     0.000,13.15200,    13.80000,0.00000,13.15200,13.15200,   0.000000, 0.50000,0.50000,0.50000,
pro0p_20230219, 2023-03-07T22:59:34,  75987144.557, 0.099,   1,  405720, 0,  0,  247,  0, 25.0,13.152,     0.000,     0.000,     0.000,13.15200,    13.80000,0.00000,13.15200,13.15200,   0.000000, 0.50000,0.50000,0.50000,
pro0p_20230219, 2023-03-07T22:59:34,  75987144.656, 0.100,   1,  405720, 0,  0,  247,  0, 25.0,13.152,     0.000,     0.000,     0.000,13.15200,    13.80000,0.00000,13.15200,13.15200,   0.000000, 0.50000,0.50000,0.50000,
pro0p_20230219, 2023-03-07T22:59:34,  75987144.756, 0.100,   1,  405720, 0,  0,  247,  0, 25.0,13.152,     0.000,     0.000,     0.000,13.15200,    13.80000,0.00000,13.15200,13.15200,   0.000000, 0.50000,0.50000,0.50000,
pro0p_20230219, 2023-03-07T22:59:34,  75987144.856, 0.100,   1,  405720, 0,  0,  247,  0, 25.0,13.152,     0.000,     0.000,     0.000,13.15200,    13.80000,0.00000,13.15200,13.15200,   0.000000, 0.50000,0.50000,0.50000,
pro0p_20230219, 2023-03-07T22:59:34,  75987144.956, 0.100,   1,  405720, 0,  0,  247,  0, 25.0,13.152,     0.000,     0.000,     0.000,13.15200,    13.80000,0.00000,13.15200,13.15200,   0.000000, 0.50000,0.50000,0.50000,
pro0p_20230219, 2023-03-07T22:59:34,  75987145.056, 0.100,   1,  405720, 0,  0,  247,  0, 25.0,13.152,     0.000,     0.000,     0.000,13.15200,    13.80000,0.00000,13.15200,13.15200,   0.000000, 0.50000,0.50000,0.50000,
pro0p_20230219, 2023-03-07T22:59:34,  75987145.156, 0.100,   1,  405720, 0,  0,  247,  0, 25.0,13.152,     0.000,     0.000,     0.000,13.15200,    13.80000,0.00000,13.15200,13.15200,   0.000000, 0.50000,0.50000,0.50000,
pro0p_20230219, 2023-03-07T22:59:34,  75987145.256, 0.100,   1,  405720, 0,  0,  247,  0, 25.0,13.152,     0.000,     0.000,     0.000,13.15200,    13.80000,0.00000,13.15200,13.15200,   0.000000, 0.50000,0.50000,0.50000,
pro0p_20230219, 2023-03-07T22:59:34,  75987145.356, 0.100,   1,  405720, 0,  0,  247,  0, 25.0,13.152,     0.000,     0.000,     0.000,13.15200,    13.80000,0.00000,13.15200,13.15200,   0.000000, 0.50000,0.50000,0.50000,
pro0p_20230219, 2023-03-07T22:59:35,  75987145.456, 0.101,   1,  405720, 0,  0,  247,  0, 25.0,13.152,     0.000,     0.000,     0.000,13.15200,    13.80000,0.00000,13.15200,13.15200,   0.000000, 0.50000,0.50000,0.50000,
pro0p_20230219, 2023-03-07T22:59:35,  75987145.557, 0.099,   1,  405720, 0,  0,  247,  0, 25.0,13.152,     0.000,     0.000,     0.000,13.15200,    13.80000,0.00000,13.15200,13.15200,   0.000000, 0.50000,0.50000,0.50000,
pro0p_20230219, 2023-03-07T22:59:35,  75987145.656, 0.100,   1,  405720, 0,  0,  247,  0, 25.0,13.152,     0.000,     0.000,     0.000,13.15200,    13.80000,0.00000,13.15200,13.15200,   0.000000, 0.50000,0.50000,0.50000,
pro0p_20230219, 2023-03-07T22:59:35,  75987145.756, 0.100,   1,  405720, 0,  0,  247,  0, 25.0,13.152,     0.000,     0.000,     0.000,13.15200,    13.80000,0.00000,13.15200,13.15200,   0.000000, 0.50000,0.50000,0.50000,
pro0p_20230219, 2023-03-07T22:59:35,  75987145.856, 0.100,   1,  405720, 0,  0,  247,  0, 25.0,13.152,     0.000,     0.000,     0.000,13.15200,    13.80000,0.00000,13.15200,13.15200,   0.000000, 0.50000,0.50000,0.50000,
pro0p_20230219, 2023-03-07T22:59:35,  75987145.956, 0.100,   1,  405720, 0,  0,  247,  0, 25.0,13.152,     0.000,     0.000,     0.000,13.15200,    13.80000,0.00000,13.15200,13.15200,   0.000000, 0.50000,0.50000,0.50000,
pro0p_20230219, 2023-03-07T22:59:35,  75987146.056, 0.100,   1,  405720, 0,  0,  247,  0, 25.0,13.152,     0.000,     0.000,     0.000,13.15200,    13.80000,0.00000,13.15200,13.15200,   0.000000, 0.50000,0.50000,0.50000,
pro0p_20230219, 2023-03-07T22:59:35,  75987146.156, 0.100,   1,  405720, 0,  0,  247,  0, 25.0,13.152,     0.000,     0.000,     0.000,13.15200,    13.80000,0.00000,13.15200,13.15200,   0.000000, 0.50000,0.50000,0.50000,
pro0p_20230219, 2023-03-07T22:59:35,  75987146.256, 0.100,   1,  405720, 0,  0,  247,  0, 25.0,13.152,     0.000,     0.000,     0.000,13.15200,    13.80000,0.00000,13.15200,13.15200,   0.000000, 0.50000,0.50000,0.50000,
pro0p_20230219, 2023-03-07T22:59:35,  75987146.356, 0.100,   1,  405720, 0,  0,  247,  0, 25.0,13.152,     0.000,     0.000,     0.000,13.15200,    13.80000,0.00000,13.15200,13.15200,   0.000000, 0.50000,0.50000,0.50000,
pro0p_20230219, 2023-03-07T22:59:36,  75987146.456, 0.100,   1,  405720, 0,  0,  247,  0, 25.0,13.152,     0.000,     0.000,     0.000,13.15200,    13.80000,0.00000,13.15200,13.15200,   0.000000, 0.50000,0.50000,0.50000,
