unit,               hm,                  cTime,       dt,       chm,sat,sel,mod,bmso, Tb,  vb,  ib,   ib_charge, ioc, voc_soc,    vsat,dv_dyn,voc_stat,voc_ekf,     y_ekf,    soc_s,soc_ekf,soc,
pro0p_20230219, 2023-03-03T10:29:20,  75596530.566, 0.100,   1,  0,  0,  247,  0, 25.0,13.152,     0.000,     0.000,     0.000,13.15200,    13.80000,0.00000,13.15200,13.15200,   0.000000, 0.50000,0.50000,0.50000,
pro0p_20230219, 2023-03-03T10:29:20,  75596530.666, 0.103,   1,  0,  0,  247,  0, 25.0,13.152,     0.000,     0.000,     0.000,13.15200,    13.80000,0.00000,13.15200,13.15200,   0.000000, 0.50000,0.50000,0.50000,
pro0p_20230219, 2023-03-03T10:29:20,  75596530.769, 0.100,   1,  0,  0,  247,  0, 25.0,13.152,     0.000,     0.000,     0.000,13.15200,    13.80000,0.00000,13.15200,13.15200,   0.000000, 0.50000,0.50000,0.50000,
pro0p_20230219, 2023-03-03T10:29:20,  75596530.869, 0.100,   1,  0,  0,  247,  0, 25.0,13.152,     0.000,     0.000,     0.000,13.15200,    13.80000,0.00000,13.15200,13.15200,   0.000000, 0.50000,0.50000,0.50000,
pro0p_20230219, 2023-03-03T10:29:20,  75596530.969, 0.100,   1,  0,  0,  247,  0, 25.0,13.152,     0.000,     0.000,     0.000,13.15200,    13.80000,0.00000,13.15200,13.15200,   0.000000, 0.50000,0.50000,0.50000,
pro0p_20230219, 2023-03-03T10:29:20,  75596531.069, 0.100,   1,  0,  0,  247,  0, 25.0,13.152,     0.000,     0.000,     0.000,13.15200,    13.80000,0.00000,13.15200,13.15200,   0.000000, 0.50000,0.50000,0.50000,
pro0p_20230219, 2023-03-03T10:29:20,  75596531.169, 0.100,   1,  0,  0,  247,  0, 25.0,13.152,     0.000,     0.000,     0.000,13.15200,    13.80000,0.00000,13.15200,13.15200,   0.000000, 0.50000,0.50000,0.50000,
pro0p_20230219, 2023-03-03T10:29:21,  75596531.269, 0.100,   1,  0,  0,  247,  0, 25.0,13.152,     0.000,     0.000,     0.000,13.15200,    13.80000,0.00000,13.15200,13.15200,   0.000000, 0.50000,0.50000,0.50000,
pro0p_20230219, 2023-03-03T10:29:21,  75596531.369, 0.100,   1,  0,  0,  247,  0, 25.0,13.152,     0.000,     0.000,     0.000,13.15200,    13.80000,0.00000,13.15200,13.15200,   0.000000, 0.50000,0.50000,0.50000,
pro0p_20230219, 2023-03-03T10:29:21,  75596531.469, 0.100,   1,  0,  0,  247,  0, 25.0,13.152,     0.000,     0.000,     0.000,13.15200,    13.80000,0.00000,13.15200,13.15200,   0.000000, 0.50000,0.50000,0.50000,
pro0p_20230219, 2023-03-03T10:29:21,  75596531.569, 0.100,   1,  0,  0,  247,  0, 25.0,13.152,     0.000,     0.000,     0.000,13.15200,    13.80000,0.00000,13.15200,13.15200,   0.000000, 0.50000,0.50000,0.50000,
pro0p_20230219, 2023-03-03T10:29:21,  75596531.669, 0.100,   1,  0,  0,  247,  0, 25.0,13.152,     0.000,     0.000,     0.000,13.15200,    13.80000,0.00000,13.15200,13.15200,   0.000000, 0.50000,0.50000,0.50000,
pro0p_20230219, 2023-03-03T10:29:21,  75596531.769, 0.100,   1,  0,  0,  247,  0, 25.0,13.152,     0.000,     0.000,     0.000,13.15200,    13.80000,0.00000,13.15200,13.15200,   0.000000, 0.50000,0.50000,0.50000,
pro0p_20230219, 2023-03-03T10:29:21,  75596531.869, 0.100,   1,  0,  0,  247,  0, 25.0,13.152,     0.000,     0.000,     0.000,13.15200,    13.80000,0.00000,13.15200,13.15200,   0.000000, 0.50000,0.50000,0.50000,
pro0p_20230219, 2023-03-03T10:29:21,  75596531.969, 0.100,   1,  0,  0,  247,  0, 25.0,13.152,     0.000,     0.000,     0.000,13.15200,    13.80000,0.00000,13.15200,13.15200,   0.000000, 0.50000,0.50000,0.50000,
pro0p_20230219, 2023-03-03T10:29:21,  75596532.069, 0.100,   1,  0,  0,  247,  0, 25.0,13.152,     0.000,     0.000,     0.000,13.15200,    13.80000,0.00000,13.15200,13.15200,   0.000000, 0.50000,0.50000,0.50000,
pro0p_20230219, 2023-03-03T10:29:21,  75596532.169, 0.100,   1,  0,  0,  247,  0, 25.0,13.152,     0.000,     0.000,     0.000,13.15200,    13.80000,0.00000,13.15200,13.15200,   0.000000, 0.50000,0.50000,0.50000,
pro0p_20230219, 2023-03-03T10:29:22,  75596532.269, 0.100,   1,  0,  0,  247,  0, 25.0,13.152,     0.000,     0.000,     0.000,13.15200,    13.80000,0.00000,13.15200,13.15200,   0.000000, 0.50000,0.50000,0.50000,
pro0p_20230219, 2023-03-03T10:29:22,  75596532.369, 0.100,   1,  0,  0,  247,  0, 25.0,13.152,     0.000,     0.000,     0.000,13.15200,    13.80000,0.00000,13.15200,13.15200,   0.000000, 0.50000,0.50000,0.50000,
pro0p_20230219, 2023-03-03T10:29:22,  75596532.469, 0.100,   1,  0,  0,  247,  0, 25.0,13.152,     0.000,     0.000,     0.000,13.15200,    13.80000,0.00000,13.15200,13.15200,   0.000000, 0.50000,0.50000,0.50000,
pro0p_20230219, 2023-03-03T10:29:22,  75596532.569, 0.100,   1,  0,  0,  247,  0, 25.0,13.152,     0.000,     0.000,     0.000,13.15200,    13.80000,0.00000,13.15200,13.15200,   0.000000, 0.50000,0.50000,0.50000,
pro0p_20230219, 2023-03-03T10:29:22,  75596532.669, 0.100,   1,  0,  0,  247,  0, 25.0,13.152,     0.000,     0.000,     0.000,13.15200,    13.80000,0.00000,13.15200,13.15200,   0.000000, 0.50000,0.50000,0.50000,
pro0p_20230219, 2023-03-03T10:29:22,  75596532.769, 0.100,   1,  0,  0,  247,  0, 25.0,13.152,     0.000,     0.000,     0.000,13.15200,    13.80000,0.00000,13.15200,13.15200,   0.000000, 0.50000,0.50000,0.50000,
pro0p_20230219, 2023-03-03T10:29:22,  75596532.869, 0.100,   1,  0,  0,  247,  0, 25.0,13.152,     0.000,     0.000,     0.000,13.15200,    13.80000,0.00000,13.15200,13.15200,   0.000000, 0.50000,0.50000,0.50000,
pro0p_20230219, 2023-03-03T10:29:22,  75596532.969, 0.100,   1,  0,  0,  247,  0, 25.0,13.152,     0.000,     0.000,     0.000,13.15200,    13.80000,0.00000,13.15200,13.15200,   0.000000, 0.50000,0.50000,0.50000,
pro0p_20230219, 2023-03-03T10:29:22,  75596533.069, 0.100,   1,  0,  0,  247,  0, 25.0,13.152,     0.000,     0.000,     0.000,13.15200,    13.80000,0.00000,13.15200,13.15200,   0.000000, 0.50000,0.50000,0.50000,
pro0p_20230219, 2023-03-03T10:29:22,  75596533.169, 0.100,   1,  0,  0,  247,  0, 25.0,13.152,     0.000,     0.000,     0.000,13.15200,    13.80000,0.00000,13.15200,13.15200,   0.000000, 0.50000,0.50000,0.50000,
pro0p_20230219, 2023-03-03T10:29:23,  75596533.269, 0.100,   1,  0,  0,  247,  0, 25.0,13.152,     0.000,     0.000,     0.000,13.15200,    13.80000,0.00000,13.15200,13.15200,   0.000000, 0.50000,0.50000,0.50000,
pro0p_20230219, 2023-03-03T10:29:23,  75596533.369, 0.100,   1,  0,  0,  247,  0, 25.0,13.152,     0.000,     0.000,     0.000,13.15200,    13.80000,0.00000,13.15200,13.15200,   0.000000, 0.50000,0.50000,0.50000,
pro0p_20230219, 2023-03-03T10:29:23,  75596533.469, 0.100,   1,  0,  0,  247,  0, 25.0,13.152,     0.000,     0.000,     0.000,13.15200,    13.80000,0.00000,13.15200,13.15200,   0.000000, 0.50000,0.50000,0.50000,
pro0p_20230219, 2023-03-03T10:29:23,  75596533.569, 0.100,   1,  0,  0,  247,  0, 25.0,13.152,     0.000,     0.000,     0.000,13.15200,    13.80000,0.00000,13.15200,13.15200,   0.000000, 0.50000,0.50000,0.50000,
pro0p_20230219, 2023-03-03T10:29:23,  75596533.669, 0.100,   1,  0,  0,  247,  0, 25.0,13.152,     0.000,     0.000,     0.000,13.15200,    13.80000,0.00000,13.15200,13.15200,   0.000000, 0.50000,0.50000,0.50000,
pro0p_20230219, 2023-03-03T10:29:23,  75596533.769, 0.100,   1,  0,  0,  247,  0, 25.0,13.152,   -50.000,   -50.000,     0.000,13.15200,    13.80000,-0.69059,13.84269,13.15187,   0.690813, 0.50000,0.49973,0.49999,
pro0p_20230219, 2023-03-03T10:29:23,  75596533.869, 0.100,   1,  0,  0,  247,  0, 25.0,13.152,   -50.000,   -50.000,    -0.000,13.15199,    13.80000,-0.69176,13.84396,13.15187,   0.690813, 0.50000,0.49973,0.49998,
pro0p_20230219, 2023-03-03T10:29:23,  75596533.969, 0.100,   1,  0,  0,  247,  0, 25.0,13.152,   -50.000,   -50.000,    -0.000,13.15199,    13.80000,-0.69292,13.84522,13.15187,   0.690813, 0.50000,0.49973,0.49996,
pro0p_20230219, 2023-03-03T10:29:23,  75596534.069, 0.100,   1,  0,  0,  247,  0, 25.0,13.152,   -50.000,   -50.000,    -0.001,13.15198,    13.80000,-0.69408,13.84648,13.15187,   0.690813, 0.50000,0.49973,0.49995,
pro0p_20230219, 2023-03-03T10:29:23,  75596534.169, 0.100,   1,  0,  0,  247,  0, 25.0,13.152,   -50.000,   -50.000,    -0.001,13.15198,    13.80000,-0.69524,13.84774,13.15187,   0.690813, 0.50000,0.49973,0.49994,
pro0p_20230219, 2023-03-03T10:29:24,  75596534.269, 0.100,   1,  0,  0,  247,  0, 25.0,13.152,   -50.000,   -50.000,    -0.001,13.15197,    13.80000,-0.69639,13.84899,13.15187,   0.690813, 0.50000,0.49973,0.49993,
pro0p_20230219, 2023-03-03T10:29:24,  75596534.369, 0.100,   1,  0,  0,  247,  0, 25.0,13.152,   -50.000,   -50.000,    -0.001,13.15197,    13.80000,-0.69754,13.85024,13.15187,   0.690813, 0.50000,0.49973,0.49991,
pro0p_20230219, 2023-03-03T10:29:24,  75596534.469, 0.100,   1,  0,  0,  247,  0, 25.0,13.152,   -50.000,   -50.000,    -0.002,13.15196,    13.80000,-0.69868,13.85148,13.15187,   0.690813, 0.50000,0.49973,0.49990,
pro0p_20230219, 2023-03-03T10:29:24,  75596534.569, 0.100,   1,  0,  0,  247,  0, 25.0,13.152,   -50.000,   -50.000,    -0.002,13.15196,    13.80000,-0.69982,13.85272,13.15187,   0.690813, 0.50000,0.49973,0.49989,
pro0p_20230219, 2023-03-03T10:29:24,  75596534.669, 0.100,   1,  0,  0,  247,  0, 25.0,13.152,   -50.000,   -50.000,    -0.002,13.15195,    13.80000,-0.70095,13.85395,13.15187,   0.690813, 0.50000,0.49973,0.49988,
pro0p_20230219, 2023-03-03T10:29:24,  75596534.769, 0.100,   1,  0,  0,  247,  0, 25.0,13.152,   -50.000,   -50.000,    -0.002,13.15195,    13.80000,-0.70208,13.85518,13.15187,   0.690813, 0.50000,0.49973,0.49986,
pro0p_20230219, 2023-03-03T10:29:24,  75596534.869, 0.100,   1,  0,  0,  247,  0, 25.0,13.152,   -50.000,   -50.000,    -0.003,13.15194,    13.80000,-0.70321,13.85641,13.15187,   0.690813, 0.50000,0.49973,0.49985,
pro0p_20230219, 2023-03-03T10:29:24,  75596534.969, 0.100,   1,  0,  0,  247,  0, 25.0,13.152,   -50.000,   -50.000,    -0.003,13.15193,    13.80000,-0.70433,13.85763,13.15187,   0.690813, 0.50000,0.49973,0.49984,
pro0p_20230219, 2023-03-03T10:29:24,  75596535.069, 0.100,   1,  0,  0,  247,  0, 25.0,13.152,   -50.000,   -50.000,    -0.003,13.15193,    13.80000,-0.70544,13.85884,13.15187,   0.690813, 0.50000,0.49973,0.49983,
pro0p_20230219, 2023-03-03T10:29:24,  75596535.169, 0.100,   1,  0,  0,  247,  0, 25.0,13.152,   -50.000,   -50.000,    -0.003,13.15192,    13.80000,-0.70655,13.86005,13.15187,   0.690813, 0.50000,0.49973,0.49982,
pro0p_20230219, 2023-03-03T10:29:25,  75596535.269, 0.100,   1,  0,  0,  247,  0, 25.0,13.152,   -50.000,   -50.000,    -0.004,13.15192,    13.80000,-0.70766,13.86126,13.15187,   0.690813, 0.50000,0.49973,0.49980,
pro0p_20230219, 2023-03-03T10:29:25,  75596535.369, 0.100,   1,  0,  0,  247,  0, 25.0,13.152,   -50.000,   -50.000,    -0.004,13.15191,    13.80000,-0.70876,13.86246,13.15187,   0.690813, 0.50000,0.49973,0.49979,
pro0p_20230219, 2023-03-03T10:29:25,  75596535.469, 0.100,   1,  0,  0,  247,  0, 25.0,13.152,   -50.000,   -50.000,    -0.004,13.15191,    13.80000,-0.70986,13.86366,13.15187,   0.690813, 0.50000,0.49973,0.49978,
pro0p_20230219, 2023-03-03T10:29:25,  75596535.569, 0.100,   1,  0,  0,  247,  0, 25.0,13.152,   -50.000,   -50.000,    -0.004,13.15190,    13.80000,-0.71095,13.86485,13.15187,   0.690813, 0.50000,0.49973,0.49977,
pro0p_20230219, 2023-03-03T10:29:25,  75596535.669, 0.100,   1,  0,  0,  247,  0, 25.0,13.152,   -50.000,   -50.000,    -0.005,13.15190,    13.80000,-0.71204,13.86604,13.15187,   0.690813, 0.50000,0.49973,0.49975,
pro0p_20230219, 2023-03-03T10:29:25,  75596535.769, 0.100,   1,  0,  0,  247,  0, 25.0,13.152,   -50.000,   -50.000,    -0.005,13.15189,    13.80000,-0.71312,13.86722,13.15175,   0.715469, 0.50000,0.49947,0.49974,
pro0p_20230219, 2023-03-03T10:29:25,  75596535.869, 0.100,   1,  0,  0,  247,  0, 25.0,13.152,   -50.000,   -50.000,    -0.005,13.15188,    13.80000,-0.71420,13.86840,13.15175,   0.715469, 0.50000,0.49947,0.49973,
pro0p_20230219, 2023-03-03T10:29:25,  75596535.969, 0.100,   1,  0,  0,  247,  0, 25.0,13.152,   -50.000,   -50.000,    -0.005,13.15188,    13.80000,-0.71528,13.86958,13.15175,   0.715469, 0.50000,0.49947,0.49972,
pro0p_20230219, 2023-03-03T10:29:25,  75596536.069, 0.100,   1,  0,  0,  247,  0, 25.0,13.152,   -50.000,   -50.000,    -0.006,13.15187,    13.80000,-0.71635,13.87075,13.15175,   0.715469, 0.50000,0.49947,0.49970,
pro0p_20230219, 2023-03-03T10:29:25,  75596536.169, 0.100,   1,  0,  0,  247,  0, 25.0,13.152,   -50.000,   -50.000,    -0.006,13.15187,    13.80000,-0.71742,13.87192,13.15175,   0.715469, 0.50000,0.49947,0.49969,
pro0p_20230219, 2023-03-03T10:29:26,  75596536.269, 0.100,   1,  0,  0,  247,  0, 25.0,13.152,   -50.000,   -50.000,    -0.006,13.15186,    13.80000,-0.71848,13.87308,13.15175,   0.715469, 0.50000,0.49947,0.49968,
pro0p_20230219, 2023-03-03T10:29:26,  75596536.369, 0.100,   1,  0,  0,  247,  0, 25.0,13.152,   -50.000,   -50.000,    -0.006,13.15186,    13.80000,-0.71954,13.87424,13.15175,   0.715469, 0.50000,0.49947,0.49967,
pro0p_20230219, 2023-03-03T10:29:26,  75596536.469, 0.100,   1,  0,  0,  247,  0, 25.0,13.152,   -50.000,   -50.000,    -0.007,13.15185,    13.80000,-0.72059,13.87539,13.15175,   0.715469, 0.50000,0.49947,0.49965,
pro0p_20230219, 2023-03-03T10:29:26,  75596536.569, 0.100,   1,  0,  0,  247,  0, 25.0,13.152,   -50.000,   -50.000,    -0.007,13.15184,    13.80000,-0.72164,13.87654,13.15175,   0.715469, 0.50000,0.49947,0.49964,
pro0p_20230219, 2023-03-03T10:29:26,  75596536.669, 0.100,   1,  0,  0,  247,  0, 25.0,13.152,   -50.000,   -50.000,    -0.007,13.15184,    13.80000,-0.72269,13.87769,13.15175,   0.715469, 0.50000,0.49947,0.49963,
pro0p_20230219, 2023-03-03T10:29:26,  75596536.769, 0.100,   1,  0,  0,  247,  0, 25.0,13.152,   -50.000,   -50.000,    -0.007,13.15183,    13.80000,-0.72373,13.87883,13.15175,   0.715469, 0.50000,0.49947,0.49962,
pro0p_20230219, 2023-03-03T10:29:26,  75596536.869, 0.100,   1,  0,  0,  247,  0, 25.0,13.152,   -50.000,   -50.000,    -0.008,13.15183,    13.80000,-0.72477,13.87997,13.15175,   0.715469, 0.50000,0.49947,0.49961,
pro0p_20230219, 2023-03-03T10:29:26,  75596536.969, 0.100,   1,  0,  0,  247,  0, 25.0,13.152,   -50.000,   -50.000,    -0.008,13.15182,    13.80000,-0.72580,13.88110,13.15175,   0.715469, 0.50000,0.49947,0.49959,
pro0p_20230219, 2023-03-03T10:29:26,  75596537.069, 0.100,   1,  0,  0,  247,  0, 25.0,13.152,   -50.000,   -50.000,    -0.008,13.15182,    13.80000,-0.72683,13.88223,13.15175,   0.715469, 0.50000,0.49947,0.49958,
pro0p_20230219, 2023-03-03T10:29:26,  75596537.169, 0.100,   1,  0,  0,  247,  0, 25.0,13.152,   -50.000,   -50.000,    -0.008,13.15181,    13.80000,-0.72786,13.88336,13.15175,   0.715469, 0.50000,0.49947,0.49957,
pro0p_20230219, 2023-03-03T10:29:27,  75596537.269, 0.100,   1,  0,  0,  247,  0, 25.0,13.152,   -50.000,   -50.000,    -0.009,13.15181,    13.80000,-0.72888,13.88448,13.15175,   0.715469, 0.50000,0.49947,0.49956,
pro0p_20230219, 2023-03-03T10:29:27,  75596537.369, 0.100,   1,  0,  0,  247,  0, 25.0,13.152,   -50.000,   -50.000,    -0.009,13.15180,    13.80000,-0.72990,13.88559,13.15175,   0.715469, 0.50000,0.49947,0.49954,
pro0p_20230219, 2023-03-03T10:29:27,  75596537.469, 0.100,   1,  0,  0,  247,  0, 25.0,13.152,   -50.000,   -50.000,    -0.009,13.15180,    13.80000,-0.73091,13.88671,13.15175,   0.715469, 0.50000,0.49947,0.49953,
pro0p_20230219, 2023-03-03T10:29:27,  75596537.569, 0.100,   1,  0,  0,  247,  0, 25.0,13.152,   -50.000,   -50.000,    -0.009,13.15179,    13.80000,-0.73192,13.88782,13.15175,   0.715469, 0.50000,0.49947,0.49952,
pro0p_20230219, 2023-03-03T10:29:27,  75596537.669, 0.100,   1,  0,  0,  247,  0, 25.0,13.152,   -50.000,   -50.000,    -0.010,13.15178,    13.80000,-0.73292,13.88892,13.15175,   0.715469, 0.50000,0.49947,0.49951,
pro0p_20230219, 2023-03-03T10:29:27,  75596537.769, 0.100,   1,  0,  0,  247,  0, 25.0,13.152,   -50.000,   -50.000,    -0.010,13.15178,    13.80000,-0.73392,13.89002,13.15164,   0.738385, 0.50000,0.49921,0.49949,
pro0p_20230219, 2023-03-03T10:29:27,  75596537.869, 0.100,   1,  0,  0,  247,  0, 25.0,13.152,   -50.000,   -50.000,    -0.010,13.15177,    13.80000,-0.73492,13.89112,13.15164,   0.738385, 0.50000,0.49921,0.49948,
pro0p_20230219, 2023-03-03T10:29:27,  75596537.969, 0.100,   1,  0,  0,  247,  0, 25.0,13.152,   -50.000,   -50.000,    -0.010,13.15177,    13.80000,-0.73591,13.89221,13.15164,   0.738385, 0.50000,0.49921,0.49947,
pro0p_20230219, 2023-03-03T10:29:27,  75596538.069, 0.100,   1,  0,  0,  247,  0, 25.0,13.152,   -50.000,   -50.000,    -0.011,13.15176,    13.80000,-0.73690,13.89330,13.15164,   0.738385, 0.50000,0.49921,0.49946,
pro0p_20230219, 2023-03-03T10:29:27,  75596538.169, 0.100,   1,  0,  0,  247,  0, 25.0,13.152,   -50.000,   -50.000,    -0.011,13.15176,    13.80000,-0.73789,13.89438,13.15164,   0.738385, 0.50000,0.49921,0.49945,
pro0p_20230219, 2023-03-03T10:29:28,  75596538.269, 0.100,   1,  0,  0,  247,  0, 25.0,13.152,   -50.000,   -50.000,    -0.011,13.15175,    13.80000,-0.73887,13.89546,13.15164,   0.738385, 0.50000,0.49921,0.49943,
pro0p_20230219, 2023-03-03T10:29:28,  75596538.369, 0.100,   1,  0,  0,  247,  0, 25.0,13.152,   -50.000,   -50.000,    -0.011,13.15175,    13.80000,-0.73984,13.89654,13.15164,   0.738385, 0.50000,0.49921,0.49942,
pro0p_20230219, 2023-03-03T10:29:28,  75596538.469, 0.100,   1,  0,  0,  247,  0, 25.0,13.152,   -50.000,   -50.000,    -0.012,13.15174,    13.80000,-0.74082,13.89761,13.15164,   0.738385, 0.50000,0.49921,0.49941,
pro0p_20230219, 2023-03-03T10:29:28,  75596538.569, 0.100,   1,  0,  0,  247,  0, 25.0,13.152,   -50.000,   -50.000,    -0.012,13.15173,    13.80000,-0.74179,13.89868,13.15164,   0.738385, 0.50000,0.49921,0.49940,
pro0p_20230219, 2023-03-03T10:29:28,  75596538.669, 0.100,   1,  0,  0,  247,  0, 25.0,13.152,   -50.000,   -50.000,    -0.012,13.15173,    13.80000,-0.74275,13.89975,13.15164,   0.738385, 0.50000,0.49921,0.49938,
pro0p_20230219, 2023-03-03T10:29:28,  75596538.769, 0.100,   1,  0,  0,  247,  0, 25.0,13.152,   -50.000,   -50.000,    -0.012,13.15172,    13.80000,-0.74371,13.90081,13.15164,   0.738385, 0.50000,0.49921,0.49937,
pro0p_20230219, 2023-03-03T10:29:28,  75596538.869, 0.100,   1,  0,  0,  247,  0, 25.0,13.152,   -50.000,   -50.000,    -0.013,13.15172,    13.80000,-0.74467,13.90187,13.15164,   0.738385, 0.50000,0.49921,0.49936,
pro0p_20230219, 2023-03-03T10:29:28,  75596538.969, 0.100,   1,  0,  0,  247,  0, 25.0,13.152,   -50.000,   -50.000,    -0.013,13.15171,    13.80000,-0.74562,13.90292,13.15164,   0.738385, 0.50000,0.49921,0.49935,
pro0p_20230219, 2023-03-03T10:29:28,  75596539.069, 0.100,   1,  0,  0,  247,  0, 25.0,13.152,   -50.000,   -50.000,    -0.013,13.15171,    13.80000,-0.74657,13.90397,13.15164,   0.738385, 0.50000,0.49921,0.49933,
pro0p_20230219, 2023-03-03T10:29:28,  75596539.169, 0.100,   1,  0,  0,  247,  0, 25.0,13.152,   -50.000,   -50.000,    -0.013,13.15170,    13.80000,-0.74752,13.90501,13.15164,   0.738385, 0.50000,0.49921,0.49932,
pro0p_20230219, 2023-03-03T10:29:29,  75596539.269, 0.100,   1,  0,  0,  247,  0, 25.0,13.152,   -50.000,   -50.000,    -0.014,13.15170,    13.80000,-0.74846,13.90606,13.15164,   0.738385, 0.50000,0.49921,0.49931,
pro0p_20230219, 2023-03-03T10:29:29,  75596539.369, 0.100,   1,  0,  0,  247,  0, 25.0,13.152,   -50.000,   -50.000,    -0.014,13.15169,    13.80000,-0.74940,13.90710,13.15164,   0.738385, 0.50000,0.49921,0.49930,
pro0p_20230219, 2023-03-03T10:29:29,  75596539.469, 0.100,   1,  0,  0,  247,  0, 25.0,13.152,   -50.000,   -50.000,    -0.014,13.15168,    13.80000,-0.75033,13.90813,13.15164,   0.738385, 0.50000,0.49921,0.49929,
pro0p_20230219, 2023-03-03T10:29:29,  75596539.569, 0.100,   1,  0,  0,  247,  0, 25.0,13.152,   -50.000,   -50.000,    -0.014,13.15168,    13.80000,-0.75126,13.90916,13.15164,   0.738385, 0.50000,0.49921,0.49927,
pro0p_20230219, 2023-03-03T10:29:29,  75596539.669, 0.100,   1,  0,  0,  247,  0, 25.0,13.152,   -50.000,   -50.000,    -0.015,13.15167,    13.80000,-0.75219,13.91019,13.15164,   0.738385, 0.50000,0.49921,0.49926,
pro0p_20230219, 2023-03-03T10:29:29,  75596539.769, 0.100,   1,  0,  0,  247,  0, 25.0,13.152,   -50.000,   -50.000,    -0.015,13.15167,    13.80000,-0.75312,13.91121,13.15152,   0.759693, 0.50000,0.49896,0.49925,
pro0p_20230219, 2023-03-03T10:29:29,  75596539.869, 0.100,   1,  0,  0,  247,  0, 25.0,13.152,   -50.000,   -50.000,    -0.015,13.15166,    13.80000,-0.75403,13.91223,13.15152,   0.759693, 0.50000,0.49896,0.49924,
pro0p_20230219, 2023-03-03T10:29:29,  75596539.969, 0.100,   1,  0,  0,  247,  0, 25.0,13.152,   -50.000,   -50.000,    -0.015,13.15166,    13.80000,-0.75495,13.91325,13.15152,   0.759693, 0.50000,0.49896,0.49922,
pro0p_20230219, 2023-03-03T10:29:29,  75596540.069, 0.100,   1,  0,  0,  247,  0, 25.0,13.152,   -50.000,   -50.000,    -0.016,13.15165,    13.80000,-0.75586,13.91426,13.15152,   0.759693, 0.50000,0.49896,0.49921,
pro0p_20230219, 2023-03-03T10:29:29,  75596540.169, 0.100,   1,  0,  0,  247,  0, 25.0,13.152,   -50.000,   -50.000,    -0.016,13.15165,    13.80000,-0.75677,13.91527,13.15152,   0.759693, 0.50000,0.49896,0.49920,
pro0p_20230219, 2023-03-03T10:29:30,  75596540.269, 0.100,   1,  0,  0,  247,  0, 25.0,13.152,   -50.000,   -50.000,    -0.016,13.15164,    13.80000,-0.75768,13.91627,13.15152,   0.759693, 0.50000,0.49896,0.49919,
pro0p_20230219, 2023-03-03T10:29:30,  75596540.369, 0.100,   1,  0,  0,  247,  0, 25.0,13.152,   -50.000,   -50.000,    -0.016,13.15163,    13.80000,-0.75858,13.91727,13.15152,   0.759693, 0.50000,0.49896,0.49917,
pro0p_20230219, 2023-03-03T10:29:30,  75596540.469, 0.100,   1,  0,  0,  247,  0, 25.0,13.152,   -50.000,   -50.000,    -0.017,13.15163,    13.80000,-0.75948,13.91827,13.15152,   0.759693, 0.50000,0.49896,0.49916,
pro0p_20230219, 2023-03-03T10:29:30,  75596540.569, 0.100,   1,  0,  0,  247,  0, 25.0,13.152,   -50.000,   -50.000,    -0.017,13.15162,    13.80000,-0.76037,13.91927,13.15152,   0.759693, 0.50000,0.49896,0.49915,
pro0p_20230219, 2023-03-03T10:29:30,  75596540.669, 0.100,   1,  0,  0,  247,  0, 25.0,13.152,   -50.000,   -50.000,    -0.017,13.15162,    13.80000,-0.76126,13.92026,13.15152,   0.759693, 0.50000,0.49896,0.49914,
pro0p_20230219, 2023-03-03T10:29:30,  75596540.769, 0.100,   1,  0,  0,  247,  0, 25.0,13.152,   -50.000,   -50.000,    -0.017,13.15161,    13.80000,-0.76215,13.92124,13.15152,   0.759693, 0.50000,0.49896,0.49913,
pro0p_20230219, 2023-03-03T10:29:30,  75596540.869, 0.100,   1,  0,  0,  247,  0, 25.0,13.152,   -50.000,   -50.000,    -0.018,13.15161,    13.80000,-0.76303,13.92223,13.15152,   0.759693, 0.50000,0.49896,0.49911,
pro0p_20230219, 2023-03-03T10:29:30,  75596540.969, 0.100,   1,  0,  0,  247,  0, 25.0,13.152,   -50.000,   -50.000,    -0.018,13.15160,    13.80000,-0.76391,13.92321,13.15152,   0.759693, 0.50000,0.49896,0.49910,
pro0p_20230219, 2023-03-03T10:29:30,  75596541.069, 0.100,   1,  0,  0,  247,  0, 25.0,13.152,   -50.000,   -50.000,    -0.018,13.15160,    13.80000,-0.76479,13.92418,13.15152,   0.759693, 0.50000,0.49896,0.49909,
pro0p_20230219, 2023-03-03T10:29:30,  75596541.169, 0.100,   1,  0,  0,  247,  0, 25.0,13.152,   -50.000,   -50.000,    -0.018,13.15159,    13.80000,-0.76566,13.92516,13.15152,   0.759693, 0.50000,0.49896,0.49908,
pro0p_20230219, 2023-03-03T10:29:31,  75596541.269, 0.100,   1,  0,  0,  247,  0, 25.0,13.152,   -50.000,   -50.000,    -0.019,13.15158,    13.80000,-0.76653,13.92613,13.15152,   0.759693, 0.50000,0.49896,0.49906,
pro0p_20230219, 2023-03-03T10:29:31,  75596541.369, 0.100,   1,  0,  0,  247,  0, 25.0,13.152,   -50.000,   -50.000,    -0.019,13.15158,    13.80000,-0.76740,13.92709,13.15152,   0.759693, 0.50000,0.49896,0.49905,
pro0p_20230219, 2023-03-03T10:29:31,  75596541.469, 0.100,   1,  0,  0,  247,  0, 25.0,13.152,   -50.000,   -50.000,    -0.019,13.15157,    13.80000,-0.76826,13.92805,13.15152,   0.759693, 0.50000,0.49896,0.49904,
pro0p_20230219, 2023-03-03T10:29:31,  75596541.569, 0.100,   1,  0,  0,  247,  0, 25.0,13.152,   -50.000,   -50.000,    -0.019,13.15157,    13.80000,-0.76912,13.92901,13.15152,   0.759693, 0.50000,0.49896,0.49903,
pro0p_20230219, 2023-03-03T10:29:31,  75596541.669, 0.100,   1,  0,  0,  247,  0, 25.0,13.152,   -50.000,   -50.000,    -0.020,13.15156,    13.80000,-0.76997,13.92997,13.15152,   0.759693, 0.50000,0.49896,0.49901,
pro0p_20230219, 2023-03-03T10:29:31,  75596541.769, 0.100,   1,  0,  0,  247,  0, 25.0,13.152,   -50.000,   -50.000,    -0.020,13.15156,    13.80000,-0.77083,13.93092,13.15140,   0.779515, 0.50000,0.49870,0.49900,
pro0p_20230219, 2023-03-03T10:29:31,  75596541.869, 0.100,   1,  0,  0,  247,  0, 25.0,13.152,   -50.000,   -50.000,    -0.020,13.15155,    13.80000,-0.77168,13.93187,13.15140,   0.779515, 0.50000,0.49870,0.49899,
pro0p_20230219, 2023-03-03T10:29:31,  75596541.969, 0.100,   1,  0,  0,  247,  0, 25.0,13.152,   -50.000,   -50.000,    -0.020,13.15155,    13.80000,-0.77252,13.93281,13.15140,   0.779515, 0.50000,0.49870,0.49898,
pro0p_20230219, 2023-03-03T10:29:31,  75596542.069, 0.100,   1,  0,  0,  247,  0, 25.0,13.152,   -50.000,   -50.000,    -0.021,13.15154,    13.80000,-0.77336,13.93375,13.15140,   0.779515, 0.50000,0.49870,0.49896,
pro0p_20230219, 2023-03-03T10:29:31,  75596542.169, 0.100,   1,  0,  0,  247,  0, 25.0,13.152,   -50.000,   -50.000,    -0.021,13.15154,    13.80000,-0.77420,13.93469,13.15140,   0.779515, 0.50000,0.49870,0.49895,
pro0p_20230219, 2023-03-03T10:29:32,  75596542.269, 0.100,   1,  0,  0,  247,  0, 25.0,13.152,   -50.000,   -50.000,    -0.021,13.15153,    13.80000,-0.77504,13.93563,13.15140,   0.779515, 0.50000,0.49870,0.49894,
pro0p_20230219, 2023-03-03T10:29:32,  75596542.369, 0.100,   1,  0,  0,  247,  0, 25.0,13.152,   -50.000,   -50.000,    -0.021,13.15152,    13.80000,-0.77587,13.93656,13.15140,   0.779515, 0.50000,0.49870,0.49893,
pro0p_20230219, 2023-03-03T10:29:32,  75596542.469, 0.100,   1,  0,  0,  247,  0, 25.0,13.152,   -50.000,   -50.000,    -0.022,13.15152,    13.80000,-0.77670,13.93749,13.15140,   0.779515, 0.50000,0.49870,0.49892,
pro0p_20230219, 2023-03-03T10:29:32,  75596542.569, 0.100,   1,  0,  0,  247,  0, 25.0,13.152,   -50.000,   -50.000,    -0.022,13.15151,    13.80000,-0.77752,13.93841,13.15140,   0.779515, 0.50000,0.49870,0.49890,
pro0p_20230219, 2023-03-03T10:29:32,  75596542.669, 0.100,   1,  0,  0,  247,  0, 25.0,13.152,   -50.000,   -50.000,    -0.022,13.15151,    13.80000,-0.77835,13.93934,13.15140,   0.779515, 0.50000,0.49870,0.49889,
pro0p_20230219, 2023-03-03T10:29:32,  75596542.769, 0.100,   1,  0,  0,  247,  0, 25.0,13.152,   -50.000,   -50.000,    -0.022,13.15150,    13.80000,-0.77916,13.94025,13.15140,   0.779515, 0.50000,0.49870,0.49888,
pro0p_20230219, 2023-03-03T10:29:32,  75596542.869, 0.100,   1,  0,  0,  247,  0, 25.0,13.152,   -50.000,   -50.000,    -0.023,13.15150,    13.80000,-0.77998,13.94117,13.15140,   0.779515, 0.50000,0.49870,0.49887,
pro0p_20230219, 2023-03-03T10:29:32,  75596542.969, 0.100,   1,  0,  0,  247,  0, 25.0,13.152,   -50.000,   -50.000,    -0.023,13.15149,    13.80000,-0.78079,13.94208,13.15140,   0.779515, 0.50000,0.49870,0.49885,
pro0p_20230219, 2023-03-03T10:29:32,  75596543.069, 0.100,   1,  0,  0,  247,  0, 25.0,13.152,   -50.000,   -50.000,    -0.023,13.15148,    13.80000,-0.78160,13.94299,13.15140,   0.779515, 0.50000,0.49870,0.49884,
pro0p_20230219, 2023-03-03T10:29:32,  75596543.169, 0.100,   1,  0,  0,  247,  0, 25.0,13.152,   -50.000,   -50.000,    -0.023,13.15148,    13.80000,-0.78241,13.94390,13.15140,   0.779515, 0.50000,0.49870,0.49883,
pro0p_20230219, 2023-03-03T10:29:33,  75596543.269, 0.100,   1,  0,  0,  247,  0, 25.0,13.152,   -50.000,   -50.000,    -0.024,13.15147,    13.80000,-0.78321,13.94480,13.15140,   0.779515, 0.50000,0.49870,0.49882,
pro0p_20230219, 2023-03-03T10:29:33,  75596543.369, 0.100,   1,  0,  0,  247,  0, 25.0,13.152,   -50.000,   -50.000,    -0.024,13.15147,    13.80000,-0.78401,13.94570,13.15140,   0.779515, 0.50000,0.49870,0.49880,
pro0p_20230219, 2023-03-03T10:29:33,  75596543.469, 0.100,   1,  0,  0,  247,  0, 25.0,13.152,   -50.000,   -50.000,    -0.024,13.15146,    13.80000,-0.78480,13.94659,13.15140,   0.779515, 0.50000,0.49870,0.49879,
pro0p_20230219, 2023-03-03T10:29:33,  75596543.569, 0.100,   1,  0,  0,  247,  0, 25.0,13.152,   -50.000,   -50.000,    -0.024,13.15146,    13.80000,-0.78560,13.94748,13.15140,   0.779515, 0.50000,0.49870,0.49878,
pro0p_20230219, 2023-03-03T10:29:33,  75596543.669, 0.100,   1,  0,  0,  247,  0, 25.0,13.152,   -50.000,   -50.000,    -0.025,13.15145,    13.80000,-0.78639,13.94837,13.15140,   0.779515, 0.50000,0.49870,0.49877,
pro0p_20230219, 2023-03-03T10:29:33,  75596543.769, 0.100,   1,  0,  0,  247,  0, 25.0,13.152,   -50.000,   -50.000,    -0.025,13.15145,    13.80000,-0.78717,13.94926,13.15129,   0.797968, 0.50000,0.49846,0.49876,
pro0p_20230219, 2023-03-03T10:29:33,  75596543.869, 0.100,   1,  0,  0,  247,  0, 25.0,13.152,   -50.000,   -50.000,    -0.025,13.15144,    13.80000,-0.78796,13.95014,13.15129,   0.797968, 0.50000,0.49846,0.49874,
pro0p_20230219, 2023-03-03T10:29:33,  75596543.969, 0.100,   1,  0,  0,  247,  0, 25.0,13.152,   -50.000,   -50.000,    -0.025,13.15143,    13.80000,-0.78874,13.95102,13.15129,   0.797968, 0.50000,0.49846,0.49873,
pro0p_20230219, 2023-03-03T10:29:33,  75596544.069, 0.100,   1,  0,  0,  247,  0, 25.0,13.152,   -50.000,   -50.000,    -0.026,13.15143,    13.80000,-0.78951,13.95190,13.15129,   0.797968, 0.50000,0.49846,0.49872,
pro0p_20230219, 2023-03-03T10:29:33,  75596544.169, 0.100,   1,  0,  0,  247,  0, 25.0,13.152,   -50.000,   -50.000,    -0.026,13.15142,    13.80000,-0.79029,13.95277,13.15129,   0.797968, 0.50000,0.49846,0.49871,
pro0p_20230219, 2023-03-03T10:29:34,  75596544.269, 0.100,   1,  0,  0,  247,  0, 25.0,13.152,   -50.000,   -50.000,    -0.026,13.15142,    13.80000,-0.79106,13.95364,13.15129,   0.797968, 0.50000,0.49846,0.49869,
pro0p_20230219, 2023-03-03T10:29:34,  75596544.369, 0.100,   1,  0,  0,  247,  0, 25.0,13.152,   -50.000,   -50.000,    -0.026,13.15141,    13.80000,-0.79182,13.95451,13.15129,   0.797968, 0.50000,0.49846,0.49868,
pro0p_20230219, 2023-03-03T10:29:34,  75596544.469, 0.100,   1,  1,  0,  247,  0, 25.0,13.152,   -50.000,   -50.000,    -0.027,13.15141,    13.80000,-0.79259,13.95537,13.15129,   0.797968, 0.50000,0.49846,0.49867,
pro0p_20230219, 2023-03-03T10:29:34,  75596544.569, 0.100,   1,  1,  0,  247,  0, 25.0,13.152,   -50.000,   -50.000,    -0.027,13.15140,    13.80000,-0.79335,14.00535,13.15129,   0.797968, 0.50000,0.49846,0.49866,
pro0p_20230219, 2023-03-03T10:29:34,  75596544.669, 0.100,   1,  1,  0,  247,  0, 25.0,13.152,   -50.000,   -50.000,   -19.340,13.15140,    13.80000,-0.79411,14.00611,13.15129,   0.797968, 0.50000,0.49846,0.49864,
pro0p_20230219, 2023-03-03T10:29:34,  75596544.769, 0.100,   1,  1,  0,  247,  0, 25.0,13.152,   -50.000,   -50.000,   -19.340,13.15139,    13.80000,-0.79486,14.00687,13.15129,   0.797968, 0.50000,0.49846,0.49863,
pro0p_20230219, 2023-03-03T10:29:34,  75596544.869, 0.100,   1,  1,  0,  247,  0, 25.0,13.152,   -50.000,   -50.000,   -19.341,13.15139,    13.80000,-0.79562,14.00762,13.15129,   0.797968, 0.50000,0.49846,0.49862,
pro0p_20230219, 2023-03-03T10:29:34,  75596544.969, 0.100,   1,  1,  0,  247,  0, 25.0,13.152,   -50.000,   -50.000,   -19.341,13.15138,    13.80000,-0.79637,14.00837,13.15129,   0.797968, 0.50000,0.49846,0.49861,
pro0p_20230219, 2023-03-03T10:29:34,  75596545.069, 0.100,   1,  1,  0,  247,  0, 25.0,13.152,   -50.000,   -50.000,   -19.341,13.15137,    13.80000,-0.79711,14.00911,13.15129,   0.797968, 0.50000,0.49846,0.49860,
pro0p_20230219, 2023-03-03T10:29:34,  75596545.169, 0.100,   1,  1,  0,  247,  0, 25.0,13.152,   -50.000,   -50.000,   -19.342,13.15137,    13.80000,-0.79786,14.00986,13.15129,   0.797968, 0.50000,0.49846,0.49858,
pro0p_20230219, 2023-03-03T10:29:35,  75596545.269, 0.100,   1,  1,  0,  247,  0, 25.0,13.152,   -50.000,   -50.000,   -19.342,13.15136,    13.80000,-0.79860,14.01060,13.15129,   0.797968, 0.50000,0.49846,0.49857,
pro0p_20230219, 2023-03-03T10:29:35,  75596545.369, 0.100,   1,  1,  0,  247,  0, 25.0,13.152,   -50.000,   -50.000,   -19.342,13.15136,    13.80000,-0.79933,14.01134,13.15129,   0.797968, 0.50000,0.49846,0.49856,
pro0p_20230219, 2023-03-03T10:29:35,  75596545.469, 0.100,   1,  1,  0,  247,  0, 25.0,13.152,   -50.000,   -50.000,   -19.342,13.15135,    13.80000,-0.80007,14.01207,13.15129,   0.797968, 0.50000,0.49846,0.49855,
pro0p_20230219, 2023-03-03T10:29:35,  75596545.569, 0.100,   1,  1,  0,  247,  0, 25.0,13.152,   -50.000,   -50.000,   -19.343,13.15135,    13.80000,-0.80080,14.01280,13.15129,   0.797968, 0.50000,0.49846,0.49853,
pro0p_20230219, 2023-03-03T10:29:35,  75596545.669, 0.100,   1,  1,  0,  247,  0, 25.0,13.152,   -50.000,   -50.000,   -19.343,13.15134,    13.80000,-0.80153,14.01353,13.15129,   0.797968, 0.50000,0.49846,0.49852,
pro0p_20230219, 2023-03-03T10:29:35,  75596545.769, 0.101,   1,  1,  0,  247,  0, 25.0,13.152,   -50.000,   -50.000,   -19.343,13.15133,    13.80000,-0.80226,14.01426,13.15118,   0.863084, 0.50000,0.49822,0.49851,
pro0p_20230219, 2023-03-03T10:29:35,  75596545.870, 0.099,   1,  1,  0,  247,  0, 25.0,13.152,   -50.000,   -50.000,   -19.344,13.15133,    13.80000,-0.80298,14.01498,13.15118,   0.863084, 0.50000,0.49822,0.49850,
pro0p_20230219, 2023-03-03T10:29:35,  75596545.969, 0.100,   1,  1,  0,  247,  0, 25.0,13.152,   -50.000,   -50.000,   -19.344,13.15132,    13.80000,-0.80370,14.01570,13.15118,   0.863084, 0.50000,0.49822,0.49848,
pro0p_20230219, 2023-03-03T10:29:35,  75596546.069, 0.100,   1,  1,  0,  247,  0, 25.0,13.152,   -50.000,   -50.000,   -19.344,13.15132,    13.80000,-0.80441,14.01642,13.15118,   0.863084, 0.50000,0.49822,0.49847,
pro0p_20230219, 2023-03-03T10:29:35,  75596546.169, 0.100,   1,  1,  0,  247,  0, 25.0,13.152,   -50.000,   -50.000,   -19.344,13.15131,    13.80000,-0.80513,14.01713,13.15118,   0.863084, 0.50000,0.49822,0.49846,
pro0p_20230219, 2023-03-03T10:29:36,  75596546.269, 0.100,   1,  1,  0,  247,  0, 25.0,13.152,   -50.000,   -50.000,   -19.345,13.15131,    13.80000,-0.80584,14.01784,13.15118,   0.863084, 0.50000,0.49822,0.49845,
pro0p_20230219, 2023-03-03T10:29:36,  75596546.369, 0.100,   1,  1,  0,  247,  0, 25.0,13.152,   -50.000,   -50.000,   -19.345,13.15130,    13.80000,-0.80655,14.01855,13.15118,   0.863084, 0.50000,0.49822,0.49843,
pro0p_20230219, 2023-03-03T10:29:36,  75596546.469, 0.100,   1,  1,  0,  247,  0, 25.0,13.152,   -50.000,   -50.000,   -19.345,13.15130,    13.80000,-0.80725,14.01926,13.15118,   0.863084, 0.50000,0.49822,0.49842,
pro0p_20230219, 2023-03-03T10:29:36,  75596546.569, 0.100,   1,  1,  0,  247,  0, 25.0,13.152,   -50.000,   -50.000,   -19.345,13.15129,    13.80000,-0.80796,14.01996,13.15118,   0.863084, 0.50000,0.49822,0.49841,
pro0p_20230219, 2023-03-03T10:29:36,  75596546.669, 0.100,   1,  1,  0,  247,  0, 25.0,13.152,   -50.000,   -50.000,   -19.346,13.15129,    13.80000,-0.80866,14.02066,13.15118,   0.863084, 0.50000,0.49822,0.49840,
pro0p_20230219, 2023-03-03T10:29:36,  75596546.769, 0.100,   1,  1,  0,  247,  0, 25.0,13.152,   -50.000,   -50.000,   -19.346,13.15128,    13.80000,-0.80935,14.02135,13.15118,   0.863084, 0.50000,0.49822,0.49839,
pro0p_20230219, 2023-03-03T10:29:36,  75596546.869, 0.100,   1,  1,  0,  247,  0, 25.0,13.152,   -50.000,   -50.000,   -19.346,13.15127,    13.80000,-0.81005,14.02205,13.15118,   0.863084, 0.50000,0.49822,0.49837,
pro0p_20230219, 2023-03-03T10:29:36,  75596546.969, 0.100,   1,  1,  0,  247,  0, 25.0,13.152,   -50.000,   -50.000,   -19.347,13.15127,    13.80000,-0.81074,14.02274,13.15118,   0.863084, 0.50000,0.49822,0.49836,
pro0p_20230219, 2023-03-03T10:29:36,  75596547.069, 0.100,   1,  1,  0,  247,  0, 25.0,13.152,   -50.000,   -50.000,   -19.347,13.15126,    13.80000,-0.81143,14.02343,13.15118,   0.863084, 0.50000,0.49822,0.49835,
pro0p_20230219, 2023-03-03T10:29:36,  75596547.169, 0.100,   1,  1,  0,  247,  0, 25.0,13.152,   -50.000,   -50.000,   -19.347,13.15126,    13.80000,-0.81211,14.02412,13.15118,   0.863084, 0.50000,0.49822,0.49834,
pro0p_20230219, 2023-03-03T10:29:37,  75596547.269, 0.100,   1,  1,  0,  247,  0, 25.0,13.152,   -50.000,   -50.000,   -19.347,13.15125,    13.80000,-0.81280,14.02480,13.15118,   0.863084, 0.50000,0.49822,0.49832,
pro0p_20230219, 2023-03-03T10:29:37,  75596547.369, 0.100,   1,  1,  0,  247,  0, 25.0,13.152,   -50.000,   -50.000,   -19.348,13.15125,    13.80000,-0.81348,14.02548,13.15118,   0.863084, 0.50000,0.49822,0.49831,
pro0p_20230219, 2023-03-03T10:29:37,  75596547.469, 0.100,   1,  1,  0,  247,  0, 25.0,13.152,   -50.000,   -50.000,   -19.348,13.15124,    13.80000,-0.81416,14.02616,13.15118,   0.863084, 0.50000,0.49822,0.49830,
pro0p_20230219, 2023-03-03T10:29:37,  75596547.569, 0.100,   1,  1,  0,  247,  0, 25.0,13.152,   -50.000,   -50.000,   -19.348,13.15124,    13.80000,-0.81483,14.02683,13.15118,   0.863084, 0.50000,0.49822,0.49829,
pro0p_20230219, 2023-03-03T10:29:37,  75596547.669, 0.100,   1,  1,  0,  247,  0, 25.0,13.152,   -50.000,   -50.000,   -19.348,13.15123,    13.80000,-0.81550,14.02750,13.15118,   0.863084, 0.50000,0.49822,0.49827,
pro0p_20230219, 2023-03-03T10:29:37,  75596547.769, 0.100,   1,  1,  0,  247,  0, 25.0,13.152,   -50.000,   -50.000,   -19.349,13.15122,    13.80000,-0.81617,14.02818,13.15107,   0.877104, 0.50000,0.49798,0.49826,
pro0p_20230219, 2023-03-03T10:29:37,  75596547.869, 0.101,   1,  1,  0,  247,  0, 25.0,13.152,   -50.000,   -50.000,   -19.349,13.15122,    13.80000,-0.81685,14.02885,13.15107,   0.877104, 0.50000,0.49798,0.49825,
pro0p_20230219, 2023-03-03T10:29:37,  75596547.970, 0.099,   1,  1,  0,  247,  0, 25.0,13.152,   -50.000,   -50.000,   -19.349,13.15121,    13.80000,-0.81751,14.02951,13.15107,   0.877104, 0.50000,0.49798,0.49824,
pro0p_20230219, 2023-03-03T10:29:37,  75596548.069, 0.100,   1,  1,  0,  247,  0, 25.0,13.152,   -50.000,   -50.000,   -19.350,13.15121,    13.80000,-0.81817,14.03017,13.15107,   0.877104, 0.50000,0.49798,0.49823,
pro0p_20230219, 2023-03-03T10:29:37,  75596548.169, 0.100,   1,  1,  0,  247,  0, 25.0,13.152,   -50.000,   -50.000,   -19.350,13.15120,    13.80000,-0.81883,14.03083,13.15107,   0.877104, 0.50000,0.49798,0.49821,
pro0p_20230219, 2023-03-03T10:29:38,  75596548.269, 0.100,   1,  1,  0,  247,  0, 25.0,13.152,   -50.000,   -50.000,   -19.350,13.15120,    13.80000,-0.81948,14.03148,13.15107,   0.877104, 0.50000,0.49798,0.49820,
pro0p_20230219, 2023-03-03T10:29:38,  75596548.369, 0.100,   1,  1,  0,  247,  0, 25.0,13.152,   -50.000,   -50.000,   -19.350,13.15119,    13.80000,-0.82014,14.03214,13.15107,   0.877104, 0.50000,0.49798,0.49819,
pro0p_20230219, 2023-03-03T10:29:38,  75596548.469, 0.100,   1,  1,  0,  247,  0, 25.0,13.152,   -50.000,   -50.000,   -19.351,13.15119,    13.80000,-0.82079,14.03279,13.15107,   0.877104, 0.50000,0.49798,0.49818,
pro0p_20230219, 2023-03-03T10:29:38,  75596548.569, 0.100,   1,  1,  0,  247,  0, 25.0,13.152,   -50.000,   -50.000,   -19.351,13.15118,    13.80000,-0.82144,14.03344,13.15107,   0.877104, 0.50000,0.49798,0.49816,
pro0p_20230219, 2023-03-03T10:29:38,  75596548.669, 0.100,   1,  1,  0,  247,  0, 25.0,13.152,   -50.000,   -50.000,   -19.351,13.15117,    13.80000,-0.82208,14.03408,13.15107,   0.877104, 0.50000,0.49798,0.49815,
pro0p_20230219, 2023-03-03T10:29:38,  75596548.769, 0.101,   1,  1,  0,  247,  0, 25.0,13.152,   -50.000,   -50.000,   -19.351,13.15117,    13.80000,-0.82273,14.03473,13.15107,   0.877104, 0.50000,0.49798,0.49814,
pro0p_20230219, 2023-03-03T10:29:38,  75596548.870, 0.099,   1,  1,  0,  247,  0, 25.0,13.152,   -50.000,   -50.000,   -19.352,13.15116,    13.80000,-0.82337,14.03537,13.15107,   0.877104, 0.50000,0.49798,0.49813,
pro0p_20230219, 2023-03-03T10:29:38,  75596548.969, 0.153,   1,  1,  0,  247,  0, 25.0,13.152,   -50.000,   -50.000,   -19.352,13.15116,    13.80000,-0.82434,14.03634,13.15107,   0.877104, 0.50000,0.49798,0.49811,
pro0p_20230219, 2023-03-03T10:29:38,  75596549.122, 0.099,   1,  1,  0,  247,  0, 25.0,13.152,   -50.000,   -50.000,   -19.352,13.15115,    13.80000,-0.82497,14.03697,13.15107,   0.877104, 0.50000,0.49798,0.49810,
pro0p_20230219, 2023-03-03T10:29:39,  75596549.221, 0.100,   1,  1,  0,  247,  0, 25.0,13.152,   -50.000,   -50.000,   -19.353,13.15114,    13.80000,-0.82560,14.03760,13.15107,   0.877104, 0.50000,0.49798,0.49808,
pro0p_20230219, 2023-03-03T10:29:39,  75596549.321, 0.100,   1,  1,  0,  247,  0, 25.0,13.152,   -50.000,   -50.000,   -19.353,13.15114,    13.80000,-0.82623,14.03823,13.15107,   0.877104, 0.50000,0.49798,0.49807,
pro0p_20230219, 2023-03-03T10:29:39,  75596549.421, 0.100,   1,  1,  0,  247,  0, 25.0,13.152,   -50.000,   -50.000,   -19.353,13.15113,    13.80000,-0.82686,14.03886,13.15107,   0.877104, 0.50000,0.49798,0.49806,
pro0p_20230219, 2023-03-03T10:29:39,  75596549.521, 0.100,   1,  1,  0,  247,  0, 25.0,13.152,   -50.000,   -50.000,   -19.354,13.15113,    13.80000,-0.82748,14.03948,13.15107,   0.877104, 0.50000,0.49798,0.49805,
pro0p_20230219, 2023-03-03T10:29:39,  75596549.621, 0.100,   1,  1,  0,  247,  0, 25.0,13.152,   -50.000,   -50.000,   -19.354,13.15112,    13.80000,-0.82810,14.04010,13.15107,   0.877104, 0.50000,0.49798,0.49803,
pro0p_20230219, 2023-03-03T10:29:39,  75596549.721, 0.100,   1,  1,  0,  247,  0, 25.0,13.152,   -50.000,   -50.000,   -19.354,13.15112,    13.80000,-0.82872,14.04072,13.15107,   0.877104, 0.50000,0.49798,0.49802,
pro0p_20230219, 2023-03-03T10:29:39,  75596549.821, 0.100,   1,  1,  0,  247,  0, 25.0,13.152,   -50.000,   -50.000,   -19.354,13.15111,    13.80000,-0.82934,14.04134,13.15097,   0.890374, 0.50000,0.49775,0.49801,
pro0p_20230219, 2023-03-03T10:29:39,  75596549.921, 0.100,   1,  1,  0,  247,  0, 25.0,13.152,   -50.000,   -50.000,   -19.355,13.15110,    13.80000,-0.82995,14.04195,13.15097,   0.890374, 0.50000,0.49775,0.49800,
pro0p_20230219, 2023-03-03T10:29:39,  75596550.021, 0.100,   1,  1,  0,  247,  0, 25.0,13.152,   -50.000,   -50.000,   -19.355,13.15110,    13.80000,-0.83057,14.04257,13.15097,   0.890374, 0.50000,0.49775,0.49798,
pro0p_20230219, 2023-03-03T10:29:39,  75596550.121, 0.100,   1,  1,  0,  247,  0, 25.0,13.152,   -50.000,   -50.000,   -19.355,13.15109,    13.80000,-0.83117,14.04318,13.15097,   0.890374, 0.50000,0.49775,0.49797,
pro0p_20230219, 2023-03-03T10:29:40,  75596550.221, 0.101,   1,  1,  0,  247,  0, 25.0,13.152,   -50.000,   -50.000,   -19.355,13.15109,    13.80000,-0.83179,14.04379,13.15097,   0.890374, 0.50000,0.49775,0.49796,
pro0p_20230219, 2023-03-03T10:29:40,  75596550.322, 0.100,   1,  1,  0,  247,  0, 25.0,13.152,     0.000,     0.000,   -19.356,13.15108,    13.80000,-0.14180,13.35380,13.15097,   0.890374, 0.50000,0.49775,1.00000,
pro0p_20230219, 2023-03-03T10:29:40,  75596550.422, 0.101,   1,  1,  0,  247,  0, 25.0,14.640,     0.000,     0.000,   -15.000,14.70000,    13.80000,0.00000,14.70000,14.69999,   0.000006, 1.00000,1.00000,1.00000,
pro0p_20230219, 2023-03-03T10:29:40,  75596550.523, 0.008,   1,  1,  0,  247,  0, 25.0,14.640,     0.000,     0.000,   -15.000,14.70000,    13.80000,0.00000,14.70000,14.69999,   0.000006, 1.00000,1.00000,1.00000,
pro0p_20230219, 2023-03-03T10:29:40,  75596550.531, 0.098,   1,  1,  0,  247,  0, 25.0,14.640,     0.000,     0.000,   -15.000,14.70000,    13.80000,0.00000,14.70000,14.69999,   0.000006, 1.00000,1.00000,1.00000,
pro0p_20230219, 2023-03-03T10:29:40,  75596550.629, 0.100,   1,  1,  0,  247,  0, 25.0,14.640,     0.000,     0.000,   -15.000,14.70000,    13.80000,0.00000,14.70000,14.69999,   0.000006, 1.00000,1.00000,1.00000,
pro0p_20230219, 2023-03-03T10:29:40,  75596550.729, 0.100,   1,  1,  0,  247,  0, 25.0,14.640,     0.000,     0.000,   -15.000,14.70000,    13.80000,0.00000,14.70000,14.69999,   0.000006, 1.00000,1.00000,1.00000,
pro0p_20230219, 2023-03-03T10:29:40,  75596550.829, 0.100,   1,  1,  0,  247,  0, 25.0,14.640,     0.000,     0.000,   -15.000,14.70000,    13.80000,0.00000,14.70000,14.69999,   0.000006, 1.00000,1.00000,1.00000,
pro0p_20230219, 2023-03-03T10:29:40,  75596550.929, 0.100,   1,  1,  0,  247,  0, 25.0,14.640,     0.000,     0.000,   -15.000,14.70000,    13.80000,0.00000,14.70000,14.69999,   0.000006, 1.00000,1.00000,1.00000,
pro0p_20230219, 2023-03-03T10:29:40,  75596551.029, 0.100,   1,  1,  0,  247,  0, 25.0,14.640,     0.000,     0.000,   -15.000,14.70000,    13.80000,0.00000,14.70000,14.69999,   0.000006, 1.00000,1.00000,1.00000,
pro0p_20230219, 2023-03-03T10:29:40,  75596551.129, 0.100,   1,  1,  0,  247,  0, 25.0,14.640,     0.000,     0.000,   -15.000,14.70000,    13.80000,0.00000,14.70000,14.69999,   0.000006, 1.00000,1.00000,1.00000,
pro0p_20230219, 2023-03-03T10:29:41,  75596551.229, 0.100,   1,  1,  0,  247,  0, 25.0,14.640,     0.000,     0.000,   -15.000,14.70000,    13.80000,0.00000,14.70000,14.69999,   0.000006, 1.00000,1.00000,1.00000,
pro0p_20230219, 2023-03-03T10:29:41,  75596551.329, 0.100,   1,  1,  0,  247,  0, 25.0,14.640,     0.000,     0.000,   -15.000,14.70000,    13.80000,0.00000,14.70000,14.69999,   0.000006, 1.00000,1.00000,1.00000,
pro0p_20230219, 2023-03-03T10:29:41,  75596551.429, 0.100,   1,  1,  0,  247,  0, 25.0,14.640,     0.000,     0.000,   -15.000,14.70000,    13.80000,0.00000,14.70000,14.69999,   0.000006, 1.00000,1.00000,1.00000,
pro0p_20230219, 2023-03-03T10:29:41,  75596551.529, 0.100,   1,  1,  0,  247,  0, 25.0,14.640,     0.000,     0.000,   -15.000,14.70000,    13.80000,0.00000,14.70000,14.69999,   0.000006, 1.00000,1.00000,1.00000,
pro0p_20230219, 2023-03-03T10:29:41,  75596551.629, 0.100,   1,  1,  0,  247,  0, 25.0,14.640,     0.000,     0.000,   -15.000,14.70000,    13.80000,0.00000,14.70000,14.69999,   0.000006, 1.00000,1.00000,1.00000,
pro0p_20230219, 2023-03-03T10:29:41,  75596551.729, 0.101,   1,  1,  0,  247,  0, 25.0,14.640,     0.000,     0.000,   -15.000,14.70000,    13.80000,0.00000,14.70000,14.69999,   0.000006, 1.00000,1.00000,1.00000,
pro0p_20230219, 2023-03-03T10:29:41,  75596551.830, 0.099,   1,  1,  0,  247,  0, 25.0,14.640,     0.000,     0.000,   -15.000,14.70000,    13.80000,0.00000,14.70000,14.69999,   0.000006, 1.00000,1.00000,1.00000,
pro0p_20230219, 2023-03-03T10:29:41,  75596551.929, 0.100,   1,  1,  0,  247,  0, 25.0,14.640,     0.000,     0.000,   -15.000,14.70000,    13.80000,0.00000,14.70000,14.69999,   0.000006, 1.00000,1.00000,1.00000,
pro0p_20230219, 2023-03-03T10:29:41,  75596552.029, 0.100,   1,  1,  0,  247,  0, 25.0,14.640,     0.000,     0.000,   -15.000,14.70000,    13.80000,0.00000,14.70000,14.69999,   0.000006, 1.00000,1.00000,1.00000,
pro0p_20230219, 2023-03-03T10:29:41,  75596552.129, 0.100,   1,  1,  0,  247,  0, 25.0,14.640,     0.000,     0.000,   -15.000,14.70000,    13.80000,0.00000,14.70000,14.69999,   0.000006, 1.00000,1.00000,1.00000,
pro0p_20230219, 2023-03-03T10:29:42,  75596552.229, 0.101,   1,  1,  0,  247,  0, 25.0,14.640,     0.000,     0.000,   -15.000,14.70000,    13.80000,0.00000,14.70000,14.69999,   0.000006, 1.00000,1.00000,1.00000,
pro0p_20230219, 2023-03-03T10:29:42,  75596552.330, 0.099,   1,  1,  0,  247,  0, 25.0,14.640,     0.000,     0.000,   -15.000,14.70000,    13.80000,0.00000,14.70000,14.69999,   0.000006, 1.00000,1.00000,1.00000,
pro0p_20230219, 2023-03-03T10:29:42,  75596552.429, 0.100,   1,  1,  0,  247,  0, 25.0,14.640,     0.000,     0.000,   -15.000,14.70000,    13.80000,0.00000,14.70000,14.69998,   0.000020, 1.00000,1.00000,1.00000,
pro0p_20230219, 2023-03-03T10:29:42,  75596552.529, 0.100,   1,  1,  0,  247,  0, 25.0,14.640,     0.000,     0.000,   -15.000,14.70000,    13.80000,0.00000,14.70000,14.69998,   0.000020, 1.00000,1.00000,1.00000,
pro0p_20230219, 2023-03-03T10:29:42,  75596552.629, 0.100,   1,  1,  0,  247,  0, 25.0,14.640,     0.000,     0.000,   -15.000,14.70000,    13.80000,0.00000,14.70000,14.69998,   0.000020, 1.00000,1.00000,1.00000,
pro0p_20230219, 2023-03-03T10:29:42,  75596552.729, 0.101,   1,  1,  0,  247,  0, 25.0,14.640,     0.000,     0.000,   -15.000,14.70000,    13.80000,0.00000,14.70000,14.69998,   0.000020, 1.00000,1.00000,1.00000,
pro0p_20230219, 2023-03-03T10:29:42,  75596552.830, 0.100,   1,  1,  0,  247,  0, 25.0,14.640,     0.000,     0.000,   -15.000,14.70000,    13.80000,0.00000,14.70000,14.69998,   0.000020, 1.00000,1.00000,1.00000,
pro0p_20230219, 2023-03-03T10:29:42,  75596552.930, 0.100,   1,  1,  0,  247,  0, 25.0,14.640,     0.000,     0.000,   -15.000,14.70000,    13.80000,0.00000,14.70000,14.69998,   0.000020, 1.00000,1.00000,1.00000,
pro0p_20230219, 2023-03-03T10:29:42,  75596553.030, 0.099,   1,  1,  0,  247,  0, 25.0,14.640,     0.000,     0.000,   -15.000,14.70000,    13.80000,0.00000,14.70000,14.69998,   0.000020, 1.00000,1.00000,1.00000,
pro0p_20230219, 2023-03-03T10:29:42,  75596553.129, 0.101,   1,  1,  0,  247,  0, 25.0,14.640,     0.000,     0.000,   -15.000,14.70000,    13.80000,0.00000,14.70000,14.69998,   0.000020, 1.00000,1.00000,1.00000,
pro0p_20230219, 2023-03-03T10:29:43,  75596553.230, 0.100,   1,  1,  0,  247,  0, 25.0,14.640,     0.000,     0.000,   -15.000,14.70000,    13.80000,0.00000,14.70000,14.69998,   0.000020, 1.00000,1.00000,1.00000,
pro0p_20230219, 2023-03-03T10:29:43,  75596553.330, 0.100,   1,  1,  0,  247,  0, 25.0,14.640,     0.000,     0.000,   -15.000,14.70000,    13.80000,0.00000,14.70000,14.69998,   0.000020, 1.00000,1.00000,1.00000,
pro0p_20230219, 2023-03-03T10:29:43,  75596553.430, 0.100,   1,  1,  0,  247,  0, 25.0,14.640,     0.000,     0.000,   -15.000,14.70000,    13.80000,0.00000,14.70000,14.69998,   0.000020, 1.00000,1.00000,1.00000,
pro0p_20230219, 2023-03-03T10:29:43,  75596553.530, 0.099,   1,  1,  0,  247,  0, 25.0,14.640,     0.000,     0.000,   -15.000,14.70000,    13.80000,0.00000,14.70000,14.69998,   0.000020, 1.00000,1.00000,1.00000,
pro0p_20230219, 2023-03-03T10:29:43,  75596553.629, 0.101,   1,  1,  0,  247,  0, 25.0,14.640,     0.000,     0.000,   -15.000,14.70000,    13.80000,0.00000,14.70000,14.69998,   0.000020, 1.00000,1.00000,1.00000,
pro0p_20230219, 2023-03-03T10:29:43,  75596553.730, 0.100,   1,  1,  0,  247,  0, 25.0,14.640,     0.000,     0.000,   -15.000,14.70000,    13.80000,0.00000,14.70000,14.69998,   0.000020, 1.00000,1.00000,1.00000,
pro0p_20230219, 2023-03-03T10:29:43,  75596553.830, 0.100,   1,  1,  0,  247,  0, 25.0,14.640,     0.000,     0.000,   -15.000,14.70000,    13.80000,0.00000,14.70000,14.69998,   0.000020, 1.00000,1.00000,1.00000,
pro0p_20230219, 2023-03-03T10:29:43,  75596553.930, 0.100,   1,  1,  0,  247,  0, 25.0,14.640,     0.000,     0.000,   -15.000,14.70000,    13.80000,0.00000,14.70000,14.69998,   0.000020, 1.00000,1.00000,1.00000,
pro0p_20230219, 2023-03-03T10:29:43,  75596554.030, 0.099,   1,  1,  0,  247,  0, 25.0,14.640,     0.000,     0.000,   -15.000,14.70000,    13.80000,0.00000,14.70000,14.69998,   0.000020, 1.00000,1.00000,1.00000,
pro0p_20230219, 2023-03-03T10:29:43,  75596554.129, 0.101,   1,  1,  0,  247,  0, 25.0,14.640,     0.000,     0.000,   -15.000,14.70000,    13.80000,0.00000,14.70000,14.69998,   0.000020, 1.00000,1.00000,1.00000,
pro0p_20230219, 2023-03-03T10:29:44,  75596554.230, 0.100,   1,  1,  0,  247,  0, 25.0,14.640,     0.000,     0.000,   -15.000,14.70000,    13.80000,0.00000,14.70000,14.69998,   0.000020, 1.00000,1.00000,1.00000,
pro0p_20230219, 2023-03-03T10:29:44,  75596554.330, 0.100,   1,  1,  0,  247,  0, 25.0,14.640,     0.000,     0.000,   -15.000,14.70000,    13.80000,0.00000,14.70000,14.69998,   0.000020, 1.00000,1.00000,1.00000,
pro0p_20230219, 2023-03-03T10:29:44,  75596554.430, 0.100,   1,  1,  0,  247,  0, 25.0,14.640,     0.000,     0.000,   -15.000,14.70000,    13.80000,0.00000,14.70000,14.69998,   0.000020, 1.00000,1.00000,1.00000,
pro0p_20230219, 2023-03-03T10:29:44,  75596554.530, 0.100,   1,  1,  0,  247,  0, 25.0,14.640,     0.000,     0.000,   -15.000,14.70000,    13.80000,0.00000,14.70000,14.69998,   0.000020, 1.00000,1.00000,1.00000,
pro0p_20230219, 2023-03-03T10:29:44,  75596554.630, 0.100,   1,  1,  0,  247,  0, 25.0,14.640,     0.000,     0.000,   -15.000,14.70000,    13.80000,0.00000,14.70000,14.69998,   0.000020, 1.00000,1.00000,1.00000,
pro0p_20230219, 2023-03-03T10:29:44,  75596554.730, 0.100,   1,  1,  0,  247,  0, 25.0,14.640,     0.000,     0.000,   -15.000,14.70000,    13.80000,0.00000,14.70000,14.69998,   0.000020, 1.00000,1.00000,1.00000,
pro0p_20230219, 2023-03-03T10:29:44,  75596554.830, 0.100,   1,  1,  0,  247,  0, 25.0,14.640,     0.000,     0.000,   -15.000,14.70000,    13.80000,0.00000,14.70000,14.69998,   0.000020, 1.00000,1.00000,1.00000,
pro0p_20230219, 2023-03-03T10:29:44,  75596554.930, 0.100,   1,  1,  0,  247,  0, 25.0,14.640,     0.000,     0.000,   -15.000,14.70000,    13.80000,0.00000,14.70000,14.69998,   0.000020, 1.00000,1.00000,1.00000,
pro0p_20230219, 2023-03-03T10:29:44,  75596555.030, 0.196,   1,  1,  0,  247,  0, 25.0,14.640,     0.000,     0.000,   -15.000,14.70000,    13.80000,0.00000,14.70000,14.69998,   0.000020, 1.00000,1.00000,1.00000,
pro0p_20230219, 2023-03-03T10:29:45,  75596555.226, 0.100,   1,  1,  0,  247,  0, 25.0,14.640,     0.000,     0.000,   -15.000,14.70000,    13.80000,0.00000,14.70000,14.69998,   0.000020, 1.00000,1.00000,1.00000,
pro0p_20230219, 2023-03-03T10:29:45,  75596555.326, 0.100,   1,  1,  0,  247,  0, 25.0,14.640,     0.000,     0.000,   -15.000,14.70000,    13.80000,0.00000,14.70000,14.69998,   0.000020, 1.00000,1.00000,1.00000,
pro0p_20230219, 2023-03-03T10:29:45,  75596555.426, 0.100,   1,  1,  0,  247,  0, 25.0,14.640,     0.000,     0.000,   -15.000,14.70000,    13.80000,0.00000,14.70000,14.69998,   0.000020, 1.00000,1.00000,1.00000,
pro0p_20230219, 2023-03-03T10:29:45,  75596555.526, 0.100,   1,  1,  0,  247,  0, 25.0,14.640,     0.000,     0.000,   -15.000,14.70000,    13.80000,0.00000,14.70000,14.69999,   0.000006, 1.00000,1.00000,1.00000,
pro0p_20230219, 2023-03-03T10:29:45,  75596555.626, 0.014,   1,  1,  0,  247,  0, 25.0,14.640,     0.000,     0.000,   -15.000,14.70000,    13.80000,0.00000,14.70000,14.69999,   0.000007, 1.00000,1.00000,1.00000,
pro0p_20230219, 2023-03-03T10:29:45,  75596555.640, 0.098,   1,  1,  0,  247,  0, 25.0,14.640,     0.000,     0.000,   -15.000,14.70000,    13.80000,0.00000,14.70000,14.69999,   0.000007, 1.00000,1.00000,1.00000,
pro0p_20230219, 2023-03-03T10:29:45,  75596555.738, 0.100,   1,  1,  0,  247,  0, 25.0,14.640,     0.000,     0.000,   -15.000,14.70000,    13.80000,0.00000,14.70000,14.69999,   0.000007, 1.00000,1.00000,1.00000,
pro0p_20230219, 2023-03-03T10:29:45,  75596555.838, 0.100,   1,  1,  0,  247,  0, 25.0,14.640,     0.000,     0.000,   -15.000,14.70000,    13.80000,0.00000,14.70000,14.69999,   0.000007, 1.00000,1.00000,1.00000,
pro0p_20230219, 2023-03-03T10:29:45,  75596555.938, 0.100,   1,  1,  0,  247,  0, 25.0,14.640,     0.000,     0.000,   -15.000,14.70000,    13.80000,0.00000,14.70000,14.69999,   0.000007, 1.00000,1.00000,1.00000,
pro0p_20230219, 2023-03-03T10:29:45,  75596556.038, 0.100,   1,  1,  0,  247,  0, 25.0,14.640,     0.000,     0.000,   -15.000,14.70000,    13.80000,0.00000,14.70000,14.69999,   0.000007, 1.00000,1.00000,1.00000,
pro0p_20230219, 2023-03-03T10:29:45,  75596556.138, 0.100,   1,  1,  0,  247,  0, 25.0,14.640,     0.000,     0.000,   -15.000,14.70000,    13.80000,0.00000,14.70000,14.69999,   0.000007, 1.00000,1.00000,1.00000,
pro0p_20230219, 2023-03-03T10:29:46,  75596556.238, 0.100,   1,  1,  0,  247,  0, 25.0,14.640,     0.000,     0.000,   -15.000,14.70000,    13.80000,0.00000,14.70000,14.69999,   0.000007, 1.00000,1.00000,1.00000,
pro0p_20230219, 2023-03-03T10:29:46,  75596556.338, 0.100,   1,  1,  0,  247,  0, 25.0,14.640,     0.000,     0.000,   -15.000,14.70000,    13.80000,0.00000,14.70000,14.69999,   0.000007, 1.00000,1.00000,1.00000,
pro0p_20230219, 2023-03-03T10:29:46,  75596556.438, 0.100,   1,  1,  0,  247,  0, 25.0,14.640,     0.000,     0.000,   -15.000,14.70000,    13.80000,0.00000,14.70000,14.69999,   0.000007, 1.00000,1.00000,1.00000,
pro0p_20230219, 2023-03-03T10:29:46,  75596556.538, 0.100,   1,  1,  0,  247,  0, 25.0,14.640,     0.000,     0.000,   -15.000,14.70000,    13.80000,0.00000,14.70000,14.69999,   0.000007, 1.00000,1.00000,1.00000,
pro0p_20230219, 2023-03-03T10:29:46,  75596556.638, 0.100,   1,  1,  0,  247,  0, 25.0,14.640,     0.000,     0.000,   -15.000,14.70000,    13.80000,0.00000,14.70000,14.69999,   0.000007, 1.00000,1.00000,1.00000,
pro0p_20230219, 2023-03-03T10:29:46,  75596556.738, 0.100,   1,  1,  0,  247,  0, 25.0,14.640,     0.000,     0.000,   -15.000,14.70000,    13.80000,0.00000,14.70000,14.69999,   0.000007, 1.00000,1.00000,1.00000,
pro0p_20230219, 2023-03-03T10:29:46,  75596556.838, 0.100,   1,  1,  0,  247,  0, 25.0,14.640,     0.000,     0.000,   -15.000,14.70000,    13.80000,0.00000,14.70000,14.69999,   0.000007, 1.00000,1.00000,1.00000,
pro0p_20230219, 2023-03-03T10:29:46,  75596556.938, 0.100,   1,  1,  0,  247,  0, 25.0,14.640,     0.000,     0.000,   -15.000,14.70000,    13.80000,0.00000,14.70000,14.69999,   0.000007, 1.00000,1.00000,1.00000,
pro0p_20230219, 2023-03-03T10:29:46,  75596557.038, 0.100,   1,  1,  0,  247,  0, 25.0,14.640,     0.000,     0.000,   -15.000,14.70000,    13.80000,0.00000,14.70000,14.69999,   0.000007, 1.00000,1.00000,1.00000,
pro0p_20230219, 2023-03-03T10:29:46,  75596557.138, 0.100,   1,  1,  0,  247,  0, 25.0,14.640,     0.000,     0.000,   -15.000,14.70000,    13.80000,0.00000,14.70000,14.69999,   0.000007, 1.00000,1.00000,1.00000,
pro0p_20230219, 2023-03-03T10:29:47,  75596557.238, 0.100,   1,  1,  0,  247,  0, 25.0,14.640,     0.000,     0.000,   -15.000,14.70000,    13.80000,0.00000,14.70000,14.69999,   0.000007, 1.00000,1.00000,1.00000,
pro0p_20230219, 2023-03-03T10:29:47,  75596557.338, 0.100,   1,  1,  0,  247,  0, 25.0,14.640,     0.000,     0.000,   -15.000,14.70000,    13.80000,0.00000,14.70000,14.69999,   0.000007, 1.00000,1.00000,1.00000,
pro0p_20230219, 2023-03-03T10:29:47,  75596557.438, 0.100,   1,  1,  0,  247,  0, 25.0,14.640,     0.000,     0.000,   -15.000,14.70000,    13.80000,0.00000,14.70000,14.69999,   0.000007, 1.00000,1.00000,1.00000,
pro0p_20230219, 2023-03-03T10:29:47,  75596557.538, 0.100,   1,  1,  0,  247,  0, 25.0,14.640,     0.000,     0.000,   -15.000,14.70000,    13.80000,0.00000,14.70000,14.69998,   0.000021, 1.00000,1.00000,1.00000,
pro0p_20230219, 2023-03-03T10:29:47,  75596557.638, 0.100,   1,  1,  0,  247,  0, 25.0,14.640,     0.000,     0.000,   -15.000,14.70000,    13.80000,0.00000,14.70000,14.69998,   0.000021, 1.00000,1.00000,1.00000,
pro0p_20230219, 2023-03-03T10:29:47,  75596557.738, 0.100,   1,  1,  0,  247,  0, 25.0,14.640,     0.000,     0.000,   -15.000,14.70000,    13.80000,0.00000,14.70000,14.69998,   0.000021, 1.00000,1.00000,1.00000,
pro0p_20230219, 2023-03-03T10:29:47,  75596557.838, 0.100,   1,  1,  0,  247,  0, 25.0,14.640,     0.000,     0.000,   -15.000,14.70000,    13.80000,0.00000,14.70000,14.69998,   0.000021, 1.00000,1.00000,1.00000,
pro0p_20230219, 2023-03-03T10:29:47,  75596557.938, 0.100,   1,  1,  0,  247,  0, 25.0,14.640,     0.000,     0.000,   -15.000,14.70000,    13.80000,0.00000,14.70000,14.69998,   0.000021, 1.00000,1.00000,1.00000,
pro0p_20230219, 2023-03-03T10:29:47,  75596558.038, 0.100,   1,  1,  0,  247,  0, 25.0,14.640,     0.000,     0.000,   -15.000,14.70000,    13.80000,0.00000,14.70000,14.69998,   0.000021, 1.00000,1.00000,1.00000,
pro0p_20230219, 2023-03-03T10:29:47,  75596558.138, 0.100,   1,  1,  0,  247,  0, 25.0,14.640,     0.000,     0.000,   -15.000,14.70000,    13.80000,0.00000,14.70000,14.69998,   0.000021, 1.00000,1.00000,1.00000,
pro0p_20230219, 2023-03-03T10:29:48,  75596558.238, 0.100,   1,  1,  0,  247,  0, 25.0,14.640,     0.000,     0.000,   -15.000,14.70000,    13.80000,0.00000,14.70000,14.69998,   0.000021, 1.00000,1.00000,1.00000,
pro0p_20230219, 2023-03-03T10:29:48,  75596558.338, 0.100,   1,  1,  0,  247,  0, 25.0,14.640,     0.000,     0.000,   -15.000,14.70000,    13.80000,0.00000,14.70000,14.69998,   0.000021, 1.00000,1.00000,1.00000,
pro0p_20230219, 2023-03-03T10:29:48,  75596558.438, 0.100,   1,  1,  0,  247,  0, 25.0,14.640,     0.000,     0.000,   -15.000,14.70000,    13.80000,0.00000,14.70000,14.69998,   0.000021, 1.00000,1.00000,1.00000,
pro0p_20230219, 2023-03-03T10:29:48,  75596558.538, 0.100,   1,  1,  0,  247,  0, 25.0,14.640,     0.000,     0.000,   -15.000,14.70000,    13.80000,0.00000,14.70000,14.69998,   0.000021, 1.00000,1.00000,1.00000,
pro0p_20230219, 2023-03-03T10:29:48,  75596558.638, 0.100,   1,  1,  0,  247,  0, 25.0,14.640,     0.000,     0.000,   -15.000,14.70000,    13.80000,0.00000,14.70000,14.69998,   0.000021, 1.00000,1.00000,1.00000,
pro0p_20230219, 2023-03-03T10:29:48,  75596558.738, 0.100,   1,  1,  0,  247,  0, 25.0,14.640,     0.000,     0.000,   -15.000,14.70000,    13.80000,0.00000,14.70000,14.69998,   0.000021, 1.00000,1.00000,1.00000,
pro0p_20230219, 2023-03-03T10:29:48,  75596558.838, 0.100,   1,  1,  0,  247,  0, 25.0,14.640,     0.000,     0.000,   -15.000,14.70000,    13.80000,0.00000,14.70000,14.69998,   0.000021, 1.00000,1.00000,1.00000,
pro0p_20230219, 2023-03-03T10:29:48,  75596558.938, 0.100,   1,  1,  0,  247,  0, 25.0,14.640,     0.000,     0.000,   -15.000,14.70000,    13.80000,0.00000,14.70000,14.69998,   0.000021, 1.00000,1.00000,1.00000,
pro0p_20230219, 2023-03-03T10:29:48,  75596559.038, 0.101,   1,  1,  0,  247,  0, 25.0,14.640,     0.000,     0.000,   -15.000,14.70000,    13.80000,0.00000,14.70000,14.69998,   0.000021, 1.00000,1.00000,1.00000,
pro0p_20230219, 2023-03-03T10:29:48,  75596559.139, 0.099,   1,  1,  0,  247,  0, 25.0,14.640,     0.000,     0.000,   -15.000,14.70000,    13.80000,0.00000,14.70000,14.69998,   0.000021, 1.00000,1.00000,1.00000,
pro0p_20230219, 2023-03-03T10:29:49,  75596559.238, 0.100,   1,  1,  0,  247,  0, 25.0,14.640,     0.000,     0.000,   -15.000,14.70000,    13.80000,0.00000,14.70000,14.69998,   0.000021, 1.00000,1.00000,1.00000,
pro0p_20230219, 2023-03-03T10:29:49,  75596559.338, 0.100,   1,  1,  0,  247,  0, 25.0,14.640,     0.000,     0.000,   -15.000,14.70000,    13.80000,0.00000,14.70000,14.69998,   0.000021, 1.00000,1.00000,1.00000,
pro0p_20230219, 2023-03-03T10:29:49,  75596559.438, 0.100,   1,  1,  0,  247,  0, 25.0,14.640,     0.000,     0.000,   -15.000,14.70000,    13.80000,0.00000,14.70000,14.69998,   0.000021, 1.00000,1.00000,1.00000,
pro0p_20230219, 2023-03-03T10:29:49,  75596559.538, 0.100,   1,  1,  0,  247,  0, 25.0,14.640,     0.000,     0.000,   -15.000,14.70000,    13.80000,0.00000,14.70000,14.69998,   0.000021, 1.00000,1.00000,1.00000,
pro0p_20230219, 2023-03-03T10:29:49,  75596559.638, 0.100,   1,  1,  0,  247,  0, 25.0,14.640,     0.000,     0.000,   -15.000,14.70000,    13.80000,0.00000,14.70000,14.69998,   0.000021, 1.00000,1.00000,1.00000,
pro0p_20230219, 2023-03-03T10:29:49,  75596559.738, 0.100,   1,  1,  0,  247,  0, 25.0,14.640,     0.000,     0.000,   -15.000,14.70000,    13.80000,0.00000,14.70000,14.69998,   0.000021, 1.00000,1.00000,1.00000,
pro0p_20230219, 2023-03-03T10:29:49,  75596559.838, 0.100,   1,  1,  0,  247,  0, 25.0,14.640,     0.000,     0.000,   -15.000,14.70000,    13.80000,0.00000,14.70000,14.69998,   0.000021, 1.00000,1.00000,1.00000,
pro0p_20230219, 2023-03-03T10:29:49,  75596559.938, 0.100,   1,  1,  0,  247,  0, 25.0,14.640,     0.000,     0.000,   -15.000,14.70000,    13.80000,0.00000,14.70000,14.69998,   0.000021, 1.00000,1.00000,1.00000,
pro0p_20230219, 2023-03-03T10:29:49,  75596560.038, 0.100,   1,  1,  0,  247,  0, 25.0,14.640,     0.000,     0.000,   -15.000,14.70000,    13.80000,0.00000,14.70000,14.69998,   0.000021, 1.00000,1.00000,1.00000,
pro0p_20230219, 2023-03-03T10:29:49,  75596560.138, 0.100,   1,  1,  0,  247,  0, 25.0,14.640,     0.000,     0.000,   -15.000,14.70000,    13.80000,0.00000,14.70000,14.69998,   0.000021, 1.00000,1.00000,1.00000,
pro0p_20230219, 2023-03-03T10:29:50,  75596560.238, 0.100,   1,  1,  0,  247,  0, 25.0,14.640,     0.000,     0.000,   -15.000,14.70000,    13.80000,0.00000,14.70000,14.69998,   0.000021, 1.00000,1.00000,1.00000,
pro0p_20230219, 2023-03-03T10:29:50,  75596560.338, 0.100,   1,  1,  0,  247,  0, 25.0,14.640,     0.000,     0.000,   -15.000,14.70000,    13.80000,0.00000,14.70000,14.69998,   0.000021, 1.00000,1.00000,1.00000,
pro0p_20230219, 2023-03-03T10:29:50,  75596560.438, 0.100,   1,  1,  0,  247,  0, 25.0,14.640,     0.000,     0.000,   -15.000,14.70000,    13.80000,0.00000,14.70000,14.69998,   0.000021, 1.00000,1.00000,1.00000,
pro0p_20230219, 2023-03-03T10:29:50,  75596560.538, 0.100,   1,  1,  0,  247,  0, 25.0,14.640,     0.000,     0.000,   -15.000,14.70000,    13.80000,0.00000,14.70000,14.69998,   0.000021, 1.00000,1.00000,1.00000,
pro0p_20230219, 2023-03-03T10:29:50,  75596560.638, 0.100,   1,  1,  0,  247,  0, 25.0,14.640,     0.000,     0.000,   -15.000,14.70000,    13.80000,0.00000,14.70000,14.69998,   0.000021, 1.00000,1.00000,1.00000,
pro0p_20230219, 2023-03-03T10:29:50,  75596560.738, 0.100,   1,  1,  0,  247,  0, 25.0,14.640,     0.000,     0.000,   -15.000,14.70000,    13.80000,0.00000,14.70000,14.69998,   0.000021, 1.00000,1.00000,1.00000,
pro0p_20230219, 2023-03-03T10:29:50,  75596560.838, 0.100,   1,  1,  0,  247,  0, 25.0,14.640,     0.000,     0.000,   -15.000,14.70000,    13.80000,0.00000,14.70000,14.69998,   0.000021, 1.00000,1.00000,1.00000,
pro0p_20230219, 2023-03-03T10:29:50,  75596560.938, 0.100,   1,  1,  0,  247,  0, 25.0,14.640,     0.000,     0.000,   -15.000,14.70000,    13.80000,0.00000,14.70000,14.69998,   0.000021, 1.00000,1.00000,1.00000,
pro0p_20230219, 2023-03-03T10:29:50,  75596561.038, 0.100,   1,  1,  0,  247,  0, 25.0,14.640,     0.000,     0.000,   -15.000,14.70000,    13.80000,0.00000,14.70000,14.69998,   0.000021, 1.00000,1.00000,1.00000,
pro0p_20230219, 2023-03-03T10:29:50,  75596561.138, 0.100,   1,  1,  0,  247,  0, 25.0,14.640,     0.000,     0.000,   -15.000,14.70000,    13.80000,0.00000,14.70000,14.69998,   0.000021, 1.00000,1.00000,1.00000,
pro0p_20230219, 2023-03-03T10:29:51,  75596561.238, 0.100,   1,  1,  0,  247,  0, 25.0,14.640,     0.000,     0.000,   -15.000,14.70000,    13.80000,0.00000,14.70000,14.69998,   0.000021, 1.00000,1.00000,1.00000,
pro0p_20230219, 2023-03-03T10:29:51,  75596561.338, 0.100,   1,  1,  0,  247,  0, 25.0,14.640,     0.000,     0.000,   -15.000,14.70000,    13.80000,0.00000,14.70000,14.69998,   0.000021, 1.00000,1.00000,1.00000,
pro0p_20230219, 2023-03-03T10:29:51,  75596561.438, 0.100,   1,  1,  0,  247,  0, 25.0,14.640,     0.000,     0.000,   -15.000,14.70000,    13.80000,0.00000,14.70000,14.69998,   0.000021, 1.00000,1.00000,1.00000,
pro0p_20230219, 2023-03-03T10:29:51,  75596561.538, 0.100,   1,  1,  0,  247,  0, 25.0,14.640,     0.000,     0.000,   -15.000,14.70000,    13.80000,0.00000,14.70000,14.69997,   0.000029, 1.00000,1.00000,1.00000,
pro0p_20230219, 2023-03-03T10:29:51,  75596561.638, 0.100,   1,  1,  0,  247,  0, 25.0,14.640,     0.000,     0.000,   -15.000,14.70000,    13.80000,0.00000,14.70000,14.69997,   0.000029, 1.00000,1.00000,1.00000,
pro0p_20230219, 2023-03-03T10:29:51,  75596561.738, 0.100,   1,  1,  0,  247,  0, 25.0,14.640,     0.000,     0.000,   -15.000,14.70000,    13.80000,0.00000,14.70000,14.69997,   0.000029, 1.00000,1.00000,1.00000,
pro0p_20230219, 2023-03-03T10:29:51,  75596561.838, 0.100,   1,  1,  0,  247,  0, 25.0,14.640,     0.000,     0.000,   -15.000,14.70000,    13.80000,0.00000,14.70000,14.69997,   0.000029, 1.00000,1.00000,1.00000,
pro0p_20230219, 2023-03-03T10:29:51,  75596561.938, 0.100,   1,  1,  0,  247,  0, 25.0,14.640,     0.000,     0.000,   -15.000,14.70000,    13.80000,0.00000,14.70000,14.69997,   0.000029, 1.00000,1.00000,1.00000,
pro0p_20230219, 2023-03-03T10:29:51,  75596562.038, 0.100,   1,  1,  0,  247,  0, 25.0,14.640,     0.000,     0.000,   -15.000,14.70000,    13.80000,0.00000,14.70000,14.69997,   0.000029, 1.00000,1.00000,1.00000,
pro0p_20230219, 2023-03-03T10:29:51,  75596562.138, 0.100,   1,  1,  0,  247,  0, 25.0,14.640,     0.000,     0.000,   -15.000,14.70000,    13.80000,0.00000,14.70000,14.69997,   0.000029, 1.00000,1.00000,1.00000,
pro0p_20230219, 2023-03-03T10:29:52,  75596562.238, 0.100,   1,  1,  0,  247,  0, 25.0,14.640,     0.000,     0.000,   -15.000,14.70000,    13.80000,0.00000,14.70000,14.69997,   0.000029, 1.00000,1.00000,1.00000,
pro0p_20230219, 2023-03-03T10:29:52,  75596562.338, 0.100,   1,  1,  0,  247,  0, 25.0,14.640,     0.000,     0.000,   -15.000,14.70000,    13.80000,0.00000,14.70000,14.69997,   0.000029, 1.00000,1.00000,1.00000,
pro0p_20230219, 2023-03-03T10:29:52,  75596562.438, 0.100,   1,  1,  0,  247,  0, 25.0,14.640,     0.000,     0.000,   -15.000,14.70000,    13.80000,0.00000,14.70000,14.69997,   0.000029, 1.00000,1.00000,1.00000,
pro0p_20230219, 2023-03-03T10:29:52,  75596562.538, 0.100,   1,  1,  0,  247,  0, 25.0,14.640,     0.000,     0.000,   -15.000,14.70000,    13.80000,0.00000,14.70000,14.69997,   0.000029, 1.00000,1.00000,1.00000,
pro0p_20230219, 2023-03-03T10:29:52,  75596562.638, 0.100,   1,  1,  0,  247,  0, 25.0,14.640,     0.000,     0.000,   -15.000,14.70000,    13.80000,0.00000,14.70000,14.69997,   0.000029, 1.00000,1.00000,1.00000,
pro0p_20230219, 2023-03-03T10:29:52,  75596562.738, 0.100,   1,  1,  0,  247,  0, 25.0,14.640,     0.000,     0.000,   -15.000,14.70000,    13.80000,0.00000,14.70000,14.69997,   0.000029, 1.00000,1.00000,1.00000,
pro0p_20230219, 2023-03-03T10:29:52,  75596562.838, 0.100,   1,  1,  0,  247,  0, 25.0,14.640,     0.000,     0.000,   -15.000,14.70000,    13.80000,0.00000,14.70000,14.69997,   0.000029, 1.00000,1.00000,1.00000,
pro0p_20230219, 2023-03-03T10:29:52,  75596562.938, 0.100,   1,  1,  0,  247,  0, 25.0,14.640,     0.000,     0.000,   -15.000,14.70000,    13.80000,0.00000,14.70000,14.69997,   0.000029, 1.00000,1.00000,1.00000,
pro0p_20230219, 2023-03-03T10:29:52,  75596563.038, 0.100,   1,  1,  0,  247,  0, 25.0,14.640,     0.000,     0.000,   -15.000,14.70000,    13.80000,0.00000,14.70000,14.69997,   0.000029, 1.00000,1.00000,1.00000,
pro0p_20230219, 2023-03-03T10:29:52,  75596563.138, 0.100,   1,  1,  0,  247,  0, 25.0,14.640,     0.000,     0.000,   -15.000,14.70000,    13.80000,0.00000,14.70000,14.69997,   0.000029, 1.00000,1.00000,1.00000,
pro0p_20230219, 2023-03-03T10:29:53,  75596563.238, 0.100,   1,  1,  0,  247,  0, 25.0,14.640,     0.000,     0.000,   -15.000,14.70000,    13.80000,0.00000,14.70000,14.69997,   0.000029, 1.00000,1.00000,1.00000,
pro0p_20230219, 2023-03-03T10:29:53,  75596563.338, 0.100,   1,  1,  0,  247,  0, 25.0,14.640,     0.000,     0.000,   -15.000,14.70000,    13.80000,0.00000,14.70000,14.69997,   0.000029, 1.00000,1.00000,1.00000,
pro0p_20230219, 2023-03-03T10:29:53,  75596563.438, 0.100,   1,  1,  0,  247,  0, 25.0,14.640,     0.000,     0.000,   -15.000,14.70000,    13.80000,0.00000,14.70000,14.69997,   0.000029, 1.00000,1.00000,1.00000,
pro0p_20230219, 2023-03-03T10:29:53,  75596563.538, 0.100,   1,  1,  0,  247,  0, 25.0,14.640,     0.000,     0.000,   -15.000,14.70000,    13.80000,0.00000,14.70000,14.69997,   0.000029, 1.00000,1.00000,1.00000,
pro0p_20230219, 2023-03-03T10:29:53,  75596563.638, 0.100,   1,  1,  0,  247,  0, 25.0,14.640,     0.000,     0.000,   -15.000,14.70000,    13.80000,0.00000,14.70000,14.69997,   0.000029, 1.00000,1.00000,1.00000,
pro0p_20230219, 2023-03-03T10:29:53,  75596563.738, 0.100,   1,  1,  0,  247,  0, 25.0,14.640,     0.000,     0.000,   -15.000,14.70000,    13.80000,0.00000,14.70000,14.69997,   0.000029, 1.00000,1.00000,1.00000,
pro0p_20230219, 2023-03-03T10:29:53,  75596563.838, 0.100,   1,  1,  0,  247,  0, 25.0,14.640,     0.000,     0.000,   -15.000,14.70000,    13.80000,0.00000,14.70000,14.69997,   0.000029, 1.00000,1.00000,1.00000,
pro0p_20230219, 2023-03-03T10:29:53,  75596563.938, 0.100,   1,  1,  0,  247,  0, 25.0,14.640,     0.000,     0.000,   -15.000,14.70000,    13.80000,0.00000,14.70000,14.69997,   0.000029, 1.00000,1.00000,1.00000,
pro0p_20230219, 2023-03-03T10:29:53,  75596564.038, 0.100,   1,  1,  0,  247,  0, 25.0,14.640,     0.000,     0.000,   -15.000,14.70000,    13.80000,0.00000,14.70000,14.69997,   0.000029, 1.00000,1.00000,1.00000,
pro0p_20230219, 2023-03-03T10:29:53,  75596564.138, 0.100,   1,  1,  0,  247,  0, 25.0,14.640,     0.000,     0.000,   -15.000,14.70000,    13.80000,0.00000,14.70000,14.69997,   0.000029, 1.00000,1.00000,1.00000,
pro0p_20230219, 2023-03-03T10:29:54,  75596564.238, 0.100,   1,  1,  0,  247,  0, 25.0,14.640,     0.000,     0.000,   -15.000,14.70000,    13.80000,0.00000,14.70000,14.69997,   0.000029, 1.00000,1.00000,1.00000,
pro0p_20230219, 2023-03-03T10:29:54,  75596564.338, 0.100,   1,  1,  0,  247,  0, 25.0,14.640,     0.000,     0.000,   -15.000,14.70000,    13.80000,0.00000,14.70000,14.69997,   0.000029, 1.00000,1.00000,1.00000,
pro0p_20230219, 2023-03-03T10:29:54,  75596564.438, 0.100,   1,  1,  0,  247,  0, 25.0,14.640,     0.000,     0.000,   -15.000,14.70000,    13.80000,0.00000,14.70000,14.69997,   0.000029, 1.00000,1.00000,1.00000,
pro0p_20230219, 2023-03-03T10:29:54,  75596564.538, 0.100,   1,  1,  0,  247,  0, 25.0,14.640,     0.000,     0.000,   -15.000,14.70000,    13.80000,0.00000,14.70000,14.69997,   0.000029, 1.00000,1.00000,1.00000,
pro0p_20230219, 2023-03-03T10:29:54,  75596564.638, 0.100,   1,  1,  0,  247,  0, 25.0,14.640,     0.000,     0.000,   -15.000,14.70000,    13.80000,0.00000,14.70000,14.69997,   0.000029, 1.00000,1.00000,1.00000,
pro0p_20230219, 2023-03-03T10:29:54,  75596564.738, 0.100,   1,  1,  0,  247,  0, 25.0,14.640,     0.000,     0.000,   -15.000,14.70000,    13.80000,0.00000,14.70000,14.69997,   0.000029, 1.00000,1.00000,1.00000,
pro0p_20230219, 2023-03-03T10:29:54,  75596564.838, 0.100,   1,  1,  0,  247,  0, 25.0,14.640,     0.000,     0.000,   -15.000,14.70000,    13.80000,0.00000,14.70000,14.69997,   0.000029, 1.00000,1.00000,1.00000,
pro0p_20230219, 2023-03-03T10:29:54,  75596564.938, 0.100,   1,  1,  0,  247,  0, 25.0,14.640,     0.000,     0.000,   -15.000,14.70000,    13.80000,0.00000,14.70000,14.69997,   0.000029, 1.00000,1.00000,1.00000,
pro0p_20230219, 2023-03-03T10:29:54,  75596565.038, 0.100,   1,  1,  0,  247,  0, 25.0,14.640,     0.000,     0.000,   -15.000,14.70000,    13.80000,0.00000,14.70000,14.69997,   0.000029, 1.00000,1.00000,1.00000,
pro0p_20230219, 2023-03-03T10:29:54,  75596565.138, 0.100,   1,  1,  0,  247,  0, 25.0,14.640,     0.000,     0.000,   -15.000,14.70000,    13.80000,0.00000,14.70000,14.69997,   0.000029, 1.00000,1.00000,1.00000,
pro0p_20230219, 2023-03-03T10:29:55,  75596565.238, 0.100,   1,  1,  0,  247,  0, 25.0,14.640,     0.000,     0.000,   -15.000,14.70000,    13.80000,0.00000,14.70000,14.69997,   0.000029, 1.00000,1.00000,1.00000,
pro0p_20230219, 2023-03-03T10:29:55,  75596565.338, 0.100,   1,  1,  0,  247,  0, 25.0,14.640,     0.000,     0.000,   -15.000,14.70000,    13.80000,0.00000,14.70000,14.69997,   0.000029, 1.00000,1.00000,1.00000,
pro0p_20230219, 2023-03-03T10:29:55,  75596565.438, 0.100,   1,  1,  0,  247,  0, 25.0,14.640,     0.000,     0.000,   -15.000,14.70000,    13.80000,0.00000,14.70000,14.69997,   0.000029, 1.00000,1.00000,1.00000,
pro0p_20230219, 2023-03-03T10:29:55,  75596565.538, 0.100,   1,  1,  0,  247,  0, 25.0,14.640,     0.000,     0.000,   -15.000,14.70000,    13.80000,0.00000,14.70000,14.69997,   0.000029, 1.00000,1.00000,1.00000,
pro0p_20230219, 2023-03-03T10:29:55,  75596565.638, 0.101,   1,  1,  0,  247,  0, 25.0,14.640,     0.000,     0.000,   -15.000,14.70000,    13.80000,0.00000,14.70000,14.69997,   0.000029, 1.00000,1.00000,1.00000,
pro0p_20230219, 2023-03-03T10:29:55,  75596565.739, 0.099,   1,  1,  0,  247,  0, 25.0,14.640,     0.000,     0.000,   -15.000,14.70000,    13.80000,0.00000,14.70000,14.69997,   0.000029, 1.00000,1.00000,1.00000,
pro0p_20230219, 2023-03-03T10:29:55,  75596565.838, 0.100,   1,  1,  0,  247,  0, 25.0,14.640,     0.000,     0.000,   -15.000,14.70000,    13.80000,0.00000,14.70000,14.69997,   0.000029, 1.00000,1.00000,1.00000,
pro0p_20230219, 2023-03-03T10:29:55,  75596565.938, 0.100,   1,  1,  0,  247,  0, 25.0,14.640,     0.000,     0.000,   -15.000,14.70000,    13.80000,0.00000,14.70000,14.69997,   0.000029, 1.00000,1.00000,1.00000,
pro0p_20230219, 2023-03-03T10:29:55,  75596566.038, 0.100,   1,  1,  0,  247,  0, 25.0,14.640,     0.000,     0.000,   -15.000,14.70000,    13.80000,0.00000,14.70000,14.69997,   0.000029, 1.00000,1.00000,1.00000,
pro0p_20230219, 2023-03-03T10:29:55,  75596566.138, 0.100,   1,  1,  0,  247,  0, 25.0,14.640,     0.000,     0.000,   -15.000,14.70000,    13.80000,0.00000,14.70000,14.69997,   0.000029, 1.00000,1.00000,1.00000,
pro0p_20230219, 2023-03-03T10:29:56,  75596566.238, 0.100,   1,  1,  0,  247,  0, 25.0,14.640,     0.000,     0.000,   -15.000,14.70000,    13.80000,0.00000,14.70000,14.69997,   0.000029, 1.00000,1.00000,1.00000,
pro0p_20230219, 2023-03-03T10:29:56,  75596566.338, 0.100,   1,  1,  0,  247,  0, 25.0,14.640,     0.000,     0.000,   -15.000,14.70000,    13.80000,0.00000,14.70000,14.69997,   0.000029, 1.00000,1.00000,1.00000,
pro0p_20230219, 2023-03-03T10:29:56,  75596566.438, 0.100,   1,  1,  0,  247,  0, 25.0,14.640,     0.000,     0.000,   -15.000,14.70000,    13.80000,0.00000,14.70000,14.69997,   0.000029, 1.00000,1.00000,1.00000,
pro0p_20230219, 2023-03-03T10:29:56,  75596566.538, 0.100,   1,  1,  0,  247,  0, 25.0,14.640,     0.000,     0.000,   -15.000,14.70000,    13.80000,0.00000,14.70000,14.69997,   0.000029, 1.00000,1.00000,1.00000,
pro0p_20230219, 2023-03-03T10:29:56,  75596566.638, 0.100,   1,  1,  0,  247,  0, 25.0,14.640,     0.000,     0.000,   -15.000,14.70000,    13.80000,0.00000,14.70000,14.69997,   0.000029, 1.00000,1.00000,1.00000,
pro0p_20230219, 2023-03-03T10:29:56,  75596566.738, 0.100,   1,  1,  0,  247,  0, 25.0,14.640,     0.000,     0.000,   -15.000,14.70000,    13.80000,0.00000,14.70000,14.69997,   0.000029, 1.00000,1.00000,1.00000,
pro0p_20230219, 2023-03-03T10:29:56,  75596566.838, 0.100,   1,  1,  0,  247,  0, 25.0,14.640,     0.000,     0.000,   -15.000,14.70000,    13.80000,0.00000,14.70000,14.69997,   0.000029, 1.00000,1.00000,1.00000,
pro0p_20230219, 2023-03-03T10:29:56,  75596566.938, 0.100,   1,  1,  0,  247,  0, 25.0,14.640,     0.000,     0.000,   -15.000,14.70000,    13.80000,0.00000,14.70000,14.69997,   0.000029, 1.00000,1.00000,1.00000,
pro0p_20230219, 2023-03-03T10:29:56,  75596567.038, 0.100,   1,  1,  0,  247,  0, 25.0,14.640,     0.000,     0.000,   -15.000,14.70000,    13.80000,0.00000,14.70000,14.69997,   0.000029, 1.00000,1.00000,1.00000,
pro0p_20230219, 2023-03-03T10:29:56,  75596567.138, 0.100,   1,  1,  0,  247,  0, 25.0,14.640,     0.000,     0.000,   -15.000,14.70000,    13.80000,0.00000,14.70000,14.69997,   0.000029, 1.00000,1.00000,1.00000,
pro0p_20230219, 2023-03-03T10:29:57,  75596567.238, 0.100,   1,  1,  0,  247,  0, 25.0,14.640,     0.000,     0.000,   -15.000,14.70000,    13.80000,0.00000,14.70000,14.69997,   0.000029, 1.00000,1.00000,1.00000,
pro0p_20230219, 2023-03-03T10:29:57,  75596567.338, 0.100,   1,  1,  0,  247,  0, 25.0,14.640,     0.000,     0.000,   -15.000,14.70000,    13.80000,0.00000,14.70000,14.69997,   0.000029, 1.00000,1.00000,1.00000,
pro0p_20230219, 2023-03-03T10:29:57,  75596567.438, 0.100,   1,  1,  0,  247,  0, 25.0,14.640,     0.000,     0.000,   -15.000,14.70000,    13.80000,0.00000,14.70000,14.69997,   0.000029, 1.00000,1.00000,1.00000,
pro0p_20230219, 2023-03-03T10:29:57,  75596567.538, 0.100,   1,  1,  0,  247,  0, 25.0,14.640,     0.000,     0.000,   -15.000,14.70000,    13.80000,0.00000,14.70000,14.69997,   0.000029, 1.00000,1.00000,1.00000,
pro0p_20230219, 2023-03-03T10:29:57,  75596567.638, 0.100,   1,  1,  0,  247,  0, 25.0,14.640,     0.000,     0.000,   -15.000,14.70000,    13.80000,0.00000,14.70000,14.69997,   0.000029, 1.00000,1.00000,1.00000,
pro0p_20230219, 2023-03-03T10:29:57,  75596567.738, 0.100,   1,  1,  0,  247,  0, 25.0,14.640,     0.000,     0.000,   -15.000,14.70000,    13.80000,0.00000,14.70000,14.69997,   0.000029, 1.00000,1.00000,1.00000,
pro0p_20230219, 2023-03-03T10:29:57,  75596567.838, 0.100,   1,  1,  0,  247,  0, 25.0,14.640,     0.000,     0.000,   -15.000,14.70000,    13.80000,0.00000,14.70000,14.69997,   0.000029, 1.00000,1.00000,1.00000,
pro0p_20230219, 2023-03-03T10:29:57,  75596567.938, 0.100,   1,  1,  0,  247,  0, 25.0,14.640,     0.000,     0.000,   -15.000,14.70000,    13.80000,0.00000,14.70000,14.69997,   0.000029, 1.00000,1.00000,1.00000,
pro0p_20230219, 2023-03-03T10:29:57,  75596568.038, 0.100,   1,  1,  0,  247,  0, 25.0,14.640,     0.000,     0.000,   -15.000,14.70000,    13.80000,0.00000,14.70000,14.69997,   0.000029, 1.00000,1.00000,1.00000,
pro0p_20230219, 2023-03-03T10:29:57,  75596568.138, 0.100,   1,  1,  0,  247,  0, 25.0,14.640,     0.000,     0.000,   -15.000,14.70000,    13.80000,0.00000,14.70000,14.69997,   0.000029, 1.00000,1.00000,1.00000,
pro0p_20230219, 2023-03-03T10:29:58,  75596568.238, 0.100,   1,  1,  0,  247,  0, 25.0,14.640,     0.000,     0.000,   -15.000,14.70000,    13.80000,0.00000,14.70000,14.69997,   0.000029, 1.00000,1.00000,1.00000,
pro0p_20230219, 2023-03-03T10:29:58,  75596568.338, 0.100,   1,  1,  0,  247,  0, 25.0,14.640,     0.000,     0.000,   -15.000,14.70000,    13.80000,0.00000,14.70000,14.69997,   0.000029, 1.00000,1.00000,1.00000,
pro0p_20230219, 2023-03-03T10:29:58,  75596568.438, 0.100,   1,  1,  0,  247,  0, 25.0,14.640,     0.000,     0.000,   -15.000,14.70000,    13.80000,0.00000,14.70000,14.69997,   0.000029, 1.00000,1.00000,1.00000,
pro0p_20230219, 2023-03-03T10:29:58,  75596568.538, 0.100,   1,  1,  0,  247,  0, 25.0,14.640,     0.000,     0.000,   -15.000,14.70000,    13.80000,0.00000,14.70000,14.69997,   0.000029, 1.00000,1.00000,1.00000,
pro0p_20230219, 2023-03-03T10:29:58,  75596568.638, 0.100,   1,  1,  0,  247,  0, 25.0,14.640,     0.000,     0.000,   -15.000,14.70000,    13.80000,0.00000,14.70000,14.69997,   0.000029, 1.00000,1.00000,1.00000,
pro0p_20230219, 2023-03-03T10:29:58,  75596568.738, 0.100,   1,  1,  0,  247,  0, 25.0,14.640,     0.000,     0.000,   -15.000,14.70000,    13.80000,0.00000,14.70000,14.69997,   0.000029, 1.00000,1.00000,1.00000,
pro0p_20230219, 2023-03-03T10:29:58,  75596568.838, 0.100,   1,  1,  0,  247,  0, 25.0,14.640,     0.000,     0.000,   -15.000,14.70000,    13.80000,0.00000,14.70000,14.69997,   0.000029, 1.00000,1.00000,1.00000,
pro0p_20230219, 2023-03-03T10:29:58,  75596568.938, 0.100,   1,  1,  0,  247,  0, 25.0,14.640,     0.000,     0.000,   -15.000,14.70000,    13.80000,0.00000,14.70000,14.69997,   0.000029, 1.00000,1.00000,1.00000,
pro0p_20230219, 2023-03-03T10:29:58,  75596569.038, 0.100,   1,  1,  0,  247,  0, 25.0,14.640,     0.000,     0.000,   -15.000,14.70000,    13.80000,0.00000,14.70000,14.69997,   0.000029, 1.00000,1.00000,1.00000,
pro0p_20230219, 2023-03-03T10:29:58,  75596569.138, 0.100,   1,  1,  0,  247,  0, 25.0,14.640,     0.000,     0.000,   -15.000,14.70000,    13.80000,0.00000,14.70000,14.69997,   0.000029, 1.00000,1.00000,1.00000,
pro0p_20230219, 2023-03-03T10:29:59,  75596569.238, 0.100,   1,  1,  0,  247,  0, 25.0,14.640,     0.000,     0.000,   -15.000,14.70000,    13.80000,0.00000,14.70000,14.69997,   0.000029, 1.00000,1.00000,1.00000,
pro0p_20230219, 2023-03-03T10:29:59,  75596569.338, 0.100,   1,  1,  0,  247,  0, 25.0,14.640,     0.000,     0.000,   -15.000,14.70000,    13.80000,0.00000,14.70000,14.69997,   0.000029, 1.00000,1.00000,1.00000,
pro0p_20230219, 2023-03-03T10:29:59,  75596569.438, 0.100,   1,  1,  0,  247,  0, 25.0,14.640,     0.000,     0.000,   -15.000,14.70000,    13.80000,0.00000,14.70000,14.69997,   0.000029, 1.00000,1.00000,1.00000,
pro0p_20230219, 2023-03-03T10:29:59,  75596569.538, 0.100,   1,  1,  0,  247,  0, 25.0,14.640,     0.000,     0.000,   -15.000,14.70000,    13.80000,0.00000,14.70000,14.69997,   0.000029, 1.00000,1.00000,1.00000,
pro0p_20230219, 2023-03-03T10:29:59,  75596569.638, 0.100,   1,  1,  0,  247,  0, 25.0,14.640,     0.000,     0.000,   -15.000,14.70000,    13.80000,0.00000,14.70000,14.69997,   0.000029, 1.00000,1.00000,1.00000,
pro0p_20230219, 2023-03-03T10:29:59,  75596569.738, 0.100,   1,  1,  0,  247,  0, 25.0,14.640,     0.000,     0.000,   -15.000,14.70000,    13.80000,0.00000,14.70000,14.69997,   0.000029, 1.00000,1.00000,1.00000,
pro0p_20230219, 2023-03-03T10:29:59,  75596569.838, 0.100,   1,  1,  0,  247,  0, 25.0,14.640,     0.000,     0.000,   -15.000,14.70000,    13.80000,0.00000,14.70000,14.69997,   0.000029, 1.00000,1.00000,1.00000,
pro0p_20230219, 2023-03-03T10:29:59,  75596569.938, 0.100,   1,  1,  0,  247,  0, 25.0,14.640,     0.000,     0.000,   -15.000,14.70000,    13.80000,0.00000,14.70000,14.69997,   0.000029, 1.00000,1.00000,1.00000,
pro0p_20230219, 2023-03-03T10:29:59,  75596570.038, 0.100,   1,  1,  0,  247,  0, 25.0,14.640,     0.000,     0.000,   -15.000,14.70000,    13.80000,0.00000,14.70000,14.69997,   0.000029, 1.00000,1.00000,1.00000,
pro0p_20230219, 2023-03-03T10:29:59,  75596570.138, 0.100,   1,  1,  0,  247,  0, 25.0,14.640,     0.000,     0.000,   -15.000,14.70000,    13.80000,0.00000,14.70000,14.69997,   0.000029, 1.00000,1.00000,1.00000,
pro0p_20230219, 2023-03-03T10:30:00,  75596570.238, 0.100,   1,  1,  0,  247,  0, 25.0,14.640,     0.000,     0.000,   -15.000,14.70000,    13.80000,0.00000,14.70000,14.69997,   0.000029, 1.00000,1.00000,1.00000,
pro0p_20230219, 2023-03-03T10:30:00,  75596570.338, 0.100,   1,  1,  0,  247,  0, 25.0,14.640,     0.000,     0.000,   -15.000,14.70000,    13.80000,0.00000,14.70000,14.69997,   0.000029, 1.00000,1.00000,1.00000,
pro0p_20230219, 2023-03-03T10:30:00,  75596570.438, 0.100,   1,  1,  0,  247,  0, 25.0,14.640,     0.000,     0.000,   -15.000,14.70000,    13.80000,0.00000,14.70000,14.69997,   0.000029, 1.00000,1.00000,1.00000,
pro0p_20230219, 2023-03-03T10:30:00,  75596570.538, 0.100,   1,  1,  0,  247,  0, 25.0,14.640,     0.000,     0.000,   -15.000,14.70000,    13.80000,0.00000,14.70000,14.69997,   0.000029, 1.00000,1.00000,1.00000,
pro0p_20230219, 2023-03-03T10:30:00,  75596570.638, 0.100,   1,  1,  0,  247,  0, 25.0,14.640,     0.000,     0.000,   -15.000,14.70000,    13.80000,0.00000,14.70000,14.69997,   0.000029, 1.00000,1.00000,1.00000,
pro0p_20230219, 2023-03-03T10:30:00,  75596570.738, 0.100,   1,  1,  0,  247,  0, 25.0,14.640,     0.000,     0.000,   -15.000,14.70000,    13.80000,0.00000,14.70000,14.69997,   0.000029, 1.00000,1.00000,1.00000,
pro0p_20230219, 2023-03-03T10:30:00,  75596570.838, 0.100,   1,  1,  0,  247,  0, 25.0,14.640,     0.000,     0.000,   -15.000,14.70000,    13.80000,0.00000,14.70000,14.69997,   0.000029, 1.00000,1.00000,1.00000,
pro0p_20230219, 2023-03-03T10:30:00,  75596570.938, 0.100,   1,  1,  0,  247,  0, 25.0,14.640,     0.000,     0.000,   -15.000,14.70000,    13.80000,0.00000,14.70000,14.69997,   0.000029, 1.00000,1.00000,1.00000,
pro0p_20230219, 2023-03-03T10:30:00,  75596571.038, 0.100,   1,  1,  0,  247,  0, 25.0,14.640,     0.000,     0.000,   -15.000,14.70000,    13.80000,0.00000,14.70000,14.69997,   0.000029, 1.00000,1.00000,1.00000,
pro0p_20230219, 2023-03-03T10:30:00,  75596571.138, 0.100,   1,  1,  0,  247,  0, 25.0,14.640,     0.000,     0.000,   -15.000,14.70000,    13.80000,0.00000,14.70000,14.69997,   0.000029, 1.00000,1.00000,1.00000,
pro0p_20230219, 2023-03-03T10:30:01,  75596571.238, 0.100,   1,  1,  0,  247,  0, 25.0,14.640,     0.000,     0.000,   -15.000,14.70000,    13.80000,0.00000,14.70000,14.69997,   0.000029, 1.00000,1.00000,1.00000,
pro0p_20230219, 2023-03-03T10:30:01,  75596571.338, 0.100,   1,  1,  0,  247,  0, 25.0,14.640,     0.000,     0.000,   -15.000,14.70000,    13.80000,0.00000,14.70000,14.69997,   0.000029, 1.00000,1.00000,1.00000,
pro0p_20230219, 2023-03-03T10:30:01,  75596571.438, 0.100,   1,  1,  0,  247,  0, 25.0,14.640,     0.000,     0.000,   -15.000,14.70000,    13.80000,0.00000,14.70000,14.69997,   0.000029, 1.00000,1.00000,1.00000,
pro0p_20230219, 2023-03-03T10:30:01,  75596571.538, 0.100,   1,  1,  0,  247,  0, 25.0,14.640,     0.000,     0.000,   -15.000,14.70000,    13.80000,0.00000,14.70000,14.69996,   0.000036, 1.00000,1.00000,1.00000,
pro0p_20230219, 2023-03-03T10:30:01,  75596571.638, 0.100,   1,  1,  0,  247,  0, 25.0,14.640,     0.000,     0.000,   -15.000,14.70000,    13.80000,0.00000,14.70000,14.69996,   0.000036, 1.00000,1.00000,1.00000,
pro0p_20230219, 2023-03-03T10:30:01,  75596571.738, 0.100,   1,  1,  0,  247,  0, 25.0,14.640,     0.000,     0.000,   -15.000,14.70000,    13.80000,0.00000,14.70000,14.69996,   0.000036, 1.00000,1.00000,1.00000,
pro0p_20230219, 2023-03-03T10:30:01,  75596571.838, 0.100,   1,  1,  0,  247,  0, 25.0,14.640,     0.000,     0.000,   -15.000,14.70000,    13.80000,0.00000,14.70000,14.69996,   0.000036, 1.00000,1.00000,1.00000,
pro0p_20230219, 2023-03-03T10:30:01,  75596571.938, 0.100,   1,  1,  0,  247,  0, 25.0,14.640,     0.000,     0.000,   -15.000,14.70000,    13.80000,0.00000,14.70000,14.69996,   0.000036, 1.00000,1.00000,1.00000,
pro0p_20230219, 2023-03-03T10:30:01,  75596572.038, 0.100,   1,  1,  0,  247,  0, 25.0,14.640,     0.000,     0.000,   -15.000,14.70000,    13.80000,0.00000,14.70000,14.69996,   0.000036, 1.00000,1.00000,1.00000,
pro0p_20230219, 2023-03-03T10:30:01,  75596572.138, 0.100,   1,  1,  0,  247,  0, 25.0,14.640,     0.000,     0.000,   -15.000,14.70000,    13.80000,0.00000,14.70000,14.69996,   0.000036, 1.00000,1.00000,1.00000,
pro0p_20230219, 2023-03-03T10:30:02,  75596572.238, 0.100,   1,  1,  0,  247,  0, 25.0,14.640,     0.000,     0.000,   -15.000,14.70000,    13.80000,0.00000,14.70000,14.69996,   0.000036, 1.00000,1.00000,1.00000,
pro0p_20230219, 2023-03-03T10:30:02,  75596572.338, 0.100,   1,  1,  0,  247,  0, 25.0,14.640,     0.000,     0.000,   -15.000,14.70000,    13.80000,0.00000,14.70000,14.69996,   0.000036, 1.00000,1.00000,1.00000,
pro0p_20230219, 2023-03-03T10:30:02,  75596572.438, 0.100,   1,  1,  0,  247,  0, 25.0,14.640,     0.000,     0.000,   -15.000,14.70000,    13.80000,0.00000,14.70000,14.69996,   0.000036, 1.00000,1.00000,1.00000,
pro0p_20230219, 2023-03-03T10:30:02,  75596572.538, 0.100,   1,  1,  0,  247,  0, 25.0,14.640,     0.000,     0.000,   -15.000,14.70000,    13.80000,0.00000,14.70000,14.69996,   0.000036, 1.00000,1.00000,1.00000,
pro0p_20230219, 2023-03-03T10:30:02,  75596572.638, 0.100,   1,  1,  0,  247,  0, 25.0,14.640,     0.000,     0.000,   -15.000,14.70000,    13.80000,0.00000,14.70000,14.69996,   0.000036, 1.00000,1.00000,1.00000,
pro0p_20230219, 2023-03-03T10:30:02,  75596572.738, 0.100,   1,  1,  0,  247,  0, 25.0,14.640,     0.000,     0.000,   -15.000,14.70000,    13.80000,0.00000,14.70000,14.69996,   0.000036, 1.00000,1.00000,1.00000,
pro0p_20230219, 2023-03-03T10:30:02,  75596572.838, 0.100,   1,  1,  0,  247,  0, 25.0,14.640,     0.000,     0.000,   -15.000,14.70000,    13.80000,0.00000,14.70000,14.69996,   0.000036, 1.00000,1.00000,1.00000,
pro0p_20230219, 2023-03-03T10:30:02,  75596572.938, 0.100,   1,  1,  0,  247,  0, 25.0,14.640,     0.000,     0.000,   -15.000,14.70000,    13.80000,0.00000,14.70000,14.69996,   0.000036, 1.00000,1.00000,1.00000,
pro0p_20230219, 2023-03-03T10:30:02,  75596573.038, 0.100,   1,  1,  0,  247,  0, 25.0,14.640,     0.000,     0.000,   -15.000,14.70000,    13.80000,0.00000,14.70000,14.69996,   0.000036, 1.00000,1.00000,1.00000,
pro0p_20230219, 2023-03-03T10:30:02,  75596573.138, 0.100,   1,  1,  0,  247,  0, 25.0,14.640,     0.000,     0.000,   -15.000,14.70000,    13.80000,0.00000,14.70000,14.69996,   0.000036, 1.00000,1.00000,1.00000,
pro0p_20230219, 2023-03-03T10:30:03,  75596573.238, 0.100,   1,  1,  0,  247,  0, 25.0,14.640,     0.000,     0.000,   -15.000,14.70000,    13.80000,0.00000,14.70000,14.69996,   0.000036, 1.00000,1.00000,1.00000,
pro0p_20230219, 2023-03-03T10:30:03,  75596573.338, 0.100,   1,  1,  0,  247,  0, 25.0,14.640,     0.000,     0.000,   -15.000,14.70000,    13.80000,0.00000,14.70000,14.69996,   0.000036, 1.00000,1.00000,1.00000,
pro0p_20230219, 2023-03-03T10:30:03,  75596573.438, 0.100,   1,  1,  0,  247,  0, 25.0,14.640,     0.000,     0.000,   -15.000,14.70000,    13.80000,0.00000,14.70000,14.69996,   0.000036, 1.00000,1.00000,1.00000,
pro0p_20230219, 2023-03-03T10:30:03,  75596573.538, 0.100,   1,  1,  0,  247,  0, 25.0,14.640,     0.000,     0.000,   -15.000,14.70000,    13.80000,0.00000,14.70000,14.69997,   0.000029, 1.00000,1.00000,1.00000,
pro0p_20230219, 2023-03-03T10:30:03,  75596573.638, 0.100,   1,  1,  0,  247,  0, 25.0,14.640,     0.000,     0.000,   -15.000,14.70000,    13.80000,0.00000,14.70000,14.69997,   0.000029, 1.00000,1.00000,1.00000,
pro0p_20230219, 2023-03-03T10:30:03,  75596573.738, 0.100,   1,  1,  0,  247,  0, 25.0,14.640,     0.000,     0.000,   -15.000,14.70000,    13.80000,0.00000,14.70000,14.69997,   0.000029, 1.00000,1.00000,1.00000,
pro0p_20230219, 2023-03-03T10:30:03,  75596573.838, 0.100,   1,  1,  0,  247,  0, 25.0,14.640,     0.000,     0.000,   -15.000,14.70000,    13.80000,0.00000,14.70000,14.69997,   0.000029, 1.00000,1.00000,1.00000,
pro0p_20230219, 2023-03-03T10:30:03,  75596573.938, 0.100,   1,  1,  0,  247,  0, 25.0,14.640,     0.000,     0.000,   -15.000,14.70000,    13.80000,0.00000,14.70000,14.69997,   0.000029, 1.00000,1.00000,1.00000,
pro0p_20230219, 2023-03-03T10:30:03,  75596574.038, 0.100,   1,  1,  0,  247,  0, 25.0,14.640,     0.000,     0.000,   -15.000,14.70000,    13.80000,0.00000,14.70000,14.69997,   0.000029, 1.00000,1.00000,1.00000,
pro0p_20230219, 2023-03-03T10:30:03,  75596574.138, 0.100,   1,  1,  0,  247,  0, 25.0,14.640,     0.000,     0.000,   -15.000,14.70000,    13.80000,0.00000,14.70000,14.69997,   0.000029, 1.00000,1.00000,1.00000,
pro0p_20230219, 2023-03-03T10:30:04,  75596574.238, 0.100,   1,  1,  0,  247,  0, 25.0,14.640,     0.000,     0.000,   -15.000,14.70000,    13.80000,0.00000,14.70000,14.69997,   0.000029, 1.00000,1.00000,1.00000,
pro0p_20230219, 2023-03-03T10:30:04,  75596574.338, 0.100,   1,  1,  0,  247,  0, 25.0,14.640,     0.000,     0.000,   -15.000,14.70000,    13.80000,0.00000,14.70000,14.69997,   0.000029, 1.00000,1.00000,1.00000,
pro0p_20230219, 2023-03-03T10:30:04,  75596574.438, 0.100,   1,  1,  0,  247,  0, 25.0,14.640,     0.000,     0.000,   -15.000,14.70000,    13.80000,0.00000,14.70000,14.69997,   0.000029, 1.00000,1.00000,1.00000,
pro0p_20230219, 2023-03-03T10:30:04,  75596574.538, 0.100,   1,  1,  0,  247,  0, 25.0,14.640,     0.000,     0.000,   -15.000,14.70000,    13.80000,0.00000,14.70000,14.69997,   0.000029, 1.00000,1.00000,1.00000,
pro0p_20230219, 2023-03-03T10:30:04,  75596574.638, 0.100,   1,  1,  0,  247,  0, 25.0,14.640,     0.000,     0.000,   -15.000,14.70000,    13.80000,0.00000,14.70000,14.69997,   0.000029, 1.00000,1.00000,1.00000,
pro0p_20230219, 2023-03-03T10:30:04,  75596574.738, 0.100,   1,  1,  0,  247,  0, 25.0,14.640,     0.000,     0.000,   -15.000,14.70000,    13.80000,0.00000,14.70000,14.69997,   0.000029, 1.00000,1.00000,1.00000,
pro0p_20230219, 2023-03-03T10:30:04,  75596574.838, 0.100,   1,  1,  0,  247,  0, 25.0,14.640,     0.000,     0.000,   -15.000,14.70000,    13.80000,0.00000,14.70000,14.69997,   0.000029, 1.00000,1.00000,1.00000,
pro0p_20230219, 2023-03-03T10:30:04,  75596574.938, 0.100,   1,  1,  0,  247,  0, 25.0,14.640,     0.000,     0.000,   -15.000,14.70000,    13.80000,0.00000,14.70000,14.69997,   0.000029, 1.00000,1.00000,1.00000,
pro0p_20230219, 2023-03-03T10:30:04,  75596575.038, 0.100,   1,  1,  0,  247,  0, 25.0,14.640,     0.000,     0.000,   -15.000,14.70000,    13.80000,0.00000,14.70000,14.69997,   0.000029, 1.00000,1.00000,1.00000,
pro0p_20230219, 2023-03-03T10:30:04,  75596575.138, 0.100,   1,  1,  0,  247,  0, 25.0,14.640,     0.000,     0.000,   -15.000,14.70000,    13.80000,0.00000,14.70000,14.69997,   0.000029, 1.00000,1.00000,1.00000,
pro0p_20230219, 2023-03-03T10:30:05,  75596575.238, 0.100,   1,  1,  0,  247,  0, 25.0,14.640,     0.000,     0.000,   -15.000,14.70000,    13.80000,0.00000,14.70000,14.69997,   0.000029, 1.00000,1.00000,1.00000,
pro0p_20230219, 2023-03-03T10:30:05,  75596575.338, 0.100,   1,  1,  0,  247,  0, 25.0,14.640,     0.000,     0.000,   -15.000,14.70000,    13.80000,0.00000,14.70000,14.69997,   0.000029, 1.00000,1.00000,1.00000,
pro0p_20230219, 2023-03-03T10:30:05,  75596575.438, 0.100,   1,  1,  0,  247,  0, 25.0,14.640,     0.000,     0.000,   -15.000,14.70000,    13.80000,0.00000,14.70000,14.69997,   0.000029, 1.00000,1.00000,1.00000,
pro0p_20230219, 2023-03-03T10:30:05,  75596575.538, 0.100,   1,  1,  0,  247,  0, 25.0,14.640,     0.000,     0.000,   -15.000,14.70000,    13.80000,0.00000,14.70000,14.69996,   0.000036, 1.00000,1.00000,1.00000,
pro0p_20230219, 2023-03-03T10:30:05,  75596575.638, 0.100,   1,  1,  0,  247,  0, 25.0,14.640,     0.000,     0.000,   -15.000,14.70000,    13.80000,0.00000,14.70000,14.69996,   0.000036, 1.00000,1.00000,1.00000,
pro0p_20230219, 2023-03-03T10:30:05,  75596575.738, 0.100,   1,  1,  0,  247,  0, 25.0,14.640,     0.000,     0.000,   -15.000,14.70000,    13.80000,0.00000,14.70000,14.69996,   0.000036, 1.00000,1.00000,1.00000,
