unit_m,  c_time,       chm_s,  Tb_s,Tbl_s,  vsat_s, voc_stat_s, dv_dyn_s, vb_s, ib_s, ib_in_s, ioc_s, sat_s, dq_s, soc_s, reset_s,
unit_sim,  60374757.847, 0, 25.00000,25.00000, 13.80000,13.08000,0.00000,13.08000,   0.000,  0.000,  0.000,  0,  -180000.0,   0.50000, 0, 
unit_sim,  60374757.947, 0, 25.00000,25.00000, 13.80000,13.08000,0.00000,13.08000,   0.000,  0.000,  0.000,  0,  -180000.0,   0.50000, 0, 
unit_sim,  60374758.047, 0, 25.00000,25.00000, 13.80000,13.08000,0.00000,13.08000,   0.000,  0.000,  0.000,  0,  -180000.0,   0.50000, 0, 
unit_sim,  60374758.147, 0, 25.00000,25.00000, 13.80000,13.08000,0.00000,13.08000,   0.000,  0.000,  0.000,  0,  -180000.0,   0.50000, 0, 
unit_sim,  60374758.247, 0, 25.00000,25.00000, 13.80000,13.08000,0.00000,13.08000,   0.000,  0.000,  0.000,  0,  -180000.0,   0.50000, 0, 
unit_sim,  60374758.347, 0, 25.00000,25.00000, 13.80000,13.08000,0.00000,13.08000,   0.000,  0.000,  0.000,  0,  -180000.0,   0.50000, 0, 
unit_sim,  60374758.447, 0, 25.00000,25.00000, 13.80000,13.08000,0.00000,13.08000,   0.000,  0.000,  0.000,  0,  -180000.0,   0.50000, 0, 
unit_sim,  60374758.547, 0, 25.00000,25.00000, 13.80000,13.08000,0.00000,13.08000,   0.000,  0.000,  0.000,  0,  -180000.0,   0.50000, 0, 
unit_sim,  60374758.647, 0, 25.00000,25.00000, 13.80000,13.08000,0.00000,13.08000,   0.000,  0.000,  0.000,  0,  -180000.0,   0.50000, 0, 
unit_sim,  60374758.747, 0, 25.00000,25.00000, 13.80000,13.08000,0.00000,13.08000,   0.000,  0.000,  0.000,  0,  -180000.0,   0.50000, 0, 
unit_sim,  60374758.847, 0, 25.00000,25.00000, 13.80000,13.08000,0.00000,13.08000,   0.000,  0.000,  0.000,  0,  -180000.0,   0.50000, 0, 
unit_sim,  60374758.947, 0, 25.00000,25.00000, 13.80000,13.08000,0.00000,13.08000,   0.000,  0.000,  0.000,  0,  -180000.0,   0.50000, 0, 
unit_sim,  60374759.047, 0, 25.00000,25.00000, 13.80000,13.08000,0.00000,13.08000,   0.000,  0.000,  0.000,  0,  -180000.0,   0.50000, 0, 
unit_sim,  60374759.147, 0, 25.00000,25.00000, 13.80000,13.08000,0.00000,13.08000,   0.000,  0.000,  0.000,  0,  -180000.0,   0.50000, 0, 
unit_sim,  60374759.247, 0, 25.00000,25.00000, 13.80000,13.08000,0.00000,13.08000,   0.000,  0.000,  0.000,  0,  -180000.0,   0.50000, 0, 
unit_sim,  60374759.347, 0, 25.00000,25.00000, 13.80000,13.08000,0.00000,13.08000,   0.000,  0.000,  0.000,  0,  -180000.0,   0.50000, 0, 
unit_sim,  60374759.447, 0, 25.00000,25.00000, 13.80000,13.08000,0.00000,13.08000,   0.000,  0.000,  0.000,  0,  -180000.0,   0.50000, 0, 
unit_sim,  60374759.547, 0, 25.00000,25.00000, 13.80000,13.08000,0.00000,13.08000,   0.000,  0.000,  0.000,  0,  -180000.0,   0.50000, 0, 
unit_sim,  60374759.647, 0, 25.00000,25.00000, 13.80000,13.08000,0.00000,13.08000,   0.000,  0.000,  0.000,  0,  -180000.0,   0.50000, 0, 
unit_sim,  60374759.747, 0, 25.00000,25.00000, 13.80000,13.08000,0.00000,13.08000,   0.000,  0.000,  0.000,  0,  -180000.0,   0.50000, 0, 
unit_sim,  60374759.847, 0, 25.00000,25.00000, 13.80000,13.08000,0.00000,13.08000,   0.000,  0.000,  0.000,  0,  -180000.0,   0.50000, 0, 
unit_sim,  60374759.947, 0, 25.00000,25.00000, 13.80000,13.08000,0.00000,13.08000,   0.000,  0.000,  0.000,  0,  -180000.0,   0.50000, 0, 
unit_sim,  60374760.047, 0, 25.00000,25.00000, 13.80000,13.08000,0.00000,13.08000,   0.000,  0.000,  0.000,  0,  -180000.0,   0.50000, 0, 
unit_sim,  60374760.147, 0, 25.00000,25.00000, 13.80000,13.08000,0.00000,13.08000,   0.000,  0.000,  0.000,  0,  -180000.0,   0.50000, 0, 
unit_sim,  60374760.247, 0, 25.00000,25.00000, 13.80000,13.08000,0.00000,13.08000,   0.000,  0.000,  0.000,  0,  -180000.0,   0.50000, 0, 
unit_sim,  60374760.347, 0, 25.00000,25.00000, 13.80000,13.08000,0.00000,13.08000,   0.000,  0.000,  0.000,  0,  -180000.0,   0.50000, 0, 
unit_sim,  60374760.447, 0, 25.00000,25.00000, 13.80000,13.08000,0.00000,13.08000,   0.000,  0.000,  0.000,  0,  -180000.0,   0.50000, 0, 
unit_sim,  60374760.547, 0, 25.00000,25.00000, 13.80000,13.08000,0.00000,13.08000,   0.000,  0.000,  0.000,  0,  -180000.0,   0.50000, 0, 
unit_sim,  60374760.647, 0, 25.00000,25.00000, 13.80000,13.08000,0.00000,13.08000,   0.000,  0.000,  0.000,  0,  -180000.0,   0.50000, 0, 
unit_sim,  60374760.747, 0, 25.00000,25.00000, 13.80000,13.08000,0.00000,13.08000,   0.000,  0.000,  0.000,  0,  -180000.0,   0.50000, 0, 
unit_sim,  60374760.847, 0, 25.00000,25.00000, 13.80000,13.08000,0.00000,13.08000,   0.000,  0.000,  0.000,  0,  -180000.0,   0.50000, 0, 
unit_sim,  60374760.947, 0, 25.00000,25.00000, 13.80000,13.08000,0.00000,13.08000,   0.000,  0.000,  0.000,  0,  -180000.0,   0.50000, 0, 
unit_sim,  60374761.047, 0, 25.00000,25.00000, 13.80000,13.08000,0.00000,13.08000,   0.000,  0.000,  0.000,  0,  -180000.0,   0.50000, 0, 
unit_sim,  60374761.147, 0, 25.00000,25.00000, 13.80000,13.08000,0.00000,13.08000,   0.000,  0.000,  0.000,  0,  -180000.0,   0.50000, 0, 
unit_sim,  60374761.247, 0, 25.00000,25.00000, 13.80000,13.08000,0.00000,13.08000,   0.000,  0.000,  0.000,  0,  -180000.0,   0.50000, 0, 
unit_sim,  60374761.347, 0, 25.00000,25.00000, 13.80000,13.08000,0.00000,13.08000,   0.000,  0.000,  0.000,  0,  -180000.0,   0.50000, 0, 
unit_sim,  60374761.447, 0, 25.00000,25.00000, 13.80000,13.08000,0.00000,13.08000,   0.000,  0.000,  0.000,  0,  -180000.0,   0.50000, 0, 
unit_sim,  60374761.547, 0, 25.00000,25.00000, 13.80000,13.08000,0.00000,13.08000,   0.000,  0.000,  0.000,  0,  -180000.0,   0.50000, 0, 
unit_sim,  60374761.647, 0, 25.00000,25.00000, 13.80000,13.08000,0.00000,13.08000,   0.000,  0.000,  0.000,  0,  -180000.0,   0.50000, 0, 
unit_sim,  60374761.747, 0, 25.00000,25.00000, 13.80000,13.08000,0.00000,13.08000,   0.000,  0.000,  0.000,  0,  -180000.0,   0.50000, 0, 
unit_sim,  60374761.847, 0, 25.00000,25.00000, 13.80000,13.08000,0.00000,13.08000,   0.000,  0.000,  0.000,  0,  -180000.0,   0.50000, 0, 
unit_sim,  60374761.947, 0, 25.00000,25.00000, 13.80000,13.08000,0.00000,13.08000,   0.000,  0.000,  0.000,  0,  -180000.0,   0.50000, 0, 
unit_sim,  60374762.047, 0, 25.00000,25.00000, 13.80000,13.08000,0.00000,13.08000,   0.000,  0.000,  0.000,  0,  -180000.0,   0.50000, 0, 
unit_sim,  60374762.147, 0, 25.00000,25.00000, 13.80000,13.08000,0.00000,13.08000,   0.000,  0.000,  0.000,  0,  -180000.0,   0.50000, 0, 
unit_sim,  60374762.247, 0, 25.00000,25.00000, 13.80000,13.08000,0.00000,13.08000,   0.000,  0.000,  0.000,  0,  -180000.0,   0.50000, 0, 
unit_sim,  60374762.347, 0, 25.00000,25.00000, 13.80000,13.08000,0.00000,13.08000,   0.000,  0.000,  0.000,  0,  -180000.0,   0.50000, 0, 
unit_sim,  60374762.447, 0, 25.00000,25.00000, 13.80000,13.08000,0.00000,13.08000,   0.000,  0.000,  0.000,  0,  -180000.0,   0.50000, 0, 
unit_sim,  60374762.547, 0, 25.00000,25.00000, 13.80000,13.08000,0.00000,13.08000,   0.000,  0.000,  0.000,  0,  -180000.0,   0.50000, 0, 
unit_sim,  60374762.647, 0, 25.00000,25.00000, 13.80000,13.08000,0.00000,13.08000,   0.000,  0.000,  0.000,  0,  -180000.0,   0.50000, 0, 
unit_sim,  60374762.747, 0, 25.00000,25.00000, 13.80000,13.08000,0.00000,13.08000,   0.000,  0.000,  0.000,  0,  -180000.0,   0.50000, 0, 
unit_sim,  60374762.848, 0, 25.00000,25.00000, 13.80000,13.08000,0.00000,13.08000,   0.000,  0.000,  0.000,  0,  -180000.0,   0.50000, 0, 
unit_sim,  60374762.947, 0, 25.00000,25.00000, 13.80000,13.08000,0.00000,13.08000,   0.000,  0.000,  0.000,  0,  -180000.0,   0.50000, 0, 
unit_sim,  60374763.047, 0, 25.00000,25.00000, 13.80000,13.08000,0.00000,13.08000,   0.000,  0.000,  0.000,  0,  -180000.0,   0.50000, 0, 
unit_sim,  60374763.148, 0, 25.00000,25.00000, 13.80000,13.08000,0.00000,13.08000,   0.000,  0.000,  0.000,  0,  -180000.0,   0.50000, 0, 
unit_sim,  60374763.247, 0, 25.00000,25.00000, 13.80000,13.08000,0.00000,13.08000,   0.000,  0.000,  0.000,  0,  -180000.0,   0.50000, 0, 
unit_sim,  60374763.347, 0, 25.00000,25.00000, 13.80000,13.08000,0.00000,13.08000,   0.000,  0.000,  0.000,  0,  -180000.0,   0.50000, 0, 
unit_sim,  60374763.447, 0, 25.00000,25.00000, 13.80000,13.08000,0.00000,13.08000,   0.000,  0.000,  0.000,  0,  -180000.0,   0.50000, 0, 
unit_sim,  60374763.547, 0, 25.00000,25.00000, 13.80000,13.08000,0.00000,13.08000,   0.000,  0.000,  0.000,  0,  -180000.0,   0.50000, 0, 
unit_sim,  60374763.647, 0, 25.00000,25.00000, 13.80000,13.08000,0.00000,13.08000,   0.000,  0.000,  0.000,  0,  -180000.0,   0.50000, 0, 
unit_sim,  60374763.747, 0, 25.00000,25.00000, 13.80000,13.08000,0.00000,13.08000,   0.000,  0.000,  0.000,  0,  -180000.0,   0.50000, 0, 
unit_sim,  60374763.847, 0, 25.00000,25.00000, 13.80000,13.08000,0.00000,13.08000,   0.000,  0.000,  0.000,  0,  -180000.0,   0.50000, 0, 
unit_sim,  60374763.947, 0, 25.00000,25.00000, 13.80000,13.08000,0.00000,13.08000,   0.000,  0.000,  0.000,  0,  -180000.0,   0.50000, 0, 
unit_sim,  60374764.047, 0, 25.00000,25.00000, 13.80000,13.08000,0.00000,13.08000,   0.000,  0.000,  0.000,  0,  -180000.0,   0.50000, 0, 
unit_sim,  60374764.147, 0, 25.00000,25.00000, 13.80000,13.08000,0.00000,13.08000,   0.000,  0.000,  0.000,  0,  -180000.0,   0.50000, 0, 
unit_sim,  60374764.247, 0, 25.00000,25.00000, 13.80000,13.08000,0.00000,13.08000,   0.000,  0.000,  0.000,  0,  -180000.0,   0.50000, 0, 
unit_sim,  60374764.347, 0, 25.00000,25.00000, 13.80000,13.08000,0.00000,13.08000,   0.000,  0.000,  0.000,  0,  -180000.0,   0.50000, 0, 
unit_sim,  60374764.447, 0, 25.00000,25.00000, 13.80000,13.08000,0.00000,13.08000,   0.000,  0.000,  0.000,  0,  -180000.0,   0.50000, 0, 
unit_sim,  60374764.547, 0, 25.00000,25.00000, 13.80000,13.08000,0.00000,13.08000,   0.000,  0.000,  0.000,  0,  -180000.0,   0.50000, 0, 
unit_sim,  60374764.647, 0, 25.00000,25.00000, 13.80000,13.08000,0.00000,13.08000,   0.000,  0.000,  0.000,  0,  -180000.0,   0.50000, 0, 
unit_sim,  60374764.747, 0, 25.00000,25.00000, 13.80000,13.08000,0.00000,13.08000,   0.000,  0.000,  0.000,  0,  -180000.0,   0.50000, 0, 
unit_sim,  60374764.847, 0, 25.00000,25.00000, 13.80000,13.08000,0.00000,13.08000,   0.000,  0.000,  0.000,  0,  -180000.0,   0.50000, 0, 
unit_sim,  60374764.947, 0, 25.00000,25.00000, 13.80000,13.08000,0.00000,13.08000,   0.000,  0.000,  0.000,  0,  -180000.0,   0.50000, 0, 
unit_sim,  60374765.047, 0, 25.00000,25.00000, 13.80000,13.08000,0.00000,13.08000,   0.000,  0.000,  0.000,  0,  -180000.0,   0.50000, 0, 
unit_sim,  60374765.147, 0, 25.00000,25.00000, 13.80000,13.08000,0.00000,13.08000,   0.000,  0.000,  0.000,  0,  -180000.0,   0.50000, 0, 
unit_sim,  60374765.248, 0, 25.00000,25.00000, 13.80000,13.08000,0.00000,13.08000,   0.000,  0.000,  0.000,  0,  -180000.0,   0.50000, 0, 
unit_sim,  60374765.347, 0, 25.00000,25.00000, 13.80000,13.08000,0.00000,13.08000,   0.000,  0.000,  0.000,  0,  -180000.0,   0.50000, 0, 
unit_sim,  60374765.447, 0, 25.00000,25.00000, 13.80000,13.08000,0.00000,13.08000,   0.000,  0.000,  0.000,  0,  -180000.0,   0.50000, 0, 
unit_sim,  60374765.547, 0, 25.00000,25.00000, 13.80000,13.08000,0.00000,13.08000,   0.000,  0.000,  0.000,  0,  -180000.0,   0.50000, 0, 
unit_sim,  60374765.647, 0, 25.00000,25.00000, 13.80000,13.08000,0.00000,13.08000,   0.000,  0.000,  0.000,  0,  -180000.0,   0.50000, 0, 
unit_sim,  60374765.747, 0, 25.00000,25.00000, 13.80000,13.08000,0.00000,13.08000,   0.000,  0.000,  0.000,  0,  -180000.0,   0.50000, 0, 
unit_sim,  60374765.847, 0, 25.00000,25.00000, 13.80000,13.08000,0.00000,13.08000,   0.000,  0.000,  0.000,  0,  -180000.0,   0.50000, 0, 
unit_sim,  60374765.947, 0, 25.00000,25.00000, 13.80000,13.08000,0.00000,13.08000,   0.000,  0.000,  0.000,  0,  -180000.0,   0.50000, 0, 
unit_sim,  60374766.047, 0, 25.00000,25.00000, 13.80000,13.08000,0.00000,13.08000,   0.000,  0.000,  0.000,  0,  -180000.0,   0.50000, 0, 
unit_sim,  60374766.147, 0, 25.00000,25.00000, 13.80000,13.08000,0.00000,13.08000,   0.000,  0.000,  0.000,  0,  -180000.0,   0.50000, 0, 
unit_sim,  60374766.247, 0, 25.00000,25.00000, 13.80000,13.08000,0.00000,13.08000,   0.000,  0.000,  0.000,  0,  -180000.0,   0.50000, 0, 
unit_sim,  60374766.347, 0, 25.00000,25.00000, 13.80000,13.08000,0.00000,13.08000,   0.000,  0.000,  0.000,  0,  -180000.0,   0.50000, 0, 
unit_sim,  60374766.447, 0, 25.00000,25.00000, 13.80000,13.08000,0.00000,13.08000,   0.000,  0.000,  0.000,  0,  -180000.0,   0.50000, 0, 
unit_sim,  60374766.547, 0, 25.00000,25.00000, 13.80000,13.08000,0.00000,13.08000,   0.000,  0.000,  0.000,  0,  -180000.0,   0.50000, 0, 
unit_sim,  60374766.647, 0, 25.00000,25.00000, 13.80000,13.08000,0.00000,13.08000,   0.000,  0.000,  0.000,  0,  -180000.0,   0.50000, 0, 
unit_sim,  60374766.747, 0, 25.00000,25.00000, 13.80000,13.08000,0.00000,13.08000,   0.000,  0.000,  0.000,  0,  -180000.0,   0.50000, 0, 
unit_sim,  60374766.847, 0, 25.00000,25.00000, 13.80000,13.08000,0.00000,13.08000,   0.000,  0.000,  0.000,  0,  -180000.0,   0.50000, 0, 
unit_sim,  60374766.947, 0, 25.00000,25.00000, 13.80000,13.08000,0.00000,13.08000,   0.000,  0.000,  0.000,  0,  -180000.0,   0.50000, 0, 
unit_sim,  60374767.047, 0, 25.00000,25.00000, 13.80000,13.08000,0.00000,13.08000,   0.000,  0.000,  0.000,  0,  -180000.0,   0.50000, 0, 
unit_sim,  60374767.147, 0, 25.00000,25.00000, 13.80000,13.08000,0.00000,13.08000,   0.000,  0.000,  0.000,  0,  -180000.0,   0.50000, 0, 
unit_sim,  60374767.247, 0, 25.00000,25.00000, 13.80000,13.08000,0.00000,13.08000,   0.000,  0.000,  0.000,  0,  -180000.0,   0.50000, 0, 
unit_sim,  60374767.347, 0, 25.00000,25.00000, 13.80000,13.08000,0.00000,13.08000,   0.000,  0.000,  0.000,  0,  -180000.0,   0.50000, 0, 
unit_sim,  60374767.447, 0, 25.00000,25.00000, 13.80000,13.08000,0.00000,13.08000,   0.000,  0.000,  0.000,  0,  -180000.0,   0.50000, 0, 
unit_sim,  60374767.547, 0, 25.00000,25.00000, 13.80000,13.08000,0.00000,13.08000,   0.000,  0.000,  0.000,  0,  -180000.0,   0.50000, 0, 
unit_sim,  60374767.647, 0, 25.00000,25.00000, 13.80000,13.08000,0.00000,13.08000,   0.000,  0.000,  0.000,  0,  -180000.0,   0.50000, 0, 
unit_sim,  60374767.747, 0, 25.00000,25.00000, 13.80000,13.08000,0.00000,13.08000,   0.000,  0.000,  0.000,  0,  -180000.0,   0.50000, 0, 
unit_sim,  60374767.847, 0, 25.00000,25.00000, 13.80000,13.08000,0.00000,13.08000,   0.000,  0.000,  0.000,  0,  -180000.0,   0.50000, 0, 
unit_sim,  60374767.947, 0, 25.00000,25.00000, 13.80000,13.08000,0.00000,13.08000,   0.000,  0.000,  0.000,  0,  -180000.0,   0.50000, 0, 
unit_sim,  60374768.048, 0, 25.00000,25.00000, 13.80000,13.08000,0.00000,13.08000,   0.000,  0.000,  0.000,  0,  -180000.0,   0.50000, 0, 
unit_sim,  60374768.147, 0, 25.00000,25.00000, 13.80000,13.08000,0.00000,13.08000,   0.000,  0.000,  0.000,  0,  -180000.0,   0.50000, 0, 
unit_sim,  60374768.247, 0, 25.00000,25.00000, 13.80000,13.08000,0.00000,13.08000,   0.000,  0.000,  0.000,  0,  -180000.0,   0.50000, 0, 
unit_sim,  60374768.347, 0, 25.00000,25.00000, 13.80000,13.08000,0.00000,13.08000,   0.000,  0.000,  0.000,  0,  -180000.0,   0.50000, 0, 
unit_sim,  60374768.447, 0, 25.00000,25.00000, 13.80000,13.08000,0.00000,13.08000,   0.000,  0.000,  0.000,  0,  -180000.0,   0.50000, 0, 
unit_sim,  60374768.547, 0, 25.00000,25.00000, 13.80000,13.08000,0.00000,13.08000,   0.000,  0.000,  0.000,  0,  -180000.0,   0.50000, 0, 
unit_sim,  60374768.647, 0, 25.00000,25.00000, 13.80000,13.08000,0.00000,13.08000,   0.000,  0.000,  0.000,  0,  -180000.0,   0.50000, 0, 
unit_sim,  60374768.747, 0, 25.00000,25.00000, 13.80000,13.08000,0.00000,13.08000,   0.000,  0.000,  0.000,  0,  -180000.0,   0.50000, 0, 
unit_sim,  60374768.848, 0, 25.00000,25.00000, 13.80000,13.08000,0.00000,13.08000,   0.000,  0.000,  0.000,  0,  -180000.0,   0.50000, 0, 
unit_sim,  60374768.947, 0, 25.00000,25.00000, 13.80000,13.08000,0.00000,13.08000,   0.000,  0.000,  0.000,  0,  -180000.0,   0.50000, 0, 
unit_sim,  60374769.047, 0, 25.00000,25.00000, 13.80000,13.08000,0.00000,13.08000,   0.000,  0.000,  0.000,  0,  -180000.0,   0.50000, 0, 
unit_sim,  60374769.148, 0, 25.00000,25.00000, 13.80000,13.08000,0.00000,13.08000,   0.000,  0.000,  0.000,  0,  -180000.0,   0.50000, 0, 
unit_sim,  60374769.247, 0, 25.00000,25.00000, 13.80000,13.08000,0.00000,13.08000,   0.000,  0.000,  0.000,  0,  -180000.0,   0.50000, 0, 
unit_sim,  60374769.348, 0, 25.00000,25.00000, 13.80000,13.08000,0.00000,13.08000,   0.000,  0.000,  0.000,  0,  -180000.0,   0.50000, 0, 
unit_sim,  60374769.448, 0, 25.00000,25.00000, 13.80000,13.08000,0.00000,13.08000,   0.000,  0.000,  0.000,  0,  -180000.0,   0.50000, 0, 
unit_sim,  60374769.547, 0, 25.00000,25.00000, 13.80000,13.08000,0.00000,13.08000,   0.000,  0.000,  0.000,  0,  -180000.0,   0.50000, 0, 
unit_sim,  60374769.647, 0, 25.00000,25.00000, 13.80000,13.08000,0.00000,13.08000,   0.000,  0.000,  0.000,  0,  -180000.0,   0.50000, 0, 
unit_sim,  60374769.747, 0, 25.00000,25.00000, 13.80000,13.08000,0.00000,13.08000,   0.000,  0.000,  0.000,  0,  -180000.0,   0.50000, 0, 
unit_sim,  60374769.847, 0, 25.00000,25.00000, 13.80000,13.08000,0.00000,13.08000,   0.000,  0.000,  0.000,  0,  -180000.0,   0.50000, 0, 
unit_sim,  60374769.947, 0, 25.00000,25.00000, 13.80000,13.08000,0.00000,13.08000,   0.000,  0.000,  0.000,  0,  -180000.0,   0.50000, 0, 
unit_sim,  60374770.047, 0, 25.00000,25.00000, 13.80000,13.08000,0.00000,13.08000,   0.000,  0.000,  0.000,  0,  -180000.0,   0.50000, 0, 
unit_sim,  60374770.147, 0, 25.00000,25.00000, 13.80000,13.08000,0.00000,13.08000,   0.000,  0.000,  0.000,  0,  -180000.0,   0.50000, 0, 
unit_sim,  60374770.247, 0, 25.00000,25.00000, 13.80000,13.08000,0.00000,13.08000,   0.000,  0.000,  0.000,  0,  -180000.0,   0.50000, 0, 
unit_sim,  60374770.347, 0, 25.00000,25.00000, 13.80000,13.08000,0.00000,13.08000,   0.000,  0.000,  0.000,  0,  -180000.0,   0.50000, 0, 
unit_sim,  60374770.447, 0, 25.00000,25.00000, 13.80000,13.08000,0.00000,13.08000,   0.000,  0.000,  0.000,  0,  -180000.0,   0.50000, 0, 
unit_sim,  60374770.547, 0, 25.00000,25.00000, 13.80000,13.08000,0.00000,13.08000,   0.000,  0.000,  0.000,  0,  -180000.0,   0.50000, 0, 
unit_sim,  60374770.647, 0, 25.00000,25.00000, 13.80000,13.08000,0.00000,13.08000,   0.000,  0.000,  0.000,  0,  -180000.0,   0.50000, 0, 
unit_sim,  60374770.747, 0, 25.00000,25.00000, 13.80000,13.08000,0.00000,13.08000,   0.000,  0.000,  0.000,  0,  -180000.0,   0.50000, 0, 
unit_sim,  60374770.847, 0, 25.00000,25.00000, 13.80000,13.08000,0.00000,13.08000,   0.000,  0.000,  0.000,  0,  -180000.0,   0.50000, 0, 
unit_sim,  60374770.947, 0, 25.00000,25.00000, 13.80000,13.08000,0.00000,13.08000,   0.000,  0.000,  0.000,  0,  -180000.0,   0.50000, 0, 
unit_sim,  60374771.047, 0, 25.00000,25.00000, 13.80000,13.08000,0.00000,13.08000,   0.000,  0.000,  0.000,  0,  -180000.0,   0.50000, 0, 
unit_sim,  60374771.147, 0, 25.00000,25.00000, 13.80000,13.08000,0.00000,13.08000,   0.000,  0.000,  0.000,  0,  -180000.0,   0.50000, 0, 
unit_sim,  60374771.247, 0, 25.00000,25.00000, 13.80000,13.08000,0.00000,13.08000,   0.000,  0.000,  0.000,  0,  -180000.0,   0.50000, 0, 
unit_sim,  60374771.347, 0, 25.00000,25.00000, 13.80000,13.08000,0.00000,13.08000,   0.000,  0.000,  0.000,  0,  -180000.0,   0.50000, 0, 
unit_sim,  60374771.447, 0, 25.00000,25.00000, 13.80000,13.08000,0.00000,13.08000,   0.000,  0.000,  0.000,  0,  -180000.0,   0.50000, 0, 
unit_sim,  60374771.547, 0, 25.00000,25.00000, 13.80000,13.08000,0.00000,13.08000,   0.000,  0.000,  0.000,  0,  -180000.0,   0.50000, 0, 
unit_sim,  60374771.647, 0, 25.00000,25.00000, 13.80000,13.08000,0.00000,13.08000,   0.000,  0.000,  0.000,  0,  -180000.0,   0.50000, 0, 
unit_sim,  60374771.747, 0, 25.00000,25.00000, 13.80000,13.08000,0.00000,13.08000,   0.000,  0.000,  0.000,  0,  -180000.0,   0.50000, 0, 
unit_sim,  60374771.847, 0, 25.00000,25.00000, 13.80000,13.08000,0.00000,13.08000,   0.000,  0.000,  0.000,  0,  -180000.0,   0.50000, 0, 
unit_sim,  60374771.947, 0, 25.00000,25.00000, 13.80000,13.08000,0.00000,13.08000,   0.000,  0.000,  0.000,  0,  -180000.0,   0.50000, 0, 
unit_sim,  60374772.047, 0, 25.00000,25.00000, 13.80000,13.08000,0.00000,13.08000,   0.000,  0.000,  0.000,  0,  -180000.0,   0.50000, 0, 
unit_sim,  60374772.147, 0, 25.00000,25.00000, 13.80000,13.08000,0.00000,13.08000,   0.000,  0.000,  0.000,  0,  -180000.0,   0.50000, 0, 
unit_sim,  60374772.247, 0, 25.00000,25.00000, 13.80000,13.08000,0.00000,13.08000,   0.000,  0.000,  0.000,  0,  -180000.0,   0.50000, 0, 
unit_sim,  60374772.347, 0, 25.00000,25.00000, 13.80000,13.08000,0.00000,13.08000,   0.000,  0.000,  0.000,  0,  -180000.0,   0.50000, 0, 
unit_sim,  60374772.447, 0, 25.00000,25.00000, 13.80000,13.08000,0.00000,13.08000,   0.000,  0.000,  0.000,  0,  -180000.0,   0.50000, 0, 
unit_sim,  60374772.547, 0, 25.00000,25.00000, 13.80000,13.08000,0.00000,13.08000,   0.000,  0.000,  0.000,  0,  -180000.0,   0.50000, 0, 
unit_sim,  60374772.647, 0, 25.00000,25.00000, 13.80000,13.08000,0.00000,13.08000,   0.000,  0.000,  0.000,  0,  -180000.0,   0.50000, 0, 
unit_sim,  60374772.747, 0, 25.00000,25.00000, 13.80000,13.08000,0.00000,13.08000,   0.000,  0.000,  0.000,  0,  -180000.0,   0.50000, 0, 
unit_sim,  60374772.847, 0, 25.00000,25.00000, 13.80000,13.08000,0.00000,13.08000,   0.000,  0.000,  0.000,  0,  -180000.0,   0.50000, 0, 
unit_sim,  60374772.947, 0, 25.00000,25.00000, 13.80000,13.08000,0.00000,13.08000,   0.000,  0.000,  0.000,  0,  -180000.0,   0.50000, 0, 
unit_sim,  60374773.047, 0, 25.00000,25.00000, 13.80000,13.08000,0.00000,13.08000,   0.000,  0.000,  0.000,  0,  -180000.0,   0.50000, 0, 
unit_sim,  60374773.147, 0, 25.00000,25.00000, 13.80000,13.08000,0.00000,13.08000,   0.000,  0.000,  0.000,  0,  -180000.0,   0.50000, 0, 
unit_sim,  60374773.247, 0, 25.00000,25.00000, 13.80000,13.08000,0.00000,13.08000,   0.000,  0.000,  0.000,  0,  -180000.0,   0.50000, 0, 
unit_sim,  60374773.347, 0, 25.00000,25.00000, 13.80000,13.08000,0.00000,13.08000,   0.000,  0.000,  0.000,  0,  -180000.0,   0.50000, 0, 
unit_sim,  60374773.447, 0, 25.00000,25.00000, 13.80000,13.08000,0.00000,13.08000,   0.000,  0.000,  0.000,  0,  -180000.0,   0.50000, 0, 
unit_sim,  60374773.547, 0, 25.00000,25.00000, 13.80000,13.08000,0.00000,13.08000,   0.000,  0.000,  0.000,  0,  -180000.0,   0.50000, 0, 
unit_sim,  60374773.647, 0, 25.00000,25.00000, 13.80000,13.08000,0.00000,13.08000,   0.000,  0.000,  0.000,  0,  -180000.0,   0.50000, 0, 
unit_sim,  60374773.747, 0, 25.00000,25.00000, 13.80000,13.08000,0.00000,13.08000,   0.000,  0.000,  0.000,  0,  -180000.0,   0.50000, 0, 
unit_sim,  60374773.847, 0, 25.00000,25.00000, 13.80000,13.08000,0.00000,13.08000,   0.000,  0.000,  0.000,  0,  -180000.0,   0.50000, 0, 
unit_sim,  60374773.947, 0, 25.00000,25.00000, 13.80000,13.08000,0.00000,13.08000,   0.000,  0.000,  0.000,  0,  -180000.0,   0.50000, 0, 
unit_sim,  60374774.048, 0, 25.00000,25.00000, 13.80000,13.08000,0.00000,13.08000,   0.000,  0.000,  0.000,  0,  -180000.0,   0.50000, 0, 
unit_sim,  60374774.147, 0, 25.00000,25.00000, 13.80000,13.08000,0.00000,13.08000,   0.000,  0.000,  0.000,  0,  -180000.0,   0.50000, 0, 
unit_sim,  60374774.247, 0, 25.00000,25.00000, 13.80000,13.08000,0.00000,13.08000,   0.000,  0.000,  0.000,  0,  -180000.0,   0.50000, 0, 
unit_sim,  60374774.347, 0, 25.00000,25.00000, 13.80000,13.08000,0.00000,13.08000,   0.000,  0.000,  0.000,  0,  -180000.0,   0.50000, 0, 
unit_sim,  60374774.447, 0, 25.00000,25.00000, 13.80000,13.08000,0.00000,13.08000,   0.000,  0.000,  0.000,  0,  -180000.0,   0.50000, 0, 
unit_sim,  60374774.547, 0, 25.00000,25.00000, 13.80000,13.08000,0.00000,13.08000,   0.000,  0.000,  0.000,  0,  -180000.0,   0.50000, 0, 
unit_sim,  60374774.647, 0, 25.00000,25.00000, 13.80000,13.08000,0.00000,13.08000,   0.000,  0.000,  0.000,  0,  -180000.0,   0.50000, 0, 
unit_sim,  60374774.747, 0, 25.00000,25.00000, 13.80000,13.08000,0.00000,13.08000,   0.000,  0.000,  0.000,  0,  -180000.0,   0.50000, 0, 
unit_sim,  60374774.847, 0, 25.00000,25.00000, 13.80000,13.08000,0.00000,13.08000,   0.000,  0.000,  0.000,  0,  -180000.0,   0.50000, 0, 
unit_sim,  60374774.947, 0, 25.00000,25.00000, 13.80000,13.08000,0.00000,13.08000,   0.000,  0.000,  0.000,  0,  -180000.0,   0.50000, 0, 
unit_sim,  60374775.047, 0, 25.00000,25.00000, 13.80000,13.08000,0.00000,13.08000,   0.000,  0.000,  0.000,  0,  -180000.0,   0.50000, 0, 
unit_sim,  60374775.147, 0, 25.00000,25.00000, 13.80000,13.08000,0.00000,13.08000,   0.000,  0.000,  0.000,  0,  -180000.0,   0.50000, 0, 
unit_sim,  60374775.247, 0, 25.00000,25.00000, 13.80000,13.08000,0.00000,13.08000,   0.000,  0.000,  0.000,  0,  -180000.0,   0.50000, 0, 
unit_sim,  60374775.347, 0, 25.00000,25.00000, 13.80000,13.08000,0.00000,13.08000,   0.000,  0.000,  0.000,  0,  -180000.0,   0.50000, 0, 
unit_sim,  60374775.447, 0, 25.00000,25.00000, 13.80000,13.08000,0.00000,13.08000,   0.000,  0.000,  0.000,  0,  -180000.0,   0.50000, 0, 
unit_sim,  60374775.547, 0, 25.00000,25.00000, 13.80000,13.08000,0.00000,13.08000,   0.000,  0.000,  0.000,  0,  -180000.0,   0.50000, 0, 
unit_sim,  60374775.647, 0, 25.00000,25.00000, 13.80000,13.08000,0.00000,13.08000,   0.000,  0.000,  0.000,  0,  -180000.0,   0.50000, 0, 
unit_sim,  60374775.747, 0, 25.00000,25.00000, 13.80000,13.08000,0.00000,13.08000,   0.000,  0.000,  0.000,  0,  -180000.0,   0.50000, 0, 
unit_sim,  60374775.847, 0, 25.00000,25.00000, 13.80000,13.08000,0.00000,13.08000,   0.000,  0.000,  0.000,  0,  -180000.0,   0.50000, 0, 
unit_sim,  60374775.947, 0, 25.00000,25.00000, 13.80000,13.08000,0.00000,13.08000,   0.000,  0.000,  0.000,  0,  -180000.0,   0.50000, 0, 
unit_sim,  60374776.048, 0, 25.00000,25.00000, 13.80000,13.08000,0.00000,13.08000,   0.000,  0.000,  0.000,  0,  -180000.0,   0.50000, 0, 
unit_sim,  60374776.148, 0, 25.00000,25.00000, 13.80000,13.08000,0.00000,13.08000,   0.000,  0.000,  0.000,  0,  -180000.0,   0.50000, 0, 
unit_sim,  60374776.248, 0, 25.00000,25.00000, 13.80000,13.08000,0.00000,13.08000,   0.000,  0.000,  0.000,  0,  -180000.0,   0.50000, 0, 
unit_sim,  60374776.348, 0, 25.00000,25.00000, 13.80000,13.08000,0.00000,13.08000,   0.000,  0.000,  0.000,  0,  -180000.0,   0.50000, 0, 
unit_sim,  60374776.447, 0, 25.00000,25.00000, 13.80000,13.08000,0.00000,13.08000,   0.000,  0.000,  0.000,  0,  -180000.0,   0.50000, 0, 
unit_sim,  60374776.547, 0, 25.00000,25.00000, 13.80000,13.08000,0.00000,13.08000,   0.000,  0.000,  0.000,  0,  -180000.0,   0.50000, 0, 
unit_sim,  60374776.648, 0, 25.00000,25.00000, 13.80000,13.08000,0.00000,13.08000,   0.000,  0.000,  0.000,  0,  -180000.0,   0.50000, 0, 
unit_sim,  60374776.747, 0, 25.00000,25.00000, 13.80000,13.08000,0.00000,13.08000,   0.000,  0.000,  0.000,  0,  -180000.0,   0.50000, 0, 
unit_sim,  60374776.847, 0, 25.00000,25.00000, 13.80000,13.08000,0.00000,13.08000,   0.000,  0.000,  0.000,  0,  -180000.0,   0.50000, 0, 
unit_sim,  60374776.948, 0, 25.00000,25.00000, 13.80000,13.08000,0.00000,13.08000,   0.000,  0.000,  0.000,  0,  -180000.0,   0.50000, 0, 
unit_sim,  60374777.047, 0, 25.00000,25.00000, 13.80000,13.08000,0.00000,13.08000,   0.000,  0.000,  0.000,  0,  -180000.0,   0.50000, 0, 
unit_sim,  60374777.148, 0, 25.00000,25.00000, 13.80000,13.08000,0.00000,13.08000,   0.000,  0.000,  0.000,  0,  -180000.0,   0.50000, 0, 
unit_sim,  60374777.247, 0, 25.00000,25.00000, 13.80000,13.08000,0.00000,13.08000,   0.000,  0.000,  0.000,  0,  -180000.0,   0.50000, 0, 
unit_sim,  60374777.347, 0, 25.00000,25.00000, 13.80000,13.08000,0.00000,13.08000,   0.000,  0.000,  0.000,  0,  -180000.0,   0.50000, 0, 
unit_sim,  60374777.447, 0, 25.00000,25.00000, 13.80000,13.08000,0.00000,13.08000,   0.000,  0.000,  0.000,  0,  -180000.0,   0.50000, 0, 
unit_sim,  60374777.547, 0, 25.00000,25.00000, 13.80000,13.08000,0.00000,13.08000,   0.000,  0.000,  0.000,  0,  -180000.0,   0.50000, 0, 
unit_sim,  60374777.647, 0, 25.00000,25.00000, 13.80000,13.08000,0.00000,13.08000,   0.000,  0.000,  0.000,  0,  -180000.0,   0.50000, 0, 
unit_sim,  60374777.747, 0, 25.00000,25.00000, 13.80000,13.08000,0.00000,13.08000,   0.000,  0.000,  0.000,  0,  -180000.0,   0.50000, 0, 
unit_sim,  60374777.847, 0, 25.00000,25.00000, 13.80000,13.08000,0.00000,13.08000,   0.000,  0.000,  0.000,  0,  -180000.0,   0.50000, 0, 
unit_sim,  60374777.947, 0, 25.00000,25.00000, 13.80000,13.08000,0.00000,13.08000,   0.000,  0.000,  0.000,  0,  -180000.0,   0.50000, 0, 
unit_sim,  60374778.048, 0, 25.00000,25.00000, 13.80000,13.08000,0.00000,13.08000,   0.000,  0.000,  0.000,  0,  -180000.0,   0.50000, 0, 
unit_sim,  60374778.147, 0, 25.00000,25.00000, 13.80000,13.08000,0.00000,13.08000,   0.000,  0.000,  0.000,  0,  -180000.0,   0.50000, 0, 
unit_sim,  60374778.247, 0, 25.00000,25.00000, 13.80000,13.08000,0.00000,13.08000,   0.000,  0.000,  0.000,  0,  -180000.0,   0.50000, 0, 
unit_sim,  60374778.347, 0, 25.00000,25.00000, 13.80000,13.08000,0.00000,13.08000,   0.000,  0.000,  0.000,  0,  -180000.0,   0.50000, 0, 
unit_sim,  60374778.447, 0, 25.00000,25.00000, 13.80000,13.08000,0.00000,13.08000,   0.000,  0.000,  0.000,  0,  -180000.0,   0.50000, 0, 
unit_sim,  60374778.547, 0, 25.00000,25.00000, 13.80000,13.08000,0.00000,13.08000,   0.000,  0.000,  0.000,  0,  -180000.0,   0.50000, 0, 
unit_sim,  60374778.647, 0, 25.00000,25.00000, 13.80000,13.08000,0.00000,13.08000,   0.000,  0.000,  0.000,  0,  -180000.0,   0.50000, 0, 
unit_sim,  60374778.747, 0, 25.00000,25.00000, 13.80000,13.08000,0.00000,13.08000,   0.000,  0.000,  0.000,  0,  -180000.0,   0.50000, 0, 
unit_sim,  60374778.847, 0, 25.00000,25.00000, 13.80000,13.08000,0.00000,13.08000,   0.000,  0.000,  0.000,  0,  -180000.0,   0.50000, 0, 
unit_sim,  60374778.947, 0, 25.00000,25.00000, 13.80000,13.08000,0.00000,13.08000,   0.000,  0.000,  0.000,  0,  -180000.0,   0.50000, 0, 
unit_sim,  60374779.047, 0, 25.00000,25.00000, 13.80000,13.08000,0.00000,13.08000,   0.000,  0.000,  0.000,  0,  -180000.0,   0.50000, 0, 
unit_sim,  60374779.147, 0, 25.00000,25.00000, 13.80000,13.08000,0.00000,13.08000,   0.000,  0.000,  0.000,  0,  -180000.0,   0.50000, 0, 
unit_sim,  60374779.247, 0, 25.00000,25.00000, 13.80000,13.08000,0.00000,13.08000,   0.000,  0.000,  0.000,  0,  -180000.0,   0.50000, 0, 
unit_sim,  60374779.347, 0, 25.00000,25.00000, 13.80000,13.08000,0.00000,13.08000,   0.000,  0.000,  0.000,  0,  -180000.0,   0.50000, 0, 
unit_sim,  60374779.447, 0, 25.00000,25.00000, 13.80000,13.08000,0.00000,13.08000,   0.000,  0.000,  0.000,  0,  -180000.0,   0.50000, 0, 
unit_sim,  60374779.547, 0, 25.00000,25.00000, 13.80000,13.08000,0.00000,13.08000,   0.000,  0.000,  0.000,  0,  -180000.0,   0.50000, 0, 
unit_sim,  60374779.647, 0, 25.00000,25.00000, 13.80000,13.08000,0.00000,13.08000,   0.000,  0.000,  0.000,  0,  -180000.0,   0.50000, 0, 
unit_sim,  60374779.747, 0, 25.00000,25.00000, 13.80000,13.08000,0.00000,13.08000,   0.000,  0.000,  0.000,  0,  -180000.0,   0.50000, 0, 
unit_sim,  60374779.847, 0, 25.00000,25.00000, 13.80000,13.08000,0.00000,13.08000,   0.000,  0.000,  0.000,  0,  -180000.0,   0.50000, 0, 
unit_sim,  60374779.947, 0, 25.00000,25.00000, 13.80000,13.08000,0.00000,13.08000,   0.000,  0.000,  0.000,  0,  -180000.0,   0.50000, 0, 
unit_sim,  60374780.047, 0, 25.00000,25.00000, 13.80000,13.08000,0.00000,13.08000,   0.000,  0.000,  0.000,  0,  -180000.0,   0.50000, 0, 
unit_sim,  60374780.147, 0, 25.00000,25.00000, 13.80000,13.08000,0.00000,13.08000,   0.000,  0.000,  0.000,  0,  -180000.0,   0.50000, 0, 
unit_sim,  60374780.247, 0, 25.00000,25.00000, 13.80000,13.08000,0.00000,13.08000,   0.000,  0.000,  0.000,  0,  -180000.0,   0.50000, 0, 
unit_sim,  60374780.347, 0, 25.00000,25.00000, 13.80000,13.08000,0.00000,13.08000,   0.000,  0.000,  0.000,  0,  -180000.0,   0.50000, 0, 
unit_sim,  60374780.447, 0, 25.00000,25.00000, 13.80000,13.08000,0.00000,13.08000,   0.000,  0.000,  0.000,  0,  -180000.0,   0.50000, 0, 
unit_sim,  60374780.547, 0, 25.00000,25.00000, 13.80000,13.08000,0.00000,13.08000,   0.000,  0.000,  0.000,  0,  -180000.0,   0.50000, 0, 
unit_sim,  60374780.647, 0, 25.00000,25.00000, 13.80000,13.08000,0.00000,13.08000,   0.000,  0.000,  0.000,  0,  -180000.0,   0.50000, 0, 
unit_sim,  60374780.747, 0, 25.00000,25.00000, 13.80000,13.08000,0.00000,13.08000,   0.000,  0.000,  0.000,  0,  -180000.0,   0.50000, 0, 
unit_sim,  60374780.847, 0, 25.00000,25.00000, 13.80000,13.08000,0.00000,13.08000,   0.000,  0.000,  0.000,  0,  -180000.0,   0.50000, 0, 
unit_sim,  60374780.947, 0, 25.00000,25.00000, 13.80000,13.08000,0.00000,13.08000,   0.000,  0.000,  0.000,  0,  -180000.0,   0.50000, 0, 
unit_sim,  60374781.047, 0, 25.00000,25.00000, 13.80000,13.08000,0.00000,13.08000,   0.000,  0.000,  0.000,  0,  -180000.0,   0.50000, 0, 
unit_sim,  60374781.148, 0, 25.00000,25.00000, 13.80000,13.08000,0.00000,13.08000,   0.000,  0.000,  0.000,  0,  -180000.0,   0.50000, 0, 
unit_sim,  60374781.247, 0, 25.00000,25.00000, 13.80000,13.08000,0.00000,13.08000,   0.000,  0.000,  0.000,  0,  -180000.0,   0.50000, 0, 
unit_sim,  60374781.348, 0, 25.00000,25.00000, 13.80000,13.08000,0.00000,13.08000,   0.000,  0.000,  0.000,  0,  -180000.0,   0.50000, 0, 
unit_sim,  60374781.447, 0, 25.00000,25.00000, 13.80000,13.08000,0.00000,13.08000,   0.000,  0.000,  0.000,  0,  -180000.0,   0.50000, 0, 
unit_sim,  60374781.547, 0, 25.00000,25.00000, 13.80000,13.08000,0.00000,13.08000,   0.000,  0.000,  0.000,  0,  -180000.0,   0.50000, 0, 
unit_sim,  60374781.647, 0, 25.00000,25.00000, 13.80000,13.08000,0.00000,13.08000,   0.000,  0.000,  0.000,  0,  -180000.0,   0.50000, 0, 
unit_sim,  60374781.747, 0, 25.00000,25.00000, 13.80000,13.08000,0.00000,13.08000,   0.000,  0.000,  0.000,  0,  -180000.0,   0.50000, 0, 
unit_sim,  60374781.847, 0, 25.00000,25.00000, 13.80000,13.08000,0.00000,13.08000,   0.000,  0.000,  0.000,  0,  -180000.0,   0.50000, 0, 
unit_sim,  60374781.947, 0, 25.00000,25.00000, 13.80000,13.08000,0.00000,13.08000,   0.000,  0.000,  0.000,  0,  -180000.0,   0.50000, 0, 
unit_sim,  60374782.047, 0, 25.00000,25.00000, 13.80000,13.08000,0.00000,13.08000,   0.000,  0.000,  0.000,  0,  -180000.0,   0.50000, 0, 
unit_sim,  60374782.147, 0, 25.00000,25.00000, 13.80000,13.08000,0.00000,13.08000,   0.000,  0.000,  0.000,  0,  -180000.0,   0.50000, 0, 
unit_sim,  60374782.247, 0, 25.00000,25.00000, 13.80000,13.08000,0.00000,13.08000,   0.000,  0.000,  0.000,  0,  -180000.0,   0.50000, 0, 
unit_sim,  60374782.347, 0, 25.00000,25.00000, 13.80000,13.08000,0.00000,13.08000,   0.000,  0.000,  0.000,  0,  -180000.0,   0.50000, 0, 
unit_sim,  60374782.447, 0, 25.00000,25.00000, 13.80000,13.08000,0.00000,13.08000,   0.000,  0.000,  0.000,  0,  -180000.0,   0.50000, 0, 
unit_sim,  60374782.547, 0, 25.00000,25.00000, 13.80000,13.08000,0.00000,13.08000,   0.000,  0.000,  0.000,  0,  -180000.0,   0.50000, 0, 
unit_sim,  60374782.647, 0, 25.00000,25.00000, 13.80000,13.08000,0.00000,13.08000,   0.000,  0.000,  0.000,  0,  -180000.0,   0.50000, 0, 
unit_sim,  60374782.747, 0, 25.00000,25.00000, 13.80000,13.08000,0.00000,13.08000,   0.000,  0.000,  0.000,  0,  -180000.0,   0.50000, 0, 
unit_sim,  60374782.847, 0, 25.00000,25.00000, 13.80000,13.08000,0.00000,13.08000,   0.000,  0.000,  0.000,  0,  -180000.0,   0.50000, 0, 
unit_sim,  60374782.947, 0, 25.00000,25.00000, 13.80000,13.08000,0.00000,13.08000,   0.000,  0.000,  0.000,  0,  -180000.0,   0.50000, 0, 
unit_sim,  60374783.047, 0, 25.00000,25.00000, 13.80000,13.08000,0.00000,13.08000,   0.000,  0.000,  0.000,  0,  -180000.0,   0.50000, 0, 
unit_sim,  60374783.147, 0, 25.00000,25.00000, 13.80000,13.08000,0.00000,13.08000,   0.000,  0.000,  0.000,  0,  -180000.0,   0.50000, 0, 
unit_sim,  60374783.247, 0, 25.00000,25.00000, 13.80000,13.08000,0.00000,13.08000,   0.000,  0.000,  0.000,  0,  -180000.0,   0.50000, 0, 
unit_sim,  60374783.347, 0, 25.00000,25.00000, 13.80000,13.08000,0.00000,13.08000,   0.000,  0.000,  0.000,  0,  -180000.0,   0.50000, 0, 
unit_sim,  60374783.447, 0, 25.00000,25.00000, 13.80000,13.08000,0.00000,13.08000,   0.000,  0.000,  0.000,  0,  -180000.0,   0.50000, 0, 
unit_sim,  60374783.547, 0, 25.00000,25.00000, 13.80000,13.08000,0.00000,13.08000,   0.000,  0.000,  0.000,  0,  -180000.0,   0.50000, 0, 
unit_sim,  60374783.647, 0, 25.00000,25.00000, 13.80000,13.08000,0.00000,13.08000,   0.000,  0.000,  0.000,  0,  -180000.0,   0.50000, 0, 
unit_sim,  60374783.747, 0, 25.00000,25.00000, 13.80000,13.08000,0.00000,13.08000,   0.000,  0.000,  0.000,  0,  -180000.0,   0.50000, 0, 
unit_sim,  60374783.847, 0, 25.00000,25.00000, 13.80000,13.08000,0.00000,13.08000,   0.000,  0.000,  0.000,  0,  -180000.0,   0.50000, 0, 
unit_sim,  60374783.947, 0, 25.00000,25.00000, 13.80000,13.08000,0.00000,13.08000,   0.000,  0.000,  0.000,  0,  -180000.0,   0.50000, 0, 
unit_sim,  60374784.047, 0, 25.00000,25.00000, 13.80000,13.08000,0.00000,13.08000,   0.000,  0.000,  0.000,  0,  -180000.0,   0.50000, 0, 
unit_sim,  60374784.147, 0, 25.00000,25.00000, 13.80000,13.08000,0.00000,13.08000,   0.000,  0.000,  0.000,  0,  -180000.0,   0.50000, 0, 
unit_sim,  60374784.247, 0, 25.00000,25.00000, 13.80000,13.08000,0.00000,13.08000,   0.000,  0.000,  0.000,  0,  -180000.0,   0.50000, 0, 
unit_sim,  60374784.347, 0, 25.00000,25.00000, 13.80000,13.08000,0.00000,13.08000,   0.000,  0.000,  0.000,  0,  -180000.0,   0.50000, 0, 
unit_sim,  60374784.447, 0, 25.00000,25.00000, 13.80000,13.08000,0.00000,13.08000,   0.000,  0.000,  0.000,  0,  -180000.0,   0.50000, 0, 
unit_sim,  60374784.547, 0, 25.00000,25.00000, 13.80000,13.08000,0.00000,13.08000,   0.000,  0.000,  0.000,  0,  -180000.0,   0.50000, 0, 
unit_sim,  60374784.647, 0, 25.00000,25.00000, 13.80000,13.08000,0.00000,13.08000,   0.000,  0.000,  0.000,  0,  -180000.0,   0.50000, 0, 
unit_sim,  60374784.747, 0, 25.00000,25.00000, 13.80000,13.08000,0.00000,13.08000,   0.000,  0.000,  0.000,  0,  -180000.0,   0.50000, 0, 
unit_sim,  60374784.847, 0, 25.00000,25.00000, 13.80000,13.08000,0.00000,13.08000,   0.000,  0.000,  0.000,  0,  -180000.0,   0.50000, 0, 
unit_sim,  60374784.947, 0, 25.00000,25.00000, 13.80000,13.08000,0.00000,13.08000,   0.000,  0.000,  0.000,  0,  -180000.0,   0.50000, 0, 
unit_sim,  60374785.047, 0, 25.00000,25.00000, 13.80000,13.08000,0.00000,13.08000,   0.000,  0.000,  0.000,  0,  -180000.0,   0.50000, 0, 
unit_sim,  60374785.147, 0, 25.00000,25.00000, 13.80000,13.08000,0.00000,13.08000,   0.000,  0.000,  0.000,  0,  -180000.0,   0.50000, 0, 
unit_sim,  60374785.247, 0, 25.00000,25.00000, 13.80000,13.08000,0.00000,13.08000,   0.000,  0.000,  0.000,  0,  -180000.0,   0.50000, 0, 
unit_sim,  60374785.347, 0, 25.00000,25.00000, 13.80000,13.08000,0.00000,13.08000,   0.000,  0.000,  0.000,  0,  -180000.0,   0.50000, 0, 
unit_sim,  60374785.447, 0, 25.00000,25.00000, 13.80000,13.08000,0.00000,13.08000,   0.000,  0.000,  0.000,  0,  -180000.0,   0.50000, 0, 
unit_sim,  60374785.547, 0, 25.00000,25.00000, 13.80000,13.08000,0.00000,13.08000,   0.000,  0.000,  0.000,  0,  -180000.0,   0.50000, 0, 
unit_sim,  60374785.647, 0, 25.00000,25.00000, 13.80000,13.08000,0.00000,13.08000,   0.000,  0.000,  0.000,  0,  -180000.0,   0.50000, 0, 
unit_sim,  60374785.747, 0, 25.00000,25.00000, 13.80000,13.08000,0.00000,13.08000,   0.000,  0.000,  0.000,  0,  -180000.0,   0.50000, 0, 
unit_sim,  60374785.847, 0, 25.00000,25.00000, 13.80000,13.08000,0.00000,13.08000,   0.000,  0.000,  0.000,  0,  -180000.0,   0.50000, 0, 
unit_sim,  60374785.947, 0, 25.00000,25.00000, 13.80000,13.08000,0.00000,13.08000,   0.000,  0.000,  0.000,  0,  -180000.0,   0.50000, 0, 
unit_sim,  60374786.047, 0, 25.00000,25.00000, 13.80000,13.08000,0.00000,13.08000,   0.000,  0.000,  0.000,  0,  -180000.0,   0.50000, 0, 
unit_sim,  60374786.147, 0, 25.00000,25.00000, 13.80000,13.08000,0.00000,13.08000,   0.000,  0.000,  0.000,  0,  -180000.0,   0.50000, 0, 
unit_sim,  60374786.247, 0, 25.00000,25.00000, 13.80000,13.08000,0.00000,13.08000,   0.000,  0.000,  0.000,  0,  -180000.0,   0.50000, 0, 
unit_sim,  60374786.347, 0, 25.00000,25.00000, 13.80000,13.08000,0.00000,13.08000,   0.000,  0.000,  0.000,  0,  -180000.0,   0.50000, 0, 
unit_sim,  60374786.447, 0, 25.00000,25.00000, 13.80000,13.08000,0.00000,13.08000,   0.000,  0.000,  0.000,  0,  -180000.0,   0.50000, 0, 
unit_sim,  60374786.547, 0, 25.00000,25.00000, 13.80000,13.08000,0.00000,13.08000,   0.000,  0.000,  0.000,  0,  -180000.0,   0.50000, 0, 
unit_sim,  60374786.647, 0, 25.00000,25.00000, 13.80000,13.08000,0.00000,13.08000,   0.000,  0.000,  0.000,  0,  -180000.0,   0.50000, 0, 
unit_sim,  60374786.747, 0, 25.00000,25.00000, 13.80000,13.08000,0.00000,13.08000,   0.000,  0.000,  0.000,  0,  -180000.0,   0.50000, 0, 
unit_sim,  60374786.847, 0, 25.00000,25.00000, 13.80000,13.08000,0.00000,13.08000,   0.000,  0.000,  0.000,  0,  -180000.0,   0.50000, 0, 
unit_sim,  60374786.947, 0, 25.00000,25.00000, 13.80000,13.08000,0.00000,13.08000,   0.000,  0.000,  0.000,  0,  -180000.0,   0.50000, 0, 
unit_sim,  60374787.047, 0, 25.00000,25.00000, 13.80000,13.08000,0.00000,13.08000,   0.000,  0.000,  0.000,  0,  -180000.0,   0.50000, 0, 
unit_sim,  60374787.147, 0, 25.00000,25.00000, 13.80000,13.08000,0.00000,13.08000,   0.000,  0.000,  0.000,  0,  -180000.0,   0.50000, 0, 
unit_sim,  60374787.247, 0, 25.00000,25.00000, 13.80000,13.08000,0.00000,13.08000,   0.000,  0.000,  0.000,  0,  -180000.0,   0.50000, 0, 
unit_sim,  60374787.347, 0, 25.00000,25.00000, 13.80000,13.08000,0.00000,13.08000,   0.000,  0.000,  0.000,  0,  -180000.0,   0.50000, 0, 
unit_sim,  60374787.447, 0, 25.00000,25.00000, 13.80000,13.08000,0.00000,13.08000,   0.000,  0.000,  0.000,  0,  -180000.0,   0.50000, 0, 
unit_sim,  60374787.547, 0, 25.00000,25.00000, 13.80000,13.08000,0.00000,13.08000,   0.000,  0.000,  0.000,  0,  -180000.0,   0.50000, 0, 
unit_sim,  60374787.647, 0, 25.00000,25.00000, 13.80000,13.08000,0.00000,13.08000,   0.000,  0.000,  0.000,  0,  -180000.0,   0.50000, 0, 
unit_sim,  60374787.747, 0, 25.00000,25.00000, 13.80000,13.08000,0.00000,13.08000,   0.000,  0.000,  0.000,  0,  -180000.0,   0.50000, 0, 
unit_sim,  60374787.847, 0, 25.00000,25.00000, 13.80000,13.08000,0.00000,13.08000,   0.000,  0.000,  0.000,  0,  -180000.0,   0.50000, 0, 
unit_sim,  60374787.947, 0, 25.00000,25.00000, 13.80000,13.08000,0.00000,13.08000,   0.000,  0.000,  0.000,  0,  -180000.0,   0.50000, 0, 
unit_sim,  60374788.047, 0, 25.00000,25.00000, 13.80000,13.08000,0.00000,13.08000,   0.000,  0.000,  0.000,  0,  -180000.0,   0.50000, 0, 
unit_sim,  60374788.147, 0, 25.00000,25.00000, 13.80000,13.08000,0.00000,13.08000,   0.000,  0.000,  0.000,  0,  -180000.0,   0.50000, 0, 
unit_sim,  60374788.248, 0, 25.00000,25.00000, 13.80000,13.08000,0.00000,13.08000,   0.000,  0.000,  0.000,  0,  -180000.0,   0.50000, 0, 
unit_sim,  60374788.347, 0, 25.00000,25.00000, 13.80000,13.08000,0.00000,13.08000,   0.000,  0.000,  0.000,  0,  -180000.0,   0.50000, 0, 
unit_sim,  60374788.447, 0, 25.00000,25.00000, 13.80000,13.08000,0.00000,13.08000,   0.000,  0.000,  0.000,  0,  -180000.0,   0.50000, 0, 
unit_sim,  60374788.547, 0, 25.00000,25.00000, 13.80000,13.08000,0.00000,13.08000,   0.000,  0.000,  0.000,  0,  -180000.0,   0.50000, 0, 
unit_sim,  60374788.647, 0, 25.00000,25.00000, 13.80000,13.08000,0.00000,13.08000,   0.000,  0.000,  0.000,  0,  -180000.0,   0.50000, 0, 
unit_sim,  60374788.747, 0, 25.00000,25.00000, 13.80000,13.08000,0.00000,13.08000,   0.000,  0.000,  0.000,  0,  -180000.0,   0.50000, 0, 
unit_sim,  60374788.847, 0, 25.00000,25.00000, 13.80000,13.08000,0.00000,13.08000,   0.000,  0.000,  0.000,  0,  -180000.0,   0.50000, 0, 
unit_sim,  60374788.947, 0, 25.00000,25.00000, 13.80000,13.08000,0.00000,13.08000,   0.000,  0.000,  0.000,  0,  -180000.0,   0.50000, 0, 
unit_sim,  60374789.047, 0, 25.00000,25.00000, 13.80000,13.08000,0.00000,13.08000,   0.000,  0.000,  0.000,  0,  -180000.0,   0.50000, 0, 
unit_sim,  60374789.147, 0, 25.00000,25.00000, 13.80000,13.08000,0.00000,13.08000,   0.000,  0.000,  0.000,  0,  -180000.0,   0.50000, 0, 
unit_sim,  60374789.247, 0, 25.00000,25.00000, 13.80000,13.08000,0.00000,13.08000,   0.000,  0.000,  0.000,  0,  -180000.0,   0.50000, 0, 
unit_sim,  60374789.347, 0, 25.00000,25.00000, 13.80000,13.08000,0.00000,13.08000,   0.000,  0.000,  0.000,  0,  -180000.0,   0.50000, 0, 
unit_sim,  60374789.447, 0, 25.00000,25.00000, 13.80000,13.08000,0.00000,13.08000,   0.000,  0.000,  0.000,  0,  -180000.0,   0.50000, 0, 
unit_sim,  60374789.547, 0, 25.00000,25.00000, 13.80000,13.08000,0.00000,13.08000,   0.000,  0.000,  0.000,  0,  -180000.0,   0.50000, 0, 
unit_sim,  60374789.647, 0, 25.00000,25.00000, 13.80000,13.08000,0.00000,13.08000,   0.000,  0.000,  0.000,  0,  -180000.0,   0.50000, 0, 
unit_sim,  60374789.748, 0, 25.00000,25.00000, 13.80000,13.08000,0.00000,13.08000,   0.000,  0.000,  0.000,  0,  -180000.0,   0.50000, 0, 
unit_sim,  60374789.847, 0, 25.00000,25.00000, 13.80000,13.08000,0.00000,13.08000,   0.000,  0.000,  0.000,  0,  -180000.0,   0.50000, 0, 
unit_sim,  60374789.947, 0, 25.00000,25.00000, 13.80000,13.08000,0.00000,13.08000,   0.000,  0.000,  0.000,  0,  -180000.0,   0.50000, 0, 
unit_sim,  60374790.047, 0, 25.00000,25.00000, 13.80000,13.08000,0.00000,13.08000,   0.000,  0.000,  0.000,  0,  -180000.0,   0.50000, 0, 
unit_sim,  60374790.147, 0, 25.00000,25.00000, 13.80000,13.08000,0.00000,13.08000,   0.000,  0.000,  0.000,  0,  -180000.0,   0.50000, 0, 
unit_sim,  60374790.247, 0, 25.00000,25.00000, 13.80000,13.08000,0.00000,13.08000,   0.000,  0.000,  0.000,  0,  -180000.0,   0.50000, 0, 
unit_sim,  60374790.347, 0, 25.00000,25.00000, 13.80000,13.08000,0.00000,13.08000,   0.000,  0.000,  0.000,  0,  -180000.0,   0.50000, 0, 
unit_sim,  60374790.447, 0, 25.00000,25.00000, 13.80000,13.08000,0.00000,13.08000,   0.000,  0.000,  0.000,  0,  -180000.0,   0.50000, 0, 
unit_sim,  60374790.547, 0, 25.00000,25.00000, 13.80000,13.08000,0.00000,13.08000,   0.000,  0.000,  0.000,  0,  -180000.0,   0.50000, 0, 
unit_sim,  60374790.648, 0, 25.00000,25.00000, 13.80000,13.08000,0.00000,13.08000,   0.000,  0.000,  0.000,  0,  -180000.0,   0.50000, 0, 
unit_sim,  60374790.747, 0, 25.00000,25.00000, 13.80000,13.08000,0.00000,13.08000,   0.000,  0.000,  0.000,  0,  -180000.0,   0.50000, 0, 
unit_sim,  60374790.847, 0, 25.00000,25.00000, 13.80000,13.08000,0.00000,13.08000,   0.000,  0.000,  0.000,  0,  -180000.0,   0.50000, 0, 
unit_sim,  60374790.947, 0, 25.00000,25.00000, 13.80000,13.08000,0.00000,13.08000,   0.000,  0.000,  0.000,  0,  -180000.0,   0.50000, 0, 
unit_sim,  60374791.047, 0, 25.00000,25.00000, 13.80000,13.08000,0.00000,13.08000,   0.000,  0.000,  0.000,  0,  -180000.0,   0.50000, 0, 
unit_sim,  60374791.147, 0, 25.00000,25.00000, 13.80000,13.08000,0.00000,13.08000,   0.000,  0.000,  0.000,  0,  -180000.0,   0.50000, 0, 
unit_sim,  60374791.248, 0, 25.00000,25.00000, 13.80000,13.08000,0.00000,13.08000,   0.000,  0.000,  0.000,  0,  -180000.0,   0.50000, 0, 
unit_sim,  60374791.347, 0, 25.00000,25.00000, 13.80000,13.08000,0.00000,13.08000,   0.000,  0.000,  0.000,  0,  -180000.0,   0.50000, 0, 
unit_sim,  60374791.447, 0, 25.00000,25.00000, 13.80000,13.08000,0.00000,13.08000,   0.000,  0.000,  0.000,  0,  -180000.0,   0.50000, 0, 
unit_sim,  60374791.547, 0, 25.00000,25.00000, 13.80000,13.08000,0.00000,13.08000,   0.000,  0.000,  0.000,  0,  -180000.0,   0.50000, 0, 
unit_sim,  60374791.647, 0, 25.00000,25.00000, 13.80000,13.08000,0.00000,13.08000,   0.000,  0.000,  0.000,  0,  -180000.0,   0.50000, 0, 
unit_sim,  60374791.747, 0, 25.00000,25.00000, 13.80000,13.08000,0.00000,13.08000,   0.000,  0.000,  0.000,  0,  -180000.0,   0.50000, 0, 
unit_sim,  60374791.847, 0, 25.00000,25.00000, 13.80000,13.08000,0.00000,13.08000,   0.000,  0.000,  0.000,  0,  -180000.0,   0.50000, 0, 
unit_sim,  60374791.947, 0, 25.00000,25.00000, 13.80000,13.08000,0.00000,13.08000,   0.000,  0.000,  0.000,  0,  -180000.0,   0.50000, 0, 
unit_sim,  60374792.047, 0, 25.00000,25.00000, 13.80000,13.08000,0.00000,13.08000,   0.000,  0.000,  0.000,  0,  -180000.0,   0.50000, 0, 
unit_sim,  60374792.147, 0, 25.00000,25.00000, 13.80000,13.08000,0.00000,13.08000,   0.000,  0.000,  0.000,  0,  -180000.0,   0.50000, 0, 
unit_sim,  60374792.247, 0, 25.00000,25.00000, 13.80000,13.08000,0.00000,13.08000,   0.000,  0.000,  0.000,  0,  -180000.0,   0.50000, 0, 
unit_sim,  60374792.347, 0, 25.00000,25.00000, 13.80000,13.08000,0.00000,13.08000,   0.000,  0.000,  0.000,  0,  -180000.0,   0.50000, 0, 
unit_sim,  60374792.447, 0, 25.00000,25.00000, 13.80000,13.08000,0.00000,13.08000,   0.000,  0.000,  0.000,  0,  -180000.0,   0.50000, 0, 
unit_sim,  60374792.547, 0, 25.00000,25.00000, 13.80000,13.08000,0.00000,13.08000,   0.000,  0.000,  0.000,  0,  -180000.0,   0.50000, 0, 
unit_sim,  60374792.647, 0, 25.00000,25.00000, 13.80000,13.08000,0.00000,13.08000,   0.000,  0.000,  0.000,  0,  -180000.0,   0.50000, 0, 
unit_sim,  60374792.747, 0, 25.00000,25.00000, 13.80000,13.08000,0.00000,13.08000,   0.000,  0.000,  0.000,  0,  -180000.0,   0.50000, 0, 
unit_sim,  60374792.848, 0, 25.00000,25.00000, 13.80000,13.08000,0.00000,13.08000,   0.000,  0.000,  0.000,  0,  -180000.0,   0.50000, 0, 
unit_sim,  60374792.947, 0, 25.00000,25.00000, 13.80000,13.08000,0.00000,13.08000,   0.000,  0.000,  0.000,  0,  -180000.0,   0.50000, 0, 
unit_sim,  60374793.047, 0, 25.00000,25.00000, 13.80000,13.08000,0.00000,13.08000,   0.000,  0.000,  0.000,  0,  -180000.0,   0.50000, 0, 
unit_sim,  60374793.147, 0, 25.00000,25.00000, 13.80000,13.08000,0.00000,13.08000,   0.000,  0.000,  0.000,  0,  -180000.0,   0.50000, 0, 
unit_sim,  60374793.247, 0, 25.00000,25.00000, 13.80000,13.08000,0.00000,13.08000,   0.000,  0.000,  0.000,  0,  -180000.0,   0.50000, 0, 
unit_sim,  60374793.347, 0, 25.00000,25.00000, 13.80000,13.08000,0.00000,13.08000,   0.000,  0.000,  0.000,  0,  -180000.0,   0.50000, 0, 
unit_sim,  60374793.447, 0, 25.00000,25.00000, 13.80000,13.08000,0.00000,13.08000,   0.000,  0.000,  0.000,  0,  -180000.0,   0.50000, 0, 
unit_sim,  60374793.547, 0, 25.00000,25.00000, 13.80000,13.08000,0.00000,13.08000,   0.000,  0.000,  0.000,  0,  -180000.0,   0.50000, 0, 
unit_sim,  60374793.647, 0, 25.00000,25.00000, 13.80000,13.08000,0.00000,13.08000,   0.000,  0.000,  0.000,  0,  -180000.0,   0.50000, 0, 
unit_sim,  60374793.747, 0, 25.00000,25.00000, 13.80000,13.08000,0.00000,13.08000,   0.000,  0.000,  0.000,  0,  -180000.0,   0.50000, 0, 
unit_sim,  60374793.847, 0, 25.00000,25.00000, 13.80000,13.08000,0.00000,13.08000,   0.000,  0.000,  0.000,  0,  -180000.0,   0.50000, 0, 
unit_sim,  60374793.947, 0, 25.00000,25.00000, 13.80000,13.08000,0.00000,13.08000,   0.000,  0.000,  0.000,  0,  -180000.0,   0.50000, 0, 
unit_sim,  60374794.047, 0, 25.00000,25.00000, 13.80000,13.08000,0.00000,13.08000,   0.000,  0.000,  0.000,  0,  -180000.0,   0.50000, 0, 
unit_sim,  60374794.147, 0, 25.00000,25.00000, 13.80000,13.08000,0.00000,13.08000,   0.000,  0.000,  0.000,  0,  -180000.0,   0.50000, 0, 
unit_sim,  60374794.247, 0, 25.00000,25.00000, 13.80000,13.08000,0.00000,13.08000,   0.000,  0.000,  0.000,  0,  -180000.0,   0.50000, 0, 
unit_sim,  60374794.347, 0, 25.00000,25.00000, 13.80000,13.08000,0.00000,13.08000,   0.000,  0.000,  0.000,  0,  -180000.0,   0.50000, 0, 
unit_sim,  60374794.447, 0, 25.00000,25.00000, 13.80000,13.08000,0.00000,13.08000,   0.000,  0.000,  0.000,  0,  -180000.0,   0.50000, 0, 
unit_sim,  60374794.547, 0, 25.00000,25.00000, 13.80000,13.08000,0.00000,13.08000,   0.000,  0.000,  0.000,  0,  -180000.0,   0.50000, 0, 
unit_sim,  60374794.647, 0, 25.00000,25.00000, 13.80000,13.08000,0.00000,13.08000,   0.000,  0.000,  0.000,  0,  -180000.0,   0.50000, 0, 
unit_sim,  60374794.747, 0, 25.00000,25.00000, 13.80000,13.08000,0.00000,13.08000,   0.000,  0.000,  0.000,  0,  -180000.0,   0.50000, 0, 
unit_sim,  60374794.847, 0, 25.00000,25.00000, 13.80000,13.08000,0.00000,13.08000,   0.000,  0.000,  0.000,  0,  -180000.0,   0.50000, 0, 
unit_sim,  60374794.947, 0, 25.00000,25.00000, 13.80000,13.08000,0.00000,13.08000,   0.000,  0.000,  0.000,  0,  -180000.0,   0.50000, 0, 
unit_sim,  60374795.047, 0, 25.00000,25.00000, 13.80000,13.08000,0.00000,13.08000,   0.000,  0.000,  0.000,  0,  -180000.0,   0.50000, 0, 
unit_sim,  60374795.147, 0, 25.00000,25.00000, 13.80000,13.08000,0.00000,13.08000,   0.000,  0.000,  0.000,  0,  -180000.0,   0.50000, 0, 
unit_sim,  60374795.247, 0, 25.00000,25.00000, 13.80000,13.08000,0.00000,13.08000,   0.000,  0.000,  0.000,  0,  -180000.0,   0.50000, 0, 
unit_sim,  60374795.347, 0, 25.00000,25.00000, 13.80000,13.08000,0.00000,13.08000,   0.000,  0.000,  0.000,  0,  -180000.0,   0.50000, 0, 
unit_sim,  60374795.447, 0, 25.00000,25.00000, 13.80000,13.08000,0.00000,13.08000,   0.000,  0.000,  0.000,  0,  -180000.0,   0.50000, 0, 
unit_sim,  60374795.547, 0, 25.00000,25.00000, 13.80000,13.08000,0.00000,13.08000,   0.000,  0.000,  0.000,  0,  -180000.0,   0.50000, 0, 
unit_sim,  60374795.647, 0, 25.00000,25.00000, 13.80000,13.08000,0.00000,13.08000,   0.000,  0.000,  0.000,  0,  -180000.0,   0.50000, 0, 
unit_sim,  60374795.747, 0, 25.00000,25.00000, 13.80000,13.08000,0.00000,13.08000,   0.000,  0.000,  0.000,  0,  -180000.0,   0.50000, 0, 
unit_sim,  60374795.847, 0, 25.00000,25.00000, 13.80000,13.08000,0.00000,13.08000,   0.000,  0.000,  0.000,  0,  -180000.0,   0.50000, 0, 
unit_sim,  60374795.947, 0, 25.00000,25.00000, 13.80000,13.08000,0.00000,13.08000,   0.000,  0.000,  0.000,  0,  -180000.0,   0.50000, 0, 
unit_sim,  60374796.047, 0, 25.00000,25.00000, 13.80000,13.08000,0.00000,13.08000,   0.000,  0.000,  0.000,  0,  -180000.0,   0.50000, 0, 
unit_sim,  60374796.147, 0, 25.00000,25.00000, 13.80000,13.08000,0.00000,13.08000,   0.000,  0.000,  0.000,  0,  -180000.0,   0.50000, 0, 
unit_sim,  60374796.247, 0, 25.00000,25.00000, 13.80000,13.08000,0.00000,13.08000,   0.000,  0.000,  0.000,  0,  -180000.0,   0.50000, 0, 
unit_sim,  60374796.347, 0, 25.00000,25.00000, 13.80000,13.08000,0.00000,13.08000,   0.000,  0.000,  0.000,  0,  -180000.0,   0.50000, 0, 
unit_sim,  60374796.447, 0, 25.00000,25.00000, 13.80000,13.08000,0.00000,13.08000,   0.000,  0.000,  0.000,  0,  -180000.0,   0.50000, 0, 
unit_sim,  60374796.547, 0, 25.00000,25.00000, 13.80000,13.08000,0.00000,13.08000,   0.000,  0.000,  0.000,  0,  -180000.0,   0.50000, 0, 
unit_sim,  60374796.647, 0, 25.00000,25.00000, 13.80000,13.08000,0.00000,13.08000,   0.000,  0.000,  0.000,  0,  -180000.0,   0.50000, 0, 
unit_sim,  60374796.747, 0, 25.00000,25.00000, 13.80000,13.08000,0.00000,13.08000,   0.000,  0.000,  0.000,  0,  -180000.0,   0.50000, 0, 
unit_sim,  60374796.847, 0, 25.00000,25.00000, 13.80000,13.08000,0.00000,13.08000,   0.000,  0.000,  0.000,  0,  -180000.0,   0.50000, 0, 
unit_sim,  60374796.947, 0, 25.00000,25.00000, 13.80000,13.08000,0.00000,13.08000,   0.000,  0.000,  0.000,  0,  -180000.0,   0.50000, 0, 
unit_sim,  60374797.047, 0, 25.00000,25.00000, 13.80000,13.08000,0.00000,13.08000,   0.000,  0.000,  0.000,  0,  -180000.0,   0.50000, 0, 
unit_sim,  60374797.147, 0, 25.00000,25.00000, 13.80000,13.08000,0.00000,13.08000,   0.000,  0.000,  0.000,  0,  -180000.0,   0.50000, 0, 
unit_sim,  60374797.247, 0, 25.00000,25.00000, 13.80000,13.08000,0.00000,13.08000,   0.000,  0.000,  0.000,  0,  -180000.0,   0.50000, 0, 
unit_sim,  60374797.347, 0, 25.00000,25.00000, 13.80000,13.08000,0.00000,13.08000,   0.000,  0.000,  0.000,  0,  -180000.0,   0.50000, 0, 
unit_sim,  60374797.447, 0, 25.00000,25.00000, 13.80000,13.08000,0.00000,13.08000,   0.000,  0.000,  0.000,  0,  -180000.0,   0.50000, 0, 
unit_sim,  60374797.547, 0, 25.00000,25.00000, 13.80000,13.08000,0.00000,13.08000,   0.000,  0.000,  0.000,  0,  -180000.0,   0.50000, 0, 
unit_sim,  60374797.647, 0, 25.00000,25.00000, 13.80000,13.08000,0.00000,13.08000,   0.000,  0.000,  0.000,  0,  -180000.0,   0.50000, 0, 
unit_sim,  60374797.747, 0, 25.00000,25.00000, 13.80000,13.08000,0.00000,13.08000,   0.000,  0.000,  0.000,  0,  -180000.0,   0.50000, 0, 
unit_sim,  60374797.847, 0, 25.00000,25.00000, 13.80000,13.08000,0.00000,13.08000,   0.000,  0.000,  0.000,  0,  -180000.0,   0.50000, 0, 
unit_sim,  60374797.947, 0, 25.00000,25.00000, 13.80000,13.08000,0.00000,13.08000,   0.000,  0.000,  0.000,  0,  -180000.0,   0.50000, 0, 
unit_sim,  60374798.047, 0, 25.00000,25.00000, 13.80000,13.08000,0.00000,13.08000,   0.000,  0.000,  0.000,  0,  -180000.0,   0.50000, 0, 
unit_sim,  60374798.147, 0, 25.00000,25.00000, 13.80000,13.08000,0.00000,13.08000,   0.000,  0.000,  0.000,  0,  -180000.0,   0.50000, 0, 
unit_sim,  60374798.247, 0, 25.00000,25.00000, 13.80000,13.08000,0.00000,13.08000,   0.000,  0.000,  0.000,  0,  -180000.0,   0.50000, 0, 
unit_sim,  60374798.347, 0, 25.00000,25.00000, 13.80000,13.08000,0.00000,13.08000,   0.000,  0.000,  0.000,  0,  -180000.0,   0.50000, 0, 
unit_sim,  60374798.447, 0, 25.00000,25.00000, 13.80000,13.08000,0.00000,13.08000,   0.000,  0.000,  0.000,  0,  -180000.0,   0.50000, 0, 
unit_sim,  60374798.547, 0, 25.00000,25.00000, 13.80000,13.08000,0.00000,13.08000,   0.000,  0.000,  0.000,  0,  -180000.0,   0.50000, 0, 
unit_sim,  60374798.647, 0, 25.00000,25.00000, 13.80000,13.08000,0.00000,13.08000,   0.000,  0.000,  0.000,  0,  -180000.0,   0.50000, 0, 
unit_sim,  60374798.747, 0, 25.00000,25.00000, 13.80000,13.08000,0.00000,13.08000,   0.000,  0.000,  0.000,  0,  -180000.0,   0.50000, 0, 
unit_sim,  60374798.847, 0, 25.00000,25.00000, 13.80000,13.08000,0.00000,13.08000,   0.000,  0.000,  0.000,  0,  -180000.0,   0.50000, 0, 
unit_sim,  60374798.947, 0, 25.00000,25.00000, 13.80000,13.08000,0.00000,13.08000,   0.000,  0.000,  0.000,  0,  -180000.0,   0.50000, 0, 
unit_sim,  60374799.047, 0, 25.00000,25.00000, 13.80000,13.08000,0.00000,13.08000,   0.000,  0.000,  0.000,  0,  -180000.0,   0.50000, 0, 
unit_sim,  60374799.147, 0, 25.00000,25.00000, 13.80000,13.08000,0.00000,13.08000,   0.000,  0.000,  0.000,  0,  -180000.0,   0.50000, 0, 
unit_sim,  60374799.247, 0, 25.00000,25.00000, 13.80000,13.08000,0.00000,13.08000,   0.000,  0.000,  0.000,  0,  -180000.0,   0.50000, 0, 
unit_sim,  60374799.347, 0, 25.00000,25.00000, 13.80000,13.08000,0.00000,13.08000,   0.000,  0.000,  0.000,  0,  -180000.0,   0.50000, 0, 
unit_sim,  60374799.447, 0, 25.00000,25.00000, 13.80000,13.08000,0.00000,13.08000,   0.000,  0.000,  0.000,  0,  -180000.0,   0.50000, 0, 
unit_sim,  60374799.547, 0, 25.00000,25.00000, 13.80000,13.08000,0.00000,13.08000,   0.000,  0.000,  0.000,  0,  -180000.0,   0.50000, 0, 
unit_sim,  60374799.647, 0, 25.00000,25.00000, 13.80000,13.08000,0.00000,13.08000,   0.000,  0.000,  0.000,  0,  -180000.0,   0.50000, 0, 
unit_sim,  60374799.747, 0, 25.00000,25.00000, 13.80000,13.08000,0.00000,13.08000,   0.000,  0.000,  0.000,  0,  -180000.0,   0.50000, 0, 
unit_sim,  60374799.847, 0, 25.00000,25.00000, 13.80000,13.08000,0.00000,13.08000,   0.000,  0.000,  0.000,  0,  -180000.0,   0.50000, 0, 
unit_sim,  60374799.947, 0, 25.00000,25.00000, 13.80000,13.08000,0.00000,13.08000,   0.000,  0.000,  0.000,  0,  -180000.0,   0.50000, 0, 
unit_sim,  60374800.047, 0, 25.00000,25.00000, 13.80000,13.08000,0.00000,13.08000,   0.000,  0.000,  0.000,  0,  -180000.0,   0.50000, 0, 
unit_sim,  60374800.147, 0, 25.00000,25.00000, 13.80000,13.08000,0.00000,13.08000,   0.000,  0.000,  0.000,  0,  -180000.0,   0.50000, 0, 
unit_sim,  60374800.247, 0, 25.00000,25.00000, 13.80000,13.08000,0.00000,13.08000,   0.000,  0.000,  0.000,  0,  -180000.0,   0.50000, 0, 
unit_sim,  60374800.347, 0, 25.00000,25.00000, 13.80000,13.08000,0.00000,13.08000,   0.000,  0.000,  0.000,  0,  -180000.0,   0.50000, 0, 
unit_sim,  60374800.447, 0, 25.00000,25.00000, 13.80000,13.08000,0.00000,13.08000,   0.000,  0.000,  0.000,  0,  -180000.0,   0.50000, 0, 
unit_sim,  60374800.547, 0, 25.00000,25.00000, 13.80000,13.08000,0.00000,13.08000,   0.000,  0.000,  0.000,  0,  -180000.0,   0.50000, 0, 
unit_sim,  60374800.647, 0, 25.00000,25.00000, 13.80000,13.08000,0.00000,13.08000,   0.000,  0.000,  0.000,  0,  -180000.0,   0.50000, 0, 
unit_sim,  60374800.747, 0, 25.00000,25.00000, 13.80000,13.08000,0.00000,13.08000,   0.000,  0.000,  0.000,  0,  -180000.0,   0.50000, 0, 
unit_sim,  60374800.847, 0, 25.00000,25.00000, 13.80000,13.08000,0.00000,13.08000,   0.000,  0.000,  0.000,  0,  -180000.0,   0.50000, 0, 
unit_sim,  60374800.947, 0, 25.00000,25.00000, 13.80000,13.08000,0.00000,13.08000,   0.000,  0.000,  0.000,  0,  -180000.0,   0.50000, 0, 
unit_sim,  60374801.047, 0, 25.00000,25.00000, 13.80000,13.08000,0.00000,13.08000,   0.000,  0.000,  0.000,  0,  -180000.0,   0.50000, 0, 
unit_sim,  60374801.147, 0, 25.00000,25.00000, 13.80000,13.08000,0.00000,13.08000,   0.000,  0.000,  0.000,  0,  -180000.0,   0.50000, 0, 
unit_sim,  60374801.248, 0, 25.00000,25.00000, 13.80000,13.08000,0.00000,13.08000,   0.000,  0.000,  0.000,  0,  -180000.0,   0.50000, 0, 
unit_sim,  60374801.347, 0, 25.00000,25.00000, 13.80000,13.08000,0.00000,13.08000,   0.000,  0.000,  0.000,  0,  -180000.0,   0.50000, 0, 
unit_sim,  60374801.447, 0, 25.00000,25.00000, 13.80000,13.08000,0.00000,13.08000,   0.000,  0.000,  0.000,  0,  -180000.0,   0.50000, 0, 
unit_sim,  60374801.547, 0, 25.00000,25.00000, 13.80000,13.08000,0.00000,13.08000,   0.000,  0.000,  0.000,  0,  -180000.0,   0.50000, 0, 
unit_sim,  60374801.647, 0, 25.00000,25.00000, 13.80000,13.08000,0.00000,13.08000,   0.000,  0.000,  0.000,  0,  -180000.0,   0.50000, 0, 
unit_sim,  60374801.747, 0, 25.00000,25.00000, 13.80000,13.08000,0.00000,13.08000,   0.000,  0.000,  0.000,  0,  -180000.0,   0.50000, 0, 
unit_sim,  60374801.847, 0, 25.00000,25.00000, 13.80000,13.08000,0.00000,13.08000,   0.000,  0.000,  0.000,  0,  -180000.0,   0.50000, 0, 
unit_sim,  60374801.947, 0, 25.00000,25.00000, 13.80000,13.08000,0.00000,13.08000,   0.000,  0.000,  0.000,  0,  -180000.0,   0.50000, 0, 
unit_sim,  60374802.047, 0, 25.00000,25.00000, 13.80000,13.08000,0.00000,13.08000,   0.000,  0.000,  0.000,  0,  -180000.0,   0.50000, 0, 
unit_sim,  60374802.147, 0, 25.00000,25.00000, 13.80000,13.08000,0.00000,13.08000,   0.000,  0.000,  0.000,  0,  -180000.0,   0.50000, 0, 
unit_sim,  60374802.247, 0, 25.00000,25.00000, 13.80000,13.08000,0.00000,13.08000,   0.000,  0.000,  0.000,  0,  -180000.0,   0.50000, 0, 
unit_sim,  60374802.347, 0, 25.00000,25.00000, 13.80000,13.08000,0.00000,13.08000,   0.000,  0.000,  0.000,  0,  -180000.0,   0.50000, 0, 
unit_sim,  60374802.447, 0, 25.00000,25.00000, 13.80000,13.08000,0.00000,13.08000,   0.000,  0.000,  0.000,  0,  -180000.0,   0.50000, 0, 
unit_sim,  60374802.548, 0, 25.00000,25.00000, 13.80000,13.08000,0.00000,13.08000,   0.000,  0.000,  0.000,  0,  -180000.0,   0.50000, 0, 
unit_sim,  60374802.647, 0, 25.00000,25.00000, 13.80000,13.08000,0.00000,13.08000,   0.000,  0.000,  0.000,  0,  -180000.0,   0.50000, 0, 
unit_sim,  60374802.747, 0, 25.00000,25.00000, 13.80000,13.08000,0.00000,13.08000,   0.000,  0.000,  0.000,  0,  -180000.0,   0.50000, 0, 
unit_sim,  60374802.848, 0, 25.00000,25.00000, 13.80000,13.08000,0.00000,13.08000,   0.000,  0.000,  0.000,  0,  -180000.0,   0.50000, 0, 
unit_sim,  60374802.947, 0, 25.00000,25.00000, 13.80000,13.08000,0.00000,13.08000,   0.000,  0.000,  0.000,  0,  -180000.0,   0.50000, 0, 
unit_sim,  60374803.047, 0, 25.00000,25.00000, 13.80000,13.08000,0.00000,13.08000,   0.000,  0.000,  0.000,  0,  -180000.0,   0.50000, 0, 
unit_sim,  60374803.147, 0, 25.00000,25.00000, 13.80000,13.08000,0.00000,13.08000,   0.000,  0.000,  0.000,  0,  -180000.0,   0.50000, 0, 
unit_sim,  60374803.247, 0, 25.00000,25.00000, 13.80000,13.08000,0.00000,13.08000,   0.000,  0.000,  0.000,  0,  -180000.0,   0.50000, 0, 
unit_sim,  60374803.348, 0, 25.00000,25.00000, 13.80000,13.08000,0.00000,13.08000,   0.000,  0.000,  0.000,  0,  -180000.0,   0.50000, 0, 
unit_sim,  60374803.447, 0, 25.00000,25.00000, 13.80000,13.08000,0.00000,13.08000,   0.000,  0.000,  0.000,  0,  -180000.0,   0.50000, 0, 
unit_sim,  60374803.547, 0, 25.00000,25.00000, 13.80000,13.08000,0.00000,13.08000,   0.000,  0.000,  0.000,  0,  -180000.0,   0.50000, 0, 
unit_sim,  60374803.647, 0, 25.00000,25.00000, 13.80000,13.08000,0.00000,13.08000,   0.000,  0.000,  0.000,  0,  -180000.0,   0.50000, 0, 
unit_sim,  60374803.747, 0, 25.00000,25.00000, 13.80000,13.08000,0.00000,13.08000,   0.000,  0.000,  0.000,  0,  -180000.0,   0.50000, 0, 
unit_sim,  60374803.847, 0, 25.00000,25.00000, 13.80000,13.08000,0.00000,13.08000,   0.000,  0.000,  0.000,  0,  -180000.0,   0.50000, 0, 
unit_sim,  60374803.948, 0, 25.00000,25.00000, 13.80000,13.08000,0.00000,13.08000,   0.000,  0.000,  0.000,  0,  -180000.0,   0.50000, 0, 
unit_sim,  60374804.047, 0, 25.00000,25.00000, 13.80000,13.08000,0.00000,13.08000,   0.000,  0.000,  0.000,  0,  -180000.0,   0.50000, 0, 
unit_sim,  60374804.148, 0, 25.00000,25.00000, 13.80000,13.08000,0.00000,13.08000,   0.000,  0.000,  0.000,  0,  -180000.0,   0.50000, 0, 
unit_sim,  60374804.247, 0, 25.00000,25.00000, 13.80000,13.08000,0.00000,13.08000,   0.000,  0.000,  0.000,  0,  -180000.0,   0.50000, 0, 
unit_sim,  60374804.348, 0, 25.00000,25.00000, 13.80000,13.08000,0.00000,13.08000,   0.000,  0.000,  0.000,  0,  -180000.0,   0.50000, 0, 
unit_sim,  60374804.447, 0, 25.00000,25.00000, 13.80000,13.08000,0.00000,13.08000,   0.000,  0.000,  0.000,  0,  -180000.0,   0.50000, 0, 
unit_sim,  60374804.548, 0, 25.00000,25.00000, 13.80000,13.08000,0.00000,13.08000,   0.000,  0.000,  0.000,  0,  -180000.0,   0.50000, 0, 
unit_sim,  60374804.648, 0, 25.00000,25.00000, 13.80000,13.08000,0.00000,13.08000,   0.000,  0.000,  0.000,  0,  -180000.0,   0.50000, 0, 
unit_sim,  60374804.747, 0, 25.00000,25.00000, 13.80000,13.08000,0.00000,13.08000,   0.000,  0.000,  0.000,  0,  -180000.0,   0.50000, 0, 
unit_sim,  60374804.848, 0, 25.00000,25.00000, 13.80000,13.08000,0.00000,13.08000,   0.000,  0.000,  0.000,  0,  -180000.0,   0.50000, 0, 
unit_sim,  60374804.948, 0, 25.00000,25.00000, 13.80000,13.08000,0.00000,13.08000,   0.000,  0.000,  0.000,  0,  -180000.0,   0.50000, 0, 
unit_sim,  60374805.047, 0, 25.00000,25.00000, 13.80000,13.08000,0.00000,13.08000,   0.000,  0.000,  0.000,  0,  -180000.0,   0.50000, 0, 
unit_sim,  60374805.147, 0, 25.00000,25.00000, 13.80000,13.08000,0.00000,13.08000,   0.000,  0.000,  0.000,  0,  -180000.0,   0.50000, 0, 
unit_sim,  60374805.247, 0, 25.00000,25.00000, 13.80000,13.08000,0.00000,13.08000,   0.000,  0.000,  0.000,  0,  -180000.0,   0.50000, 0, 
unit_sim,  60374805.348, 0, 25.00000,25.00000, 13.80000,13.08000,0.00000,13.08000,   0.000,  0.000,  0.000,  0,  -180000.0,   0.50000, 0, 
unit_sim,  60374805.448, 0, 25.00000,25.00000, 13.80000,13.08000,0.00000,13.08000,   0.000,  0.000,  0.000,  0,  -180000.0,   0.50000, 0, 
unit_sim,  60374805.455, 0, 25.00000,25.00000, 13.80000,13.08000,-0.00000,13.08000,   0.000,  0.000,  0.000,  0,  -180000.0,   0.50000, 1, 
unit_sim,  60374805.554, 0, 25.00000,25.00000, 13.80000,13.08000,-0.00000,13.08000,   0.000,  0.000,  0.000,  0,  -180000.0,   0.50000, 0, 
unit_sim,  60374805.654, 0, 25.00000,25.00000, 13.80000,13.08000,-0.00000,13.08000,   0.000,  0.000,  0.000,  0,  -180000.0,   0.50000, 0, 
unit_sim,  60374805.754, 0, 25.00000,25.00000, 13.80000,13.08000,-0.00000,13.08000,   0.000,  0.000,  0.000,  0,  -180000.0,   0.50000, 0, 
unit_sim,  60374805.854, 0, 25.00000,25.00000, 13.80000,13.08000,-0.00000,13.08000,   0.000,  0.000,  0.000,  0,  -180000.0,   0.50000, 0, 
unit_sim,  60374805.954, 0, 25.00000,25.00000, 13.80000,13.08000,-0.00000,13.08000,   0.000,  0.000,  0.000,  0,  -180000.0,   0.50000, 0, 
unit_sim,  60374806.054, 0, 25.00000,25.00000, 13.80000,13.08000,-0.00000,13.08000,   0.000,  0.000,  0.000,  0,  -180000.0,   0.50000, 0, 
unit_sim,  60374806.154, 0, 25.00000,25.00000, 13.80000,13.08000,-0.00000,13.08000,   0.000,  0.000,  0.000,  0,  -180000.0,   0.50000, 0, 
unit_sim,  60374806.254, 0, 25.00000,25.00000, 13.80000,13.08000,-0.00000,13.08000,   0.000,  0.000,  0.000,  0,  -180000.0,   0.50000, 0, 
unit_sim,  60374806.354, 0, 25.00000,25.00000, 13.80000,13.08000,-0.00000,13.08000,   0.000,  0.000,  0.000,  0,  -180000.0,   0.50000, 0, 
unit_sim,  60374806.454, 0, 25.00000,25.00000, 13.80000,13.08000,-0.00000,13.08000,   0.000,  0.000,  0.000,  0,  -180000.0,   0.50000, 0, 
unit_sim,  60374806.554, 0, 25.00000,25.00000, 13.80000,13.08000,-0.00000,13.08000,   0.000,  0.000,  0.000,  0,  -180000.0,   0.50000, 0, 
unit_sim,  60374806.654, 0, 25.00000,25.00000, 13.80000,13.08000,-0.00000,13.08000,   0.000,  0.000,  0.000,  0,  -180000.0,   0.50000, 0, 
unit_sim,  60374806.754, 0, 25.00000,25.00000, 13.80000,13.08000,-0.00000,13.08000,   0.000,  0.000,  0.000,  0,  -180000.0,   0.50000, 0, 
unit_sim,  60374806.854, 0, 25.00000,25.00000, 13.80000,13.08000,-0.00000,13.08000,   0.000,  0.000,  0.000,  0,  -180000.0,   0.50000, 0, 
unit_sim,  60374806.954, 0, 25.00000,25.00000, 13.80000,13.08000,-0.00000,13.08000,   0.000,  0.000,  0.000,  0,  -180000.0,   0.50000, 0, 
unit_sim,  60374807.054, 0, 25.00000,25.00000, 13.80000,13.08000,-0.00000,13.08000,   0.000,  0.000,  0.000,  0,  -180000.0,   0.50000, 0, 
unit_sim,  60374807.154, 0, 25.00000,25.00000, 13.80000,13.08000,-0.00000,13.08000,   0.000,  0.000,  0.000,  0,  -180000.0,   0.50000, 0, 
unit_sim,  60374807.254, 0, 25.00000,25.00000, 13.80000,13.08000,-0.00000,13.08000,   0.000,  0.000,  0.000,  0,  -180000.0,   0.50000, 0, 
unit_sim,  60374807.354, 0, 25.00000,25.00000, 13.80000,13.08000,-0.00000,13.08000,   0.000,  0.000,  0.000,  0,  -180000.0,   0.50000, 0, 
unit_sim,  60374807.454, 0, 25.00000,25.00000, 13.80000,13.08000,-0.00000,13.08000,   0.000,  0.000,  0.000,  0,  -180000.0,   0.50000, 0, 
unit_sim,  60374807.554, 0, 25.00000,25.00000, 13.80000,13.08000,-0.00000,13.08000,   0.000,  0.000,  0.000,  0,  -180000.0,   0.50000, 0, 
unit_sim,  60374807.654, 0, 25.00000,25.00000, 13.80000,13.08000,-0.00000,13.08000,   0.000,  0.000,  0.000,  0,  -180000.0,   0.50000, 0, 
unit_sim,  60374807.754, 0, 25.00000,25.00000, 13.80000,13.08000,-0.00000,13.08000,   0.000,  0.000,  0.000,  0,  -180000.0,   0.50000, 0, 
unit_sim,  60374807.854, 0, 25.00000,25.00000, 13.80000,13.08000,-0.00000,13.08000,   0.000,  0.000,  0.000,  0,  -180000.0,   0.50000, 0, 
unit_sim,  60374807.954, 0, 25.00000,25.00000, 13.80000,13.08000,-0.00000,13.08000,   0.000,  0.000,  0.000,  0,  -180000.0,   0.50000, 0, 
unit_sim,  60374808.054, 0, 25.00000,25.00000, 13.80000,13.08000,-0.00000,13.08000,   0.000,  0.000,  0.000,  0,  -180000.0,   0.50000, 0, 
unit_sim,  60374808.154, 0, 25.00000,25.00000, 13.80000,13.08000,-0.00000,13.08000,   0.000,  0.000,  0.000,  0,  -180000.0,   0.50000, 0, 
unit_sim,  60374808.254, 0, 25.00000,25.00000, 13.80000,13.08000,-0.00000,13.08000,   0.000,  0.000,  0.000,  0,  -180000.0,   0.50000, 0, 
unit_sim,  60374808.354, 0, 25.00000,25.00000, 13.80000,13.08000,-0.00000,13.08000,   0.000,  0.000,  0.000,  0,  -180000.0,   0.50000, 0, 
unit_sim,  60374808.454, 0, 25.00000,25.00000, 13.80000,13.08000,-0.00000,13.08000,   0.000,  0.000,  0.000,  0,  -180000.0,   0.50000, 0, 
unit_sim,  60374808.554, 0, 25.00000,25.00000, 13.80000,13.08000,-0.00000,13.08000,   0.000,  0.000,  0.000,  0,  -180000.0,   0.50000, 0, 
unit_sim,  60374808.654, 0, 25.00000,25.00000, 13.80000,13.08000,-0.00000,13.08000,   0.000,  0.000,  0.000,  0,  -180000.0,   0.50000, 0, 
unit_sim,  60374808.754, 0, 25.00000,25.00000, 13.80000,13.08000,-0.00000,13.08000,   0.000,  0.000,  0.000,  0,  -180000.0,   0.50000, 0, 
unit_sim,  60374808.854, 0, 25.00000,25.00000, 13.80000,13.08000,-0.00000,13.08000,   0.000,  0.000,  0.000,  0,  -180000.0,   0.50000, 0, 
unit_sim,  60374808.954, 0, 25.00000,25.00000, 13.80000,13.08000,-0.00000,13.08000,   0.000,  0.000,  0.000,  0,  -180000.0,   0.50000, 0, 
unit_sim,  60374809.054, 0, 25.00000,25.00000, 13.80000,13.08000,-0.00000,13.08000,   0.000,  0.000,  0.000,  0,  -180000.0,   0.50000, 0, 
unit_sim,  60374809.154, 0, 25.00000,25.00000, 13.80000,13.08000,-0.00000,13.08000,   0.000,  0.000,  0.000,  0,  -180000.0,   0.50000, 0, 
unit_sim,  60374809.254, 0, 25.00000,25.00000, 13.80000,13.08000,-0.00000,13.08000,   0.000,  0.000,  0.000,  0,  -180000.0,   0.50000, 0, 
unit_sim,  60374809.354, 0, 25.00000,25.00000, 13.80000,13.08000,-0.00000,13.08000,   0.000,  0.000,  0.000,  0,  -180000.0,   0.50000, 0, 
unit_sim,  60374809.454, 0, 25.00000,25.00000, 13.80000,13.08000,-0.00000,13.08000,   0.000,  0.000,  0.000,  0,  -180000.0,   0.50000, 0, 
unit_sim,  60374809.554, 0, 25.00000,25.00000, 13.80000,13.08000,-0.00000,13.08000,   0.000,  0.000,  0.000,  0,  -180000.0,   0.50000, 0, 
unit_sim,  60374809.654, 0, 25.00000,25.00000, 13.80000,13.08000,-0.00000,13.08000,   0.000,  0.000,  0.000,  0,  -180000.0,   0.50000, 0, 
unit_sim,  60374809.754, 0, 25.00000,25.00000, 13.80000,13.08000,-0.00000,13.08000,   0.000,  0.000,  0.000,  0,  -180000.0,   0.50000, 0, 
unit_sim,  60374809.854, 0, 25.00000,25.00000, 13.80000,13.08000,-0.00000,13.08000,   0.000,  0.000,  0.000,  0,  -180000.0,   0.50000, 0, 
unit_sim,  60374809.954, 0, 25.00000,25.00000, 13.80000,13.08000,-0.00000,13.08000,   0.000,  0.000,  0.000,  0,  -180000.0,   0.50000, 0, 
unit_sim,  60374810.054, 0, 25.00000,25.00000, 13.80000,13.08000,-0.00000,13.08000,   0.000,  0.000,  0.000,  0,  -180000.0,   0.50000, 0, 
unit_sim,  60374810.154, 0, 25.00000,25.00000, 13.80000,13.08000,-0.00000,13.08000,   0.000,  0.000,  0.000,  0,  -180000.0,   0.50000, 0, 
unit_sim,  60374810.254, 0, 25.00000,25.00000, 13.80000,13.08000,-0.00000,13.08000,   0.000,  0.000,  0.000,  0,  -180000.0,   0.50000, 0, 
unit_sim,  60374810.354, 0, 25.00000,25.00000, 13.80000,13.08000,-0.00000,13.08000,   0.000,  0.000,  0.000,  0,  -180000.0,   0.50000, 0, 
unit_sim,  60374810.454, 0, 25.00000,25.00000, 13.80000,13.08000,-0.00000,13.08000,   0.000,  0.000,  0.000,  0,  -180000.0,   0.50000, 0, 
unit_sim,  60374810.554, 0, 25.00000,25.00000, 13.80000,13.08000,-0.00000,13.08000,   0.000,  0.000,  0.000,  0,  -180000.0,   0.50000, 0, 
unit_sim,  60374810.654, 0, 25.00000,25.00000, 13.80000,13.08000,-0.00000,13.08000,   0.000,  0.000,  0.000,  0,  -180000.0,   0.50000, 0, 
unit_sim,  60374810.754, 0, 25.00000,25.00000, 13.80000,13.08000,-0.00000,13.08000,   0.000,  0.000,  0.000,  0,  -180000.0,   0.50000, 0, 
unit_sim,  60374810.854, 0, 25.00000,25.00000, 13.80000,13.08000,-0.00000,13.08000,   0.000,  0.000,  0.000,  0,  -180000.0,   0.50000, 0, 
unit_sim,  60374810.954, 0, 25.00000,25.00000, 13.80000,13.08000,-0.00000,13.08000,   0.000,  0.000,  0.000,  0,  -180000.0,   0.50000, 0, 
unit_sim,  60374811.054, 0, 25.00000,25.00000, 13.80000,13.08000,-0.00000,13.08000,   0.000,  0.000,  0.000,  0,  -180000.0,   0.50000, 0, 
unit_sim,  60374811.154, 0, 25.00000,25.00000, 13.80000,13.08000,-0.00000,13.08000,   0.000,  0.000,  0.000,  0,  -180000.0,   0.50000, 0, 
unit_sim,  60374811.254, 0, 25.00000,25.00000, 13.80000,13.08000,-0.00000,13.08000,   0.000,  0.000,  0.000,  0,  -180000.0,   0.50000, 0, 
unit_sim,  60374811.354, 0, 25.00000,25.00000, 13.80000,13.08000,-0.00000,13.08000,   0.000,  0.000,  0.000,  0,  -180000.0,   0.50000, 0, 
unit_sim,  60374811.454, 0, 25.00000,25.00000, 13.80000,13.08000,-0.00000,13.08000,   0.000,  0.000,  0.000,  0,  -180000.0,   0.50000, 0, 
unit_sim,  60374811.554, 0, 25.00000,25.00000, 13.80000,13.08000,-0.00000,13.08000,   0.000,  0.000,  0.000,  0,  -180000.0,   0.50000, 0, 
unit_sim,  60374811.654, 0, 25.00000,25.00000, 13.80000,13.08000,-0.00000,13.08000,   0.000,  0.000,  0.000,  0,  -180000.0,   0.50000, 0, 
unit_sim,  60374811.754, 0, 25.00000,25.00000, 13.80000,13.08000,-0.00000,13.08000,   0.000,  0.000,  0.000,  0,  -180000.0,   0.50000, 0, 
unit_sim,  60374811.854, 0, 25.00000,25.00000, 13.80000,13.08000,-0.00000,13.08000,   0.000,  0.000,  0.000,  0,  -180000.0,   0.50000, 0, 
unit_sim,  60374811.954, 0, 25.00000,25.00000, 13.80000,13.08000,-0.00000,13.08000,   0.000,  0.000,  0.000,  0,  -180000.0,   0.50000, 0, 
unit_sim,  60374812.055, 0, 25.00000,25.00000, 13.80000,13.08000,-0.00000,13.08000,   0.000,  0.000,  0.000,  0,  -180000.0,   0.50000, 0, 
unit_sim,  60374812.154, 0, 25.00000,25.00000, 13.80000,13.08000,-0.00000,13.08000,   0.000,  0.000,  0.000,  0,  -180000.0,   0.50000, 0, 
unit_sim,  60374812.254, 0, 25.00000,25.00000, 13.80000,13.08000,-0.00000,13.08000,   0.000,  0.000,  0.000,  0,  -180000.0,   0.50000, 0, 
unit_sim,  60374812.354, 0, 25.00000,25.00000, 13.80000,13.08000,-0.00000,13.08000,   0.000,  0.000,  0.000,  0,  -180000.0,   0.50000, 0, 
unit_sim,  60374812.454, 0, 25.00000,25.00000, 13.80000,13.08000,-0.00000,13.08000,   0.000,  0.000,  0.000,  0,  -180000.0,   0.50000, 0, 
unit_sim,  60374812.554, 0, 25.00000,25.00000, 13.80000,13.08000,-0.00000,13.08000,   0.000,  0.000,  0.000,  0,  -180000.0,   0.50000, 0, 
unit_sim,  60374812.654, 0, 25.00000,25.00000, 13.80000,13.08000,-0.00000,13.08000,   0.000,  0.000,  0.000,  0,  -180000.0,   0.50000, 0, 
unit_sim,  60374812.754, 0, 25.00000,25.00000, 13.80000,13.08000,-0.00000,13.08000,   0.000,  0.000,  0.000,  0,  -180000.0,   0.50000, 0, 
unit_sim,  60374812.854, 0, 25.00000,25.00000, 13.80000,13.08000,-0.00000,13.08000,   0.000,  0.000,  0.000,  0,  -180000.0,   0.50000, 0, 
unit_sim,  60374812.954, 0, 25.00000,25.00000, 13.80000,13.08000,-0.00000,13.08000,   0.000,  0.000,  0.000,  0,  -180000.0,   0.50000, 0, 
unit_sim,  60374813.054, 0, 25.00000,25.00000, 13.80000,13.08000,-0.00000,13.08000,   0.000,  0.000,  0.000,  0,  -180000.0,   0.50000, 0, 
unit_sim,  60374813.154, 0, 25.00000,25.00000, 13.80000,13.08000,-0.00000,13.08000,   0.000,  0.000,  0.000,  0,  -180000.0,   0.50000, 0, 
unit_sim,  60374813.254, 0, 25.00000,25.00000, 13.80000,13.08000,-0.00000,13.08000,   0.000,  0.000,  0.000,  0,  -180000.0,   0.50000, 0, 
unit_sim,  60374813.354, 0, 25.00000,25.00000, 13.80000,13.08000,-0.00000,13.08000,   0.000,  0.000,  0.000,  0,  -180000.0,   0.50000, 0, 
unit_sim,  60374813.454, 0, 25.00000,25.00000, 13.80000,13.08000,-0.00000,13.08000,   0.000,  0.000,  0.000,  0,  -180000.0,   0.50000, 0, 
unit_sim,  60374813.554, 0, 25.00000,25.00000, 13.80000,13.08000,-0.00000,13.08000,   0.000,  0.000,  0.000,  0,  -180000.0,   0.50000, 0, 
unit_sim,  60374813.655, 0, 25.00000,25.00000, 13.80000,13.08000,-0.00000,13.08000,   0.000,  0.000,  0.000,  0,  -180000.0,   0.50000, 0, 
unit_sim,  60374813.754, 0, 25.00000,25.00000, 13.80000,13.08000,-0.00000,13.08000,   0.000,  0.000,  0.000,  0,  -180000.0,   0.50000, 0, 
unit_sim,  60374813.855, 0, 25.00000,25.00000, 13.80000,13.08000,-0.00000,13.08000,   0.000,  0.000,  0.000,  0,  -180000.0,   0.50000, 0, 
unit_sim,  60374813.954, 0, 25.00000,25.00000, 13.80000,13.08000,-0.00000,13.08000,   0.000,  0.000,  0.000,  0,  -180000.0,   0.50000, 0, 
unit_sim,  60374814.054, 0, 25.00000,25.00000, 13.80000,13.08000,-0.00000,13.08000,   0.000,  0.000,  0.000,  0,  -180000.0,   0.50000, 0, 
unit_sim,  60374814.154, 0, 25.00000,25.00000, 13.80000,13.08000,-0.00000,13.08000,   0.000,  0.000,  0.000,  0,  -180000.0,   0.50000, 0, 
unit_sim,  60374814.255, 0, 25.00000,25.00000, 13.80000,13.08000,-0.00000,13.08000,   0.000,  0.000,  0.000,  0,  -180000.0,   0.50000, 0, 
unit_sim,  60374814.354, 0, 25.00000,25.00000, 13.80000,13.08000,-0.00000,13.08000,   0.000,  0.000,  0.000,  0,  -180000.0,   0.50000, 0, 
unit_sim,  60374814.454, 0, 25.00000,25.00000, 13.80000,13.08000,-0.00000,13.08000,   0.000,  0.000,  0.000,  0,  -180000.0,   0.50000, 0, 
unit_sim,  60374814.554, 0, 25.00000,25.00000, 13.80000,13.08000,-0.00000,13.08000,   0.000,  0.000,  0.000,  0,  -180000.0,   0.50000, 0, 
unit_sim,  60374814.654, 0, 25.00000,25.00000, 13.80000,13.08000,-0.00000,13.08000,   0.000,  0.000,  0.000,  0,  -180000.0,   0.50000, 0, 
unit_sim,  60374814.754, 0, 25.00000,25.00000, 13.80000,13.08000,-0.00000,13.08000,   0.000,  0.000,  0.000,  0,  -180000.0,   0.50000, 0, 
unit_sim,  60374814.854, 0, 25.00000,25.00000, 13.80000,13.08000,-0.00000,13.08000,   0.000,  0.000,  0.000,  0,  -180000.0,   0.50000, 0, 
unit_sim,  60374814.954, 0, 25.00000,25.00000, 13.80000,13.08000,-0.00000,13.08000,   0.000,  0.000,  0.000,  0,  -180000.0,   0.50000, 0, 
unit_sim,  60374815.054, 0, 25.00000,25.00000, 13.80000,13.08000,-0.00000,13.08000,   0.000,  0.000,  0.000,  0,  -180000.0,   0.50000, 0, 
unit_sim,  60374815.154, 0, 25.00000,25.00000, 13.80000,13.08000,-0.00000,13.08000,   0.000,  0.000,  0.000,  0,  -180000.0,   0.50000, 0, 
unit_sim,  60374815.254, 0, 25.00000,25.00000, 13.80000,13.08000,-0.00000,13.08000,   0.000,  0.000,  0.000,  0,  -180000.0,   0.50000, 0, 
unit_sim,  60374815.354, 0, 25.00000,25.00000, 13.80000,13.08000,-0.00000,13.08000,   0.000,  0.000,  0.000,  0,  -180000.0,   0.50000, 0, 
unit_sim,  60374815.454, 0, 25.00000,25.00000, 13.80000,13.08000,-0.00000,13.08000,   0.000,  0.000,  0.000,  0,  -180000.0,   0.50000, 0, 
unit_sim,  60374815.554, 0, 25.00000,25.00000, 13.80000,13.08000,-0.00000,13.08000,   0.000,  0.000,  0.000,  0,  -180000.0,   0.50000, 0, 
unit_sim,  60374815.654, 0, 25.00000,25.00000, 13.80000,13.08000,-0.00000,13.08000,   0.000,  0.000,  0.000,  0,  -180000.0,   0.50000, 0, 
unit_sim,  60374815.754, 0, 25.00000,25.00000, 13.80000,13.08000,-0.00000,13.08000,   0.000,  0.000,  0.000,  0,  -180000.0,   0.50000, 0, 
unit_sim,  60374815.854, 0, 25.00000,25.00000, 13.80000,13.08000,-0.00000,13.08000,   0.000,  0.000,  0.000,  0,  -180000.0,   0.50000, 0, 
unit_sim,  60374815.954, 0, 25.00000,25.00000, 13.80000,13.08000,-0.00000,13.08000,   0.000,  0.000,  0.000,  0,  -180000.0,   0.50000, 0, 
unit_sim,  60374816.054, 0, 25.00000,25.00000, 13.80000,13.08000,-0.00000,13.08000,   0.000,  0.000,  0.000,  0,  -180000.0,   0.50000, 0, 
unit_sim,  60374816.154, 0, 25.00000,25.00000, 13.80000,13.08000,-0.00000,13.08000,   0.000,  0.000,  0.000,  0,  -180000.0,   0.50000, 0, 
unit_sim,  60374816.254, 0, 25.00000,25.00000, 13.80000,13.08000,-0.00000,13.08000,   0.000,  0.000,  0.000,  0,  -180000.0,   0.50000, 0, 
unit_sim,  60374816.354, 0, 25.00000,25.00000, 13.80000,13.08000,-0.00000,13.08000,   0.000,  0.000,  0.000,  0,  -180000.0,   0.50000, 0, 
unit_sim,  60374816.454, 0, 25.00000,25.00000, 13.80000,13.08000,-0.00000,13.08000,   0.000,  0.000,  0.000,  0,  -180000.0,   0.50000, 0, 
unit_sim,  60374816.554, 0, 25.00000,25.00000, 13.80000,13.08000,-0.00000,13.08000,   0.000,  0.000,  0.000,  0,  -180000.0,   0.50000, 0, 
unit_sim,  60374816.654, 0, 25.00000,25.00000, 13.80000,13.08000,-0.00000,13.08000,   0.000,  0.000,  0.000,  0,  -180000.0,   0.50000, 0, 
unit_sim,  60374816.754, 0, 25.00000,25.00000, 13.80000,13.08000,-0.00000,13.08000,   0.000,  0.000,  0.000,  0,  -180000.0,   0.50000, 0, 
unit_sim,  60374816.854, 0, 25.00000,25.00000, 13.80000,13.08000,-0.00000,13.08000,   0.000,  0.000,  0.000,  0,  -180000.0,   0.50000, 0, 
unit_sim,  60374816.954, 0, 25.00000,25.00000, 13.80000,13.08000,-0.00000,13.08000,   0.000,  0.000,  0.000,  0,  -180000.0,   0.50000, 0, 
unit_sim,  60374817.054, 0, 25.00000,25.00000, 13.80000,13.08000,-0.00000,13.08000,   0.000,  0.000,  0.000,  0,  -180000.0,   0.50000, 0, 
unit_sim,  60374817.154, 0, 25.00000,25.00000, 13.80000,13.08000,-0.00000,13.08000,   0.000,  0.000,  0.000,  0,  -180000.0,   0.50000, 0, 
unit_sim,  60374817.254, 0, 25.00000,25.00000, 13.80000,13.08000,-0.00000,13.08000,   0.000,  0.000,  0.000,  0,  -180000.0,   0.50000, 0, 
unit_sim,  60374817.354, 0, 25.00000,25.00000, 13.80000,13.08000,-0.00000,13.08000,   0.000,  0.000,  0.000,  0,  -180000.0,   0.50000, 0, 
unit_sim,  60374817.454, 0, 25.00000,25.00000, 13.80000,13.08000,-0.00000,13.08000,   0.000,  0.000,  0.000,  0,  -180000.0,   0.50000, 0, 
unit_sim,  60374817.554, 0, 25.00000,25.00000, 13.80000,13.08000,-0.00000,13.08000,   0.000,  0.000,  0.000,  0,  -180000.0,   0.50000, 0, 
unit_sim,  60374817.654, 0, 25.00000,25.00000, 13.80000,13.08000,-0.00000,13.08000,   0.000,  0.000,  0.000,  0,  -180000.0,   0.50000, 0, 
unit_sim,  60374817.754, 0, 25.00000,25.00000, 13.80000,13.08000,-0.00000,13.08000,   0.000,  0.000,  0.000,  0,  -180000.0,   0.50000, 0, 
unit_sim,  60374817.854, 0, 25.00000,25.00000, 13.80000,13.08000,-0.00000,13.08000,   0.000,  0.000,  0.000,  0,  -180000.0,   0.50000, 0, 
unit_sim,  60374817.954, 0, 25.00000,25.00000, 13.80000,13.08000,-0.00000,13.08000,   0.000,  0.000,  0.000,  0,  -180000.0,   0.50000, 0, 
unit_sim,  60374818.054, 0, 25.00000,25.00000, 13.80000,13.08000,-0.00000,13.08000,   0.000,  0.000,  0.000,  0,  -180000.0,   0.50000, 0, 
unit_sim,  60374818.154, 0, 25.00000,25.00000, 13.80000,13.08000,-0.00000,13.08000,   0.000,  0.000,  0.000,  0,  -180000.0,   0.50000, 0, 
unit_sim,  60374818.254, 0, 25.00000,25.00000, 13.80000,13.08000,-0.00000,13.08000,   0.000,  0.000,  0.000,  0,  -180000.0,   0.50000, 0, 
unit_sim,  60374818.354, 0, 25.00000,25.00000, 13.80000,13.08000,-0.00000,13.08000,   0.000,  0.000,  0.000,  0,  -180000.0,   0.50000, 0, 
unit_sim,  60374818.454, 0, 25.00000,25.00000, 13.80000,13.08000,-0.00000,13.08000,   0.000,  0.000,  0.000,  0,  -180000.0,   0.50000, 0, 
unit_sim,  60374818.554, 0, 25.00000,25.00000, 13.80000,13.08000,-0.00000,13.08000,   0.000,  0.000,  0.000,  0,  -180000.0,   0.50000, 0, 
unit_sim,  60374818.654, 0, 25.00000,25.00000, 13.80000,13.08000,-0.00000,13.08000,   0.000,  0.000,  0.000,  0,  -180000.0,   0.50000, 0, 
unit_sim,  60374818.754, 0, 25.00000,25.00000, 13.80000,13.08000,-0.00000,13.08000,   0.000,  0.000,  0.000,  0,  -180000.0,   0.50000, 0, 
unit_sim,  60374818.854, 0, 25.00000,25.00000, 13.80000,13.08000,-0.00000,13.08000,   0.000,  0.000,  0.000,  0,  -180000.0,   0.50000, 0, 
unit_sim,  60374818.954, 0, 25.00000,25.00000, 13.80000,13.08000,-0.00000,13.08000,   0.000,  0.000,  0.000,  0,  -180000.0,   0.50000, 0, 
unit_sim,  60374819.054, 0, 25.00000,25.00000, 13.80000,13.08000,-0.00000,13.08000,   0.000,  0.000,  0.000,  0,  -180000.0,   0.50000, 0, 
unit_sim,  60374819.154, 0, 25.00000,25.00000, 13.80000,13.08000,-0.00000,13.08000,   0.000,  0.000,  0.000,  0,  -180000.0,   0.50000, 0, 
unit_sim,  60374819.254, 0, 25.00000,25.00000, 13.80000,13.08000,-0.00000,13.08000,   0.000,  0.000,  0.000,  0,  -180000.0,   0.50000, 0, 
unit_sim,  60374819.354, 0, 25.00000,25.00000, 13.80000,13.08000,-0.00000,13.08000,   0.000,  0.000,  0.000,  0,  -180000.0,   0.50000, 0, 
unit_sim,  60374819.454, 0, 25.00000,25.00000, 13.80000,13.08000,-0.00000,13.08000,   0.000,  0.000,  0.000,  0,  -180000.0,   0.50000, 0, 
unit_sim,  60374819.554, 0, 25.00000,25.00000, 13.80000,13.08000,-0.00000,13.08000,   0.000,  0.000,  0.000,  0,  -180000.0,   0.50000, 0, 
unit_sim,  60374819.654, 0, 25.00000,25.00000, 13.80000,13.08000,-0.00000,13.08000,   0.000,  0.000,  0.000,  0,  -180000.0,   0.50000, 0, 
unit_sim,  60374819.754, 0, 25.00000,25.00000, 13.80000,13.08000,-0.00000,13.08000,   0.000,  0.000,  0.000,  0,  -180000.0,   0.50000, 0, 
unit_sim,  60374819.854, 0, 25.00000,25.00000, 13.80000,13.08000,-0.00000,13.08000,   0.000,  0.000,  0.000,  0,  -180000.0,   0.50000, 0, 
unit_sim,  60374819.954, 0, 25.00000,25.00000, 13.80000,13.08000,-0.00000,13.08000,   0.000,  0.000,  0.000,  0,  -180000.0,   0.50000, 0, 
unit_sim,  60374820.054, 0, 25.00000,25.00000, 13.80000,13.08000,-0.00000,13.08000,   0.000,  0.000,  0.000,  0,  -180000.0,   0.50000, 0, 
unit_sim,  60374820.154, 0, 25.00000,25.00000, 13.80000,13.08000,-0.00000,13.08000,   0.000,  0.000,  0.000,  0,  -180000.0,   0.50000, 0, 
unit_sim,  60374820.254, 0, 25.00000,25.00000, 13.80000,13.08000,-0.00000,13.08000,   0.000,  0.000,  0.000,  0,  -180000.0,   0.50000, 0, 
unit_sim,  60374820.354, 0, 25.00000,25.00000, 13.80000,13.08000,-0.00000,13.08000,   0.000,  0.000,  0.000,  0,  -180000.0,   0.50000, 0, 
unit_sim,  60374820.454, 0, 25.00000,25.00000, 13.80000,13.08000,-0.00000,13.08000,   0.000,  0.000,  0.000,  0,  -180000.0,   0.50000, 0, 
unit_sim,  60374820.554, 0, 25.00000,25.00000, 13.80000,13.08000,-0.00000,13.08000,   0.000,  0.000,  0.000,  0,  -180000.0,   0.50000, 0, 
unit_sim,  60374820.654, 0, 25.00000,25.00000, 13.80000,13.08000,-0.00000,13.08000,   0.000,  0.000,  0.000,  0,  -180000.0,   0.50000, 0, 
unit_sim,  60374820.754, 0, 25.00000,25.00000, 13.80000,13.08000,-0.00000,13.08000,   0.000,  0.000,  0.000,  0,  -180000.0,   0.50000, 0, 
unit_sim,  60374820.854, 0, 25.00000,25.00000, 13.80000,13.08000,-0.00000,13.08000,   0.000,  0.000,  0.000,  0,  -180000.0,   0.50000, 0, 
unit_sim,  60374820.954, 0, 25.00000,25.00000, 13.80000,13.08000,-0.00000,13.08000,   0.000,  0.000,  0.000,  0,  -180000.0,   0.50000, 0, 
unit_sim,  60374821.054, 0, 25.00000,25.00000, 13.80000,13.08000,-0.00000,13.08000,   0.000,  0.000,  0.000,  0,  -180000.0,   0.50000, 0, 
unit_sim,  60374821.154, 0, 25.00000,25.00000, 13.80000,13.08000,-0.00000,13.08000,   0.000,  0.000,  0.000,  0,  -180000.0,   0.50000, 0, 
unit_sim,  60374821.254, 0, 25.00000,25.00000, 13.80000,13.08000,-0.00000,13.08000,   0.000,  0.000,  0.000,  0,  -180000.0,   0.50000, 0, 
unit_sim,  60374821.354, 0, 25.00000,25.00000, 13.80000,13.08000,-0.00000,13.08000,   0.000,  0.000,  0.000,  0,  -180000.0,   0.50000, 0, 
unit_sim,  60374821.454, 0, 25.00000,25.00000, 13.80000,13.08000,-0.00000,13.08000,   0.000,  0.000,  0.000,  0,  -180000.0,   0.50000, 0, 
unit_sim,  60374821.554, 0, 25.00000,25.00000, 13.80000,13.08000,-0.00000,13.08000,   0.000,  0.000,  0.000,  0,  -180000.0,   0.50000, 0, 
unit_sim,  60374821.654, 0, 25.00000,25.00000, 13.80000,13.08000,-0.00000,13.08000,   0.000,  0.000,  0.000,  0,  -180000.0,   0.50000, 0, 
unit_sim,  60374821.754, 0, 25.00000,25.00000, 13.80000,13.08000,-0.00000,13.08000,   0.000,  0.000,  0.000,  0,  -180000.0,   0.50000, 0, 
unit_sim,  60374821.854, 0, 25.00000,25.00000, 13.80000,13.08000,-0.00000,13.08000,   0.000,  0.000,  0.000,  0,  -180000.0,   0.50000, 0, 
unit_sim,  60374821.954, 0, 25.00000,25.00000, 13.80000,13.08000,-0.00000,13.08000,   0.000,  0.000,  0.000,  0,  -180000.0,   0.50000, 0, 
unit_sim,  60374822.054, 0, 25.00000,25.00000, 13.80000,13.08000,-0.00000,13.08000,   0.000,  0.000,  0.000,  0,  -180000.0,   0.50000, 0, 
unit_sim,  60374822.154, 0, 25.00000,25.00000, 13.80000,13.08000,-0.00000,13.08000,   0.000,  0.000,  0.000,  0,  -180000.0,   0.50000, 0, 
unit_sim,  60374822.254, 0, 25.00000,25.00000, 13.80000,13.08000,-0.00000,13.08000,   0.000,  0.000,  0.000,  0,  -180000.0,   0.50000, 0, 
unit_sim,  60374822.354, 0, 25.00000,25.00000, 13.80000,13.08000,-0.00000,13.08000,   0.000,  0.000,  0.000,  0,  -180000.0,   0.50000, 0, 
unit_sim,  60374822.454, 0, 25.00000,25.00000, 13.80000,13.08000,-0.00000,13.08000,   0.000,  0.000,  0.000,  0,  -180000.0,   0.50000, 0, 
unit_sim,  60374822.554, 0, 25.00000,25.00000, 13.80000,13.08000,-0.00000,13.08000,   0.000,  0.000,  0.000,  0,  -180000.0,   0.50000, 0, 
unit_sim,  60374822.655, 0, 25.00000,25.00000, 13.80000,13.08000,-0.00000,13.08000,   0.000,  0.000,  0.000,  0,  -180000.0,   0.50000, 0, 
unit_sim,  60374822.754, 0, 25.00000,25.00000, 13.80000,13.08000,-0.00000,13.08000,   0.000,  0.000,  0.000,  0,  -180000.0,   0.50000, 0, 
unit_sim,  60374822.854, 0, 25.00000,25.00000, 13.80000,13.08000,-0.00000,13.08000,   0.000,  0.000,  0.000,  0,  -180000.0,   0.50000, 0, 
unit_sim,  60374822.954, 0, 25.00000,25.00000, 13.80000,13.08000,-0.00000,13.08000,   0.000,  0.000,  0.000,  0,  -180000.0,   0.50000, 0, 
unit_sim,  60374823.054, 0, 25.00000,25.00000, 13.80000,13.08000,-0.00000,13.08000,   0.000,  0.000,  0.000,  0,  -180000.0,   0.50000, 0, 
unit_sim,  60374823.454, 0, 25.00000,25.00000, 13.80000,13.08000,-0.00000,13.08000,   0.000,  0.000,  0.000,  0,  -180000.0,   0.50000, 0, 
unit_sim,  60374823.854, 0, 25.00000,25.00000, 13.80000,13.08000,-0.00000,13.08000,   0.000,  0.000,  0.000,  0,  -180000.0,   0.50000, 0, 
unit_sim,  60374824.254, 0, 25.00000,25.00000, 13.80000,13.08000,-0.00000,13.08000,   0.000,  0.000,  0.000,  0,  -180000.0,   0.50000, 0, 
