unit,               hm,                  cTime,        dt,       sat,sel,mod,      Tb,  vb,  ib,  ioc,  voc_soc,    vsat,dv_dyn,voc_stat,voc_ekf,     y_ekf,    soc_s,soc_ekf,soc,
mon_rep230303,2023-03-03T04:44:00,-10.703,  0.100,0,0,247, 25.000, 13.299,  0.000,  0.000, 13.299, 13.850,  0.000, 13.299, 13.299,  0.000,  0.900,  0.900,  0.900,
mon_rep230303,2023-03-03T04:44:01,-10.603,  0.100,0,0,247, 25.000, 13.299,  0.000,  0.000, 13.299, 13.850,  0.000, 13.299, 13.299,  0.000,  0.900,  0.900,  0.900,
mon_rep230303,2023-03-03T04:44:01,-10.500,  0.103,0,0,247, 25.000, 13.299,  0.000,  0.000, 13.299, 13.850,  0.000, 13.299, 13.299,  0.000,  0.900,  0.900,  0.900,
mon_rep230303,2023-03-03T04:44:01,-10.400,  0.100,0,0,247, 25.000, 13.299,  0.000,  0.000, 13.299, 13.850,  0.000, 13.299, 13.299,  0.000,  0.900,  0.900,  0.900,
mon_rep230303,2023-03-03T04:44:01,-10.300,  0.100,0,0,247, 25.000, 13.299,  0.000,  0.000, 13.299, 13.850,  0.000, 13.299, 13.299,  0.000,  0.900,  0.900,  0.900,
mon_rep230303,2023-03-03T04:44:01,-10.200,  0.100,0,0,247, 25.000, 13.299,  0.000,  0.000, 13.299, 13.850,  0.000, 13.299, 13.299,  0.000,  0.900,  0.900,  0.900,
mon_rep230303,2023-03-03T04:44:01,-10.100,  0.100,0,0,247, 25.000, 13.299,  0.000,  0.000, 13.299, 13.850,  0.000, 13.299, 13.299,  0.000,  0.900,  0.900,  0.900,
mon_rep230303,2023-03-03T04:44:01,-10.000,  0.100,0,0,247, 25.000, 13.299,  0.000,  0.000, 13.299, 13.850,  0.000, 13.299, 13.299,  0.000,  0.900,  0.900,  0.900,
mon_rep230303,2023-03-03T04:44:01, -9.900,  0.100,0,0,247, 25.000, 13.299,  0.000,  0.000, 13.299, 13.850,  0.000, 13.299, 13.299,  0.000,  0.900,  0.900,  0.900,
mon_rep230303,2023-03-03T04:44:01, -9.800,  0.100,0,0,247, 25.000, 13.299,  0.000,  0.000, 13.299, 13.850,  0.000, 13.299, 13.299,  0.000,  0.900,  0.900,  0.900,
mon_rep230303,2023-03-03T04:44:01, -9.700,  0.100,0,0,247, 25.000, 13.299,  0.000,  0.000, 13.299, 13.850,  0.000, 13.299, 13.299,  0.000,  0.900,  0.900,  0.900,
mon_rep230303,2023-03-03T04:44:02, -9.600,  0.100,0,0,247, 25.000, 13.299,  0.000,  0.000, 13.299, 13.850,  0.000, 13.299, 13.299,  0.000,  0.900,  0.900,  0.900,
mon_rep230303,2023-03-03T04:44:02, -9.500,  0.100,0,0,247, 25.000, 13.299,  0.000,  0.000, 13.299, 13.850,  0.000, 13.299, 13.299,  0.000,  0.900,  0.900,  0.900,
mon_rep230303,2023-03-03T04:44:02, -9.400,  0.100,0,0,247, 25.000, 13.299,  0.000,  0.000, 13.299, 13.850,  0.000, 13.299, 13.299,  0.000,  0.900,  0.900,  0.900,
mon_rep230303,2023-03-03T04:44:02, -9.300,  0.100,0,0,247, 25.000, 13.299,  0.000,  0.000, 13.299, 13.850,  0.000, 13.299, 13.299,  0.000,  0.900,  0.900,  0.900,
mon_rep230303,2023-03-03T04:44:02, -9.200,  0.100,0,0,247, 25.000, 13.299,  0.000,  0.000, 13.299, 13.850,  0.000, 13.299, 13.299,  0.000,  0.900,  0.900,  0.900,
mon_rep230303,2023-03-03T04:44:02, -9.100,  0.100,0,0,247, 25.000, 13.299,  0.000,  0.000, 13.299, 13.850,  0.000, 13.299, 13.299,  0.000,  0.900,  0.900,  0.900,
mon_rep230303,2023-03-03T04:44:02, -9.000,  0.100,0,0,247, 25.000, 13.299,  0.000,  0.000, 13.299, 13.850,  0.000, 13.299, 13.299,  0.000,  0.900,  0.900,  0.900,
mon_rep230303,2023-03-03T04:44:02, -8.900,  0.100,0,0,247, 25.000, 13.299,  0.000,  0.000, 13.299, 13.850,  0.000, 13.299, 13.299,  0.000,  0.900,  0.900,  0.900,
mon_rep230303,2023-03-03T04:44:02, -8.800,  0.100,0,0,247, 25.000, 13.299,  0.000,  0.000, 13.299, 13.850,  0.000, 13.299, 13.299,  0.000,  0.900,  0.900,  0.900,
mon_rep230303,2023-03-03T04:44:02, -8.700,  0.100,0,0,247, 25.000, 13.299,  0.000,  0.000, 13.299, 13.850,  0.000, 13.299, 13.299,  0.000,  0.900,  0.900,  0.900,
mon_rep230303,2023-03-03T04:44:03, -8.600,  0.100,0,0,247, 25.000, 13.299,  0.000,  0.000, 13.299, 13.850,  0.000, 13.299, 13.299,  0.000,  0.900,  0.900,  0.900,
mon_rep230303,2023-03-03T04:44:03, -8.500,  0.100,0,0,247, 25.000, 13.299,  0.000,  0.000, 13.299, 13.850,  0.000, 13.299, 13.299,  0.000,  0.900,  0.900,  0.900,
mon_rep230303,2023-03-03T04:44:03, -8.400,  0.100,0,0,247, 25.000, 13.299,  0.000,  0.000, 13.299, 13.850,  0.000, 13.299, 13.299,  0.000,  0.900,  0.900,  0.900,
mon_rep230303,2023-03-03T04:44:03, -8.300,  0.100,0,0,247, 25.000, 13.299,  0.000,  0.000, 13.299, 13.850,  0.000, 13.299, 13.299,  0.000,  0.900,  0.900,  0.900,
mon_rep230303,2023-03-03T04:44:03, -8.200,  0.100,0,0,247, 25.000, 13.299,  0.000,  0.000, 13.299, 13.850,  0.000, 13.299, 13.299,  0.000,  0.900,  0.900,  0.900,
mon_rep230303,2023-03-03T04:44:03, -8.100,  0.100,0,0,247, 25.000, 13.299,  0.000,  0.000, 13.299, 13.850,  0.000, 13.299, 13.299,  0.000,  0.900,  0.900,  0.900,
mon_rep230303,2023-03-03T04:44:03, -8.000,  0.100,0,0,247, 25.000, 13.299,  0.000,  0.000, 13.299, 13.850,  0.000, 13.299, 13.299,  0.000,  0.900,  0.900,  0.900,
mon_rep230303,2023-03-03T04:44:03, -7.900,  0.100,0,0,247, 25.000, 13.299,  0.000,  0.000, 13.299, 13.850,  0.000, 13.299, 13.299,  0.000,  0.900,  0.900,  0.900,
mon_rep230303,2023-03-03T04:44:03, -7.800,  0.100,0,0,247, 25.000, 13.299,  0.000,  0.000, 13.299, 13.850,  0.000, 13.299, 13.299,  0.000,  0.900,  0.900,  0.900,
mon_rep230303,2023-03-03T04:44:03, -7.700,  0.100,0,0,247, 25.000, 13.299,  0.000,  0.000, 13.299, 13.850,  0.000, 13.299, 13.299,  0.000,  0.900,  0.900,  0.900,
mon_rep230303,2023-03-03T04:44:04, -7.600,  0.100,0,0,247, 25.000, 13.299,  0.000,  0.000, 13.299, 13.850,  0.000, 13.299, 13.299,  0.000,  0.900,  0.900,  0.900,
mon_rep230303,2023-03-03T04:44:04, -7.500,  0.100,0,0,247, 25.000, 13.299,  0.000,  0.000, 13.299, 13.850,  0.000, 13.299, 13.299,  0.000,  0.900,  0.900,  0.900,
mon_rep230303,2023-03-03T04:44:04, -7.400,  0.100,0,0,247, 25.000, 13.299,  0.000,  0.000, 13.299, 13.850,  0.000, 13.299, 13.299,  0.000,  0.900,  0.900,  0.900,
mon_rep230303,2023-03-03T04:44:04, -7.300,  0.100,0,0,247, 25.000, 13.299,  0.000,  0.000, 13.299, 13.850,  0.000, 13.299, 13.299,  0.000,  0.900,  0.900,  0.900,
mon_rep230303,2023-03-03T04:44:04, -7.200,  0.100,0,0,247, 25.000, 13.299,  0.000,  0.000, 13.299, 13.850,  0.000, 13.299, 13.299,  0.000,  0.900,  0.900,  0.900,
mon_rep230303,2023-03-03T04:44:04, -7.100,  0.100,0,0,247, 25.000, 13.299,  0.000,  0.000, 13.299, 13.850,  0.000, 13.299, 13.299,  0.000,  0.900,  0.900,  0.900,
mon_rep230303,2023-03-03T04:44:04, -7.000,  0.100,0,0,247, 25.000, 13.299,  0.000,  0.000, 13.299, 13.850,  0.000, 13.299, 13.299,  0.000,  0.900,  0.900,  0.900,
mon_rep230303,2023-03-03T04:44:04, -6.900,  0.100,0,0,247, 25.000, 13.299,  0.000,  0.000, 13.299, 13.850,  0.000, 13.299, 13.299,  0.000,  0.900,  0.900,  0.900,
mon_rep230303,2023-03-03T04:44:04, -6.800,  0.100,0,0,247, 25.000, 13.299,  0.000,  0.000, 13.299, 13.850,  0.000, 13.299, 13.299,  0.000,  0.900,  0.900,  0.900,
mon_rep230303,2023-03-03T04:44:04, -6.700,  0.100,0,0,247, 25.000, 13.299,  0.000,  0.000, 13.299, 13.850,  0.000, 13.299, 13.299,  0.000,  0.900,  0.900,  0.900,
mon_rep230303,2023-03-03T04:44:05, -6.600,  0.100,0,0,247, 25.000, 13.299,  0.000,  0.000, 13.299, 13.850,  0.000, 13.299, 13.299,  0.000,  0.900,  0.900,  0.900,
mon_rep230303,2023-03-03T04:44:05, -6.500,  0.100,0,0,247, 25.000, 13.299,  0.000,  0.000, 13.299, 13.850,  0.000, 13.299, 13.299,  0.000,  0.900,  0.900,  0.900,
mon_rep230303,2023-03-03T04:44:05, -6.400,  0.100,0,0,247, 25.000, 13.299,  0.000,  0.000, 13.299, 13.850,  0.000, 13.299, 13.299,  0.000,  0.900,  0.900,  0.900,
mon_rep230303,2023-03-03T04:44:05, -6.300,  0.100,0,0,247, 25.000, 13.299,  0.000,  0.000, 13.299, 13.850,  0.000, 13.299, 13.299,  0.000,  0.900,  0.900,  0.900,
mon_rep230303,2023-03-03T04:44:05, -6.200,  0.100,0,0,247, 25.000, 13.299,  0.000,  0.000, 13.299, 13.850,  0.000, 13.299, 13.299,  0.000,  0.900,  0.900,  0.900,
mon_rep230303,2023-03-03T04:44:05, -6.100,  0.100,0,0,247, 25.000, 13.299,  0.000,  0.000, 13.299, 13.850,  0.000, 13.299, 13.299,  0.000,  0.900,  0.900,  0.900,
mon_rep230303,2023-03-03T04:44:05, -6.000,  0.100,0,0,247, 25.000, 13.299,  0.000,  0.000, 13.299, 13.850,  0.000, 13.299, 13.299,  0.000,  0.900,  0.900,  0.900,
mon_rep230303,2023-03-03T04:44:05, -5.900,  0.100,0,0,247, 25.000, 13.299,  0.000,  0.000, 13.299, 13.850,  0.000, 13.299, 13.299,  0.000,  0.900,  0.900,  0.900,
mon_rep230303,2023-03-03T04:44:05, -5.800,  0.100,0,0,247, 25.000, 13.299,  0.000,  0.000, 13.299, 13.850,  0.000, 13.299, 13.299,  0.000,  0.900,  0.900,  0.900,
mon_rep230303,2023-03-03T04:44:05, -5.700,  0.100,0,0,247, 25.000, 13.299,  0.000,  0.000, 13.299, 13.850,  0.000, 13.299, 13.299,  0.000,  0.900,  0.900,  0.900,
mon_rep230303,2023-03-03T04:44:06, -5.600,  0.100,0,0,247, 25.000, 13.299,  0.000,  0.000, 13.299, 13.850,  0.000, 13.299, 13.299,  0.000,  0.900,  0.900,  0.900,
mon_rep230303,2023-03-03T04:44:06, -5.500,  0.100,0,0,247, 25.000, 13.299,  0.000,  0.000, 13.299, 13.850,  0.000, 13.299, 13.299,  0.000,  0.900,  0.900,  0.900,
mon_rep230303,2023-03-03T04:44:06, -5.400,  0.100,0,0,247, 25.000, 13.299,  0.000,  0.000, 13.299, 13.850,  0.000, 13.299, 13.299,  0.000,  0.900,  0.900,  0.900,
mon_rep230303,2023-03-03T04:44:06, -5.300,  0.100,0,0,247, 25.000, 13.299,  0.000,  0.000, 13.299, 13.850,  0.000, 13.299, 13.299,  0.000,  0.900,  0.900,  0.900,
mon_rep230303,2023-03-03T04:44:06, -5.200,  0.100,0,0,247, 25.000, 13.299,  0.000,  0.000, 13.299, 13.850,  0.000, 13.299, 13.299,  0.000,  0.900,  0.900,  0.900,
mon_rep230303,2023-03-03T04:44:06, -5.100,  0.100,0,0,247, 25.000, 13.299,  0.000,  0.000, 13.299, 13.850,  0.000, 13.299, 13.299,  0.000,  0.900,  0.900,  0.900,
mon_rep230303,2023-03-03T04:44:06, -5.000,  0.100,0,0,247, 25.000, 13.299,  0.000,  0.000, 13.299, 13.850,  0.000, 13.299, 13.299,  0.000,  0.900,  0.900,  0.900,
mon_rep230303,2023-03-03T04:44:06, -4.900,  0.100,0,0,247, 25.000, 13.299,  0.000,  0.000, 13.299, 13.850,  0.000, 13.299, 13.299,  0.000,  0.900,  0.900,  0.900,
mon_rep230303,2023-03-03T04:44:06, -4.800,  0.100,0,0,247, 25.000, 13.299,  0.000,  0.000, 13.299, 13.850,  0.000, 13.299, 13.299,  0.000,  0.900,  0.900,  0.900,
mon_rep230303,2023-03-03T04:44:06, -4.700,  0.100,0,0,247, 25.000, 13.299,  0.000,  0.000, 13.299, 13.850,  0.000, 13.299, 13.299,  0.000,  0.900,  0.900,  0.900,
mon_rep230303,2023-03-03T04:44:07, -4.600,  0.100,0,0,247, 25.000, 13.299,  0.000,  0.000, 13.299, 13.850,  0.000, 13.299, 13.299,  0.000,  0.900,  0.900,  0.900,
mon_rep230303,2023-03-03T04:44:07, -4.500,  0.100,0,0,247, 25.000, 13.299,  0.000,  0.000, 13.299, 13.850,  0.000, 13.299, 13.299,  0.000,  0.900,  0.900,  0.900,
mon_rep230303,2023-03-03T04:44:07, -4.400,  0.100,0,0,247, 25.000, 13.299,  0.000,  0.000, 13.299, 13.850,  0.000, 13.299, 13.299,  0.000,  0.900,  0.900,  0.900,
mon_rep230303,2023-03-03T04:44:07, -4.300,  0.100,0,0,247, 25.000, 13.299,  0.000,  0.000, 13.299, 13.850,  0.000, 13.299, 13.299,  0.000,  0.900,  0.900,  0.900,
mon_rep230303,2023-03-03T04:44:07, -4.200,  0.100,0,0,247, 25.000, 13.299,  0.000,  0.000, 13.299, 13.850,  0.000, 13.299, 13.299,  0.000,  0.900,  0.900,  0.900,
mon_rep230303,2023-03-03T04:44:07, -4.100,  0.100,0,0,247, 25.000, 13.299,  0.000,  0.000, 13.299, 13.850,  0.000, 13.299, 13.299,  0.000,  0.900,  0.900,  0.900,
mon_rep230303,2023-03-03T04:44:07, -4.000,  0.100,0,0,247, 25.000, 13.299,  0.000,  0.000, 13.299, 13.850,  0.000, 13.299, 13.299,  0.000,  0.900,  0.900,  0.900,
mon_rep230303,2023-03-03T04:44:07, -3.900,  0.100,0,0,247, 25.000, 13.299,  0.000,  0.000, 13.299, 13.850,  0.000, 13.299, 13.299,  0.000,  0.900,  0.900,  0.900,
mon_rep230303,2023-03-03T04:44:07, -3.800,  0.100,0,0,247, 25.000, 13.299,  0.000,  0.000, 13.299, 13.850,  0.000, 13.299, 13.299,  0.000,  0.900,  0.900,  0.900,
mon_rep230303,2023-03-03T04:44:07, -3.700,  0.100,0,0,247, 25.000, 13.299,  0.000,  0.000, 13.299, 13.850,  0.000, 13.299, 13.299,  0.000,  0.900,  0.900,  0.900,
mon_rep230303,2023-03-03T04:44:08, -3.600,  0.100,0,0,247, 25.000, 13.299,  0.000,  0.000, 13.299, 13.850,  0.000, 13.299, 13.299,  0.000,  0.900,  0.900,  0.900,
mon_rep230303,2023-03-03T04:44:08, -3.500,  0.100,0,0,247, 25.000, 13.299,  0.000,  0.000, 13.299, 13.850,  0.000, 13.299, 13.299,  0.000,  0.900,  0.900,  0.900,
mon_rep230303,2023-03-03T04:44:08, -3.400,  0.100,0,0,247, 25.000, 13.299,  0.000,  0.000, 13.299, 13.850,  0.000, 13.299, 13.299,  0.000,  0.900,  0.900,  0.900,
mon_rep230303,2023-03-03T04:44:08, -3.300,  0.100,0,0,247, 25.000, 13.299,  0.000,  0.000, 13.299, 13.850,  0.000, 13.299, 13.299,  0.000,  0.900,  0.900,  0.900,
mon_rep230303,2023-03-03T04:44:08, -3.200,  0.100,0,0,247, 25.000, 13.299,  0.000,  0.000, 13.299, 13.850,  0.000, 13.299, 13.299,  0.000,  0.900,  0.900,  0.900,
mon_rep230303,2023-03-03T04:44:08, -3.100,  0.100,0,0,247, 25.000, 13.299,  0.000,  0.000, 13.299, 13.850,  0.000, 13.299, 13.299,  0.000,  0.900,  0.900,  0.900,
mon_rep230303,2023-03-03T04:44:08, -3.000,  0.100,0,0,247, 25.000, 13.299,  0.000,  0.000, 13.299, 13.850,  0.000, 13.299, 13.299,  0.000,  0.900,  0.900,  0.900,
mon_rep230303,2023-03-03T04:44:08, -2.900,  0.100,0,0,247, 25.000, 13.299,  0.000,  0.000, 13.299, 13.850,  0.000, 13.299, 13.299,  0.000,  0.900,  0.900,  0.900,
mon_rep230303,2023-03-03T04:44:08, -2.800,  0.100,0,0,247, 25.000, 13.299,  0.000,  0.000, 13.299, 13.850,  0.000, 13.299, 13.299,  0.000,  0.900,  0.900,  0.900,
mon_rep230303,2023-03-03T04:44:08, -2.700,  0.100,0,0,247, 25.000, 13.299,  0.000,  0.000, 13.299, 13.850,  0.000, 13.299, 13.299,  0.000,  0.900,  0.900,  0.900,
mon_rep230303,2023-03-03T04:44:09, -2.600,  0.100,0,0,247, 25.000, 13.299,  0.000,  0.000, 13.299, 13.850,  0.000, 13.299, 13.299,  0.000,  0.900,  0.900,  0.900,
mon_rep230303,2023-03-03T04:44:09, -2.500,  0.100,0,0,247, 25.000, 13.299,  0.000,  0.000, 13.299, 13.850,  0.000, 13.299, 13.299,  0.000,  0.900,  0.900,  0.900,
mon_rep230303,2023-03-03T04:44:09, -2.400,  0.100,0,0,247, 25.000, 13.299,  0.000,  0.000, 13.299, 13.850,  0.000, 13.299, 13.299,  0.000,  0.900,  0.900,  0.900,
mon_rep230303,2023-03-03T04:44:09, -2.300,  0.100,0,0,247, 25.000, 13.299,  0.000,  0.000, 13.299, 13.850,  0.000, 13.299, 13.299,  0.000,  0.900,  0.900,  0.900,
mon_rep230303,2023-03-03T04:44:09, -2.200,  0.100,0,0,247, 25.000, 13.299,  0.000,  0.000, 13.299, 13.850,  0.000, 13.299, 13.299,  0.000,  0.900,  0.900,  0.900,
mon_rep230303,2023-03-03T04:44:09, -2.100,  0.100,0,0,247, 25.000, 13.299,  0.000,  0.000, 13.299, 13.850,  0.000, 13.299, 13.299,  0.000,  0.900,  0.900,  0.900,
mon_rep230303,2023-03-03T04:44:09, -2.000,  0.100,0,0,247, 25.000, 13.299,  0.000,  0.000, 13.299, 13.850,  0.000, 13.299, 13.299,  0.000,  0.900,  0.900,  0.900,
mon_rep230303,2023-03-03T04:44:09, -1.900,  0.100,0,0,247, 25.000, 13.299,  0.000,  0.000, 13.299, 13.850,  0.000, 13.299, 13.299,  0.000,  0.900,  0.900,  0.900,
mon_rep230303,2023-03-03T04:44:09, -1.800,  0.100,0,0,247, 25.000, 13.299,  0.000,  0.000, 13.299, 13.850,  0.000, 13.299, 13.299,  0.000,  0.900,  0.900,  0.900,
mon_rep230303,2023-03-03T04:44:09, -1.700,  0.100,0,0,247, 25.000, 13.299,  0.000,  0.000, 13.299, 13.850,  0.000, 13.299, 13.299,  0.000,  0.900,  0.900,  0.900,
mon_rep230303,2023-03-03T04:44:10, -1.600,  0.100,0,0,247, 25.000, 13.299,  0.000,  0.000, 13.299, 13.850,  0.000, 13.299, 13.299,  0.000,  0.900,  0.900,  0.900,
mon_rep230303,2023-03-03T04:44:10, -1.500,  0.100,0,0,247, 25.000, 13.299,  0.000,  0.000, 13.299, 13.850,  0.000, 13.299, 13.299,  0.000,  0.900,  0.900,  0.900,
mon_rep230303,2023-03-03T04:44:10, -1.400,  0.100,0,0,247, 25.000, 13.299,  0.000,  0.000, 13.299, 13.850,  0.000, 13.299, 13.299,  0.000,  0.900,  0.900,  0.900,
mon_rep230303,2023-03-03T04:44:10, -1.300,  0.100,0,0,247, 25.000, 13.299,  0.000,  0.000, 13.299, 13.850,  0.000, 13.299, 13.299,  0.000,  0.900,  0.900,  0.900,
mon_rep230303,2023-03-03T04:44:10, -1.199,  0.101,0,0,247, 25.000, 13.299,  0.000,  0.000, 13.299, 13.850,  0.000, 13.299, 13.299,  0.000,  0.900,  0.900,  0.900,
mon_rep230303,2023-03-03T04:44:10, -1.100,  0.099,0,0,247, 25.000, 13.299,  0.000,  0.000, 13.299, 13.850,  0.000, 13.299, 13.299,  0.000,  0.900,  0.900,  0.900,
mon_rep230303,2023-03-03T04:44:10, -1.000,  0.100,0,0,247, 25.000, 13.299,  0.000,  0.000, 13.299, 13.850,  0.000, 13.299, 13.299,  0.000,  0.900,  0.900,  0.900,
mon_rep230303,2023-03-03T04:44:10, -0.900,  0.100,0,0,247, 25.000, 13.299,  0.000,  0.000, 13.299, 13.850,  0.000, 13.299, 13.299,  0.000,  0.900,  0.900,  0.900,
mon_rep230303,2023-03-03T04:44:10, -0.800,  0.100,0,0,247, 25.000, 13.299,  0.000,  0.000, 13.299, 13.850,  0.000, 13.299, 13.299,  0.000,  0.900,  0.900,  0.900,
mon_rep230303,2023-03-03T04:44:10, -0.700,  0.100,0,0,247, 25.000, 13.299,  0.000,  0.000, 13.299, 13.850,  0.000, 13.299, 13.299,  0.000,  0.900,  0.900,  0.900,
mon_rep230303,2023-03-03T04:44:11, -0.600,  0.100,0,0,247, 25.000, 13.299,  0.000,  0.000, 13.299, 13.850,  0.000, 13.299, 13.299,  0.000,  0.900,  0.900,  0.900,
mon_rep230303,2023-03-03T04:44:11, -0.500,  0.100,0,0,247, 25.000, 13.299,  0.000,  0.000, 13.299, 13.850,  0.000, 13.299, 13.299,  0.000,  0.900,  0.900,  0.900,
mon_rep230303,2023-03-03T04:44:11, -0.400,  0.100,0,0,247, 25.000, 13.299,  0.000,  0.000, 13.299, 13.850,  0.000, 13.299, 13.299,  0.000,  0.900,  0.900,  0.900,
mon_rep230303,2023-03-03T04:44:11, -0.300,  0.100,0,0,247, 25.000, 13.299,  0.000,  0.000, 13.299, 13.850,  0.000, 13.299, 13.299,  0.000,  0.900,  0.900,  0.900,
mon_rep230303,2023-03-03T04:44:11, -0.200,  0.100,0,0,247, 25.000, 13.299,  0.000,  0.000, 13.299, 13.850,  0.000, 13.299, 13.299,  0.000,  0.900,  0.900,  0.900,
mon_rep230303,2023-03-03T04:44:11, -0.100,  0.100,0,0,247, 25.000, 13.299,  0.000,  0.000, 13.299, 13.850,  0.000, 13.299, 13.299,  0.000,  0.900,  0.900,  0.900,
mon_rep230303,2023-03-03T04:44:11,  0.000,  0.100,0,0,247, 25.000, 13.299,  0.000,  0.000, 13.299, 13.850,  0.000, 13.299, 13.299,  0.000,  0.900,  0.900,  0.900,
mon_rep230303,2023-03-03T04:44:11,  0.100,  0.100,0,0,247, 25.000, 13.299, -0.204,  0.000, 13.299, 13.850, -0.003, 13.302, 13.299,  0.003,  0.900,  0.900,  0.900,
mon_rep230303,2023-03-03T04:44:11,  0.200,  0.100,0,0,247, 25.000, 13.296, -0.407, -0.000, 13.299, 13.850, -0.006, 13.302, 13.299,  0.003,  0.900,  0.900,  0.900,
mon_rep230303,2023-03-03T04:44:11,  0.300,  0.100,0,0,247, 25.000, 13.293, -0.611, -0.000, 13.299, 13.850, -0.008, 13.302, 13.299,  0.003,  0.900,  0.900,  0.900,
mon_rep230303,2023-03-03T04:44:12,  0.400,  0.100,0,0,247, 25.000, 13.291, -0.814, -0.000, 13.299, 13.850, -0.011, 13.302, 13.299,  0.003,  0.900,  0.900,  0.900,
mon_rep230303,2023-03-03T04:44:12,  0.500,  0.100,0,0,247, 25.000, 13.288, -1.018, -0.000, 13.299, 13.850, -0.014, 13.302, 13.299,  0.003,  0.900,  0.900,  0.900,
mon_rep230303,2023-03-03T04:44:12,  0.600,  0.100,0,0,247, 25.000, 13.285, -1.221, -0.000, 13.299, 13.850, -0.017, 13.302, 13.299,  0.003,  0.900,  0.900,  0.900,
mon_rep230303,2023-03-03T04:44:12,  0.700,  0.100,0,0,247, 25.000, 13.282, -1.425, -0.000, 13.299, 13.850, -0.020, 13.302, 13.299,  0.003,  0.900,  0.900,  0.900,
mon_rep230303,2023-03-03T04:44:12,  0.800,  0.100,0,0,247, 25.000, 13.279, -1.628, -0.000, 13.299, 13.850, -0.023, 13.302, 13.299,  0.003,  0.900,  0.900,  0.900,
mon_rep230303,2023-03-03T04:44:12,  0.900,  0.100,0,0,247, 25.000, 13.276, -1.832, -0.000, 13.299, 13.850, -0.025, 13.302, 13.299,  0.003,  0.900,  0.900,  0.900,
mon_rep230303,2023-03-03T04:44:12,  1.000,  0.100,0,0,247, 25.000, 13.274, -2.036, -0.000, 13.299, 13.850, -0.028, 13.302, 13.299,  0.003,  0.900,  0.900,  0.900,
mon_rep230303,2023-03-03T04:44:12,  1.100,  0.100,0,0,247, 25.000, 13.271, -2.239, -0.000, 13.299, 13.850, -0.031, 13.302, 13.299,  0.003,  0.900,  0.900,  0.900,
mon_rep230303,2023-03-03T04:44:12,  1.200,  0.100,0,0,247, 25.000, 13.268, -2.443, -0.000, 13.299, 13.850, -0.034, 13.302, 13.299,  0.003,  0.900,  0.900,  0.900,
mon_rep230303,2023-03-03T04:44:12,  1.300,  0.100,0,0,247, 25.000, 13.265, -2.646, -0.000, 13.299, 13.850, -0.037, 13.302, 13.299,  0.003,  0.900,  0.900,  0.900,
mon_rep230303,2023-03-03T04:44:13,  1.400,  0.100,0,0,247, 25.000, 13.262, -2.849, -0.000, 13.299, 13.850, -0.040, 13.302, 13.299,  0.003,  0.900,  0.900,  0.900,
mon_rep230303,2023-03-03T04:44:13,  1.500,  0.100,0,0,247, 25.000, 13.259, -3.053, -0.000, 13.299, 13.850, -0.043, 13.302, 13.299,  0.003,  0.900,  0.900,  0.900,
mon_rep230303,2023-03-03T04:44:13,  1.600,  0.100,0,0,247, 25.000, 13.256, -3.256, -0.000, 13.299, 13.850, -0.046, 13.302, 13.299,  0.003,  0.900,  0.900,  0.900,
mon_rep230303,2023-03-03T04:44:13,  1.700,  0.100,0,0,247, 25.000, 13.253, -3.460, -0.000, 13.299, 13.850, -0.048, 13.302, 13.299,  0.003,  0.900,  0.900,  0.900,
mon_rep230303,2023-03-03T04:44:13,  1.801,  0.101,0,0,247, 25.000, 13.251, -3.665, -0.000, 13.299, 13.850, -0.051, 13.302, 13.299,  0.003,  0.900,  0.900,  0.900,
mon_rep230303,2023-03-03T04:44:13,  1.900,  0.099,0,0,247, 25.000, 13.248, -3.866, -0.000, 13.299, 13.850, -0.054, 13.302, 13.299,  0.003,  0.900,  0.900,  0.900,
mon_rep230303,2023-03-03T04:44:13,  2.000,  0.100,0,0,247, 25.000, 13.245, -4.070, -0.000, 13.299, 13.850, -0.057, 13.302, 13.299,  0.003,  0.900,  0.900,  0.900,
mon_rep230303,2023-03-03T04:44:13,  2.100,  0.100,0,0,247, 25.000, 13.242, -4.273, -0.000, 13.299, 13.850, -0.060, 13.302, 13.299,  0.003,  0.900,  0.900,  0.900,
mon_rep230303,2023-03-03T04:44:13,  2.200,  0.100,0,0,247, 25.000, 13.239, -4.476, -0.000, 13.299, 13.850, -0.063, 13.302, 13.299,  0.003,  0.900,  0.900,  0.900,
mon_rep230303,2023-03-03T04:44:13,  2.300,  0.100,0,0,247, 25.000, 13.236, -4.680, -0.000, 13.299, 13.850, -0.066, 13.302, 13.299,  0.003,  0.900,  0.900,  0.900,
mon_rep230303,2023-03-03T04:44:14,  2.400,  0.100,0,0,247, 25.000, 13.233, -4.883, -0.000, 13.299, 13.850, -0.069, 13.302, 13.299,  0.003,  0.900,  0.900,  0.900,
mon_rep230303,2023-03-03T04:44:14,  2.500,  0.100,0,0,247, 25.000, 13.230, -5.086, -0.000, 13.299, 13.850, -0.072, 13.302, 13.299,  0.003,  0.900,  0.900,  0.900,
mon_rep230303,2023-03-03T04:44:14,  2.600,  0.100,0,0,247, 25.000, 13.227, -5.289, -0.000, 13.299, 13.850, -0.075, 13.302, 13.299,  0.003,  0.900,  0.900,  0.900,
mon_rep230303,2023-03-03T04:44:14,  2.700,  0.100,0,0,247, 25.000, 13.224, -5.492, -0.000, 13.299, 13.850, -0.077, 13.302, 13.299,  0.003,  0.900,  0.900,  0.900,
mon_rep230303,2023-03-03T04:44:14,  2.800,  0.100,0,0,247, 25.000, 13.221, -5.695, -0.000, 13.299, 13.850, -0.080, 13.302, 13.299,  0.003,  0.900,  0.900,  0.900,
mon_rep230303,2023-03-03T04:44:14,  2.900,  0.100,0,0,247, 25.000, 13.219, -5.898, -0.000, 13.299, 13.850, -0.083, 13.302, 13.299,  0.003,  0.900,  0.900,  0.900,
mon_rep230303,2023-03-03T04:44:14,  3.000,  0.100,0,0,247, 25.000, 13.216, -6.101, -0.000, 13.299, 13.850, -0.086, 13.302, 13.299,  0.003,  0.900,  0.900,  0.900,
mon_rep230303,2023-03-03T04:44:14,  3.100,  0.100,0,0,247, 25.000, 13.213, -6.304, -0.000, 13.299, 13.850, -0.089, 13.302, 13.299,  0.003,  0.900,  0.900,  0.900,
mon_rep230303,2023-03-03T04:44:14,  3.200,  0.100,0,0,247, 25.000, 13.210, -6.507, -0.000, 13.299, 13.850, -0.092, 13.302, 13.299,  0.003,  0.900,  0.900,  0.900,
mon_rep230303,2023-03-03T04:44:14,  3.300,  0.100,0,0,247, 25.000, 13.207, -6.710, -0.000, 13.299, 13.850, -0.095, 13.302, 13.299,  0.003,  0.900,  0.900,  0.900,
mon_rep230303,2023-03-03T04:44:15,  3.400,  0.100,0,0,247, 25.000, 13.204, -6.913, -0.000, 13.299, 13.850, -0.098, 13.302, 13.299,  0.003,  0.900,  0.900,  0.900,
mon_rep230303,2023-03-03T04:44:15,  3.500,  0.100,0,0,247, 25.000, 13.201, -7.116, -0.000, 13.299, 13.850, -0.101, 13.302, 13.299,  0.003,  0.900,  0.900,  0.900,
mon_rep230303,2023-03-03T04:44:15,  3.600,  0.100,0,0,247, 25.000, 13.198, -7.319, -0.000, 13.299, 13.850, -0.104, 13.302, 13.299,  0.003,  0.900,  0.900,  0.900,
mon_rep230303,2023-03-03T04:44:15,  3.700,  0.100,0,0,247, 25.000, 13.195, -7.521, -0.000, 13.299, 13.850, -0.107, 13.302, 13.299,  0.003,  0.900,  0.900,  0.900,
mon_rep230303,2023-03-03T04:44:15,  3.800,  0.100,0,0,247, 25.000, 13.192, -7.724, -0.000, 13.299, 13.850, -0.110, 13.302, 13.299,  0.003,  0.900,  0.900,  0.900,
mon_rep230303,2023-03-03T04:44:15,  3.900,  0.100,0,0,247, 25.000, 13.189, -7.927, -0.000, 13.299, 13.850, -0.113, 13.302, 13.299,  0.003,  0.900,  0.900,  0.900,
mon_rep230303,2023-03-03T04:44:15,  4.000,  0.100,0,0,247, 25.000, 13.186, -8.129, -0.000, 13.299, 13.850, -0.116, 13.302, 13.299,  0.003,  0.900,  0.900,  0.900,
mon_rep230303,2023-03-03T04:44:15,  4.100,  0.100,0,0,247, 25.000, 13.183, -8.332, -0.000, 13.299, 13.850, -0.119, 13.302, 13.299,  0.003,  0.900,  0.900,  0.900,
mon_rep230303,2023-03-03T04:44:15,  4.200,  0.100,0,0,247, 25.000, 13.180, -8.534, -0.000, 13.299, 13.850, -0.122, 13.302, 13.299,  0.003,  0.900,  0.900,  0.900,
mon_rep230303,2023-03-03T04:44:15,  4.300,  0.100,0,0,247, 25.000, 13.177, -8.737, -0.000, 13.299, 13.850, -0.125, 13.302, 13.299,  0.003,  0.900,  0.900,  0.900,
mon_rep230303,2023-03-03T04:44:16,  4.400,  0.100,0,0,247, 25.000, 13.174, -8.939, -0.000, 13.299, 13.850, -0.128, 13.302, 13.299,  0.003,  0.900,  0.900,  0.900,
mon_rep230303,2023-03-03T04:44:16,  4.500,  0.100,0,0,247, 25.000, 13.171, -9.141, -0.001, 13.299, 13.850, -0.131, 13.302, 13.299,  0.003,  0.900,  0.900,  0.900,
mon_rep230303,2023-03-03T04:44:16,  4.601,  0.101,0,0,247, 25.000, 13.168, -9.346, -0.001, 13.299, 13.850, -0.134, 13.302, 13.299,  0.003,  0.900,  0.900,  0.900,
mon_rep230303,2023-03-03T04:44:16,  4.700,  0.099,0,0,247, 25.000, 13.165, -9.546, -0.001, 13.299, 13.850, -0.137, 13.302, 13.299,  0.003,  0.900,  0.900,  0.900,
mon_rep230303,2023-03-03T04:44:16,  4.800,  0.100,0,0,247, 25.000, 13.162, -9.748, -0.001, 13.299, 13.850, -0.140, 13.302, 13.299,  0.003,  0.900,  0.900,  0.900,
mon_rep230303,2023-03-03T04:44:16,  4.900,  0.100,0,0,247, 25.000, 13.159, -9.950, -0.001, 13.299, 13.850, -0.143, 13.302, 13.299,  0.003,  0.900,  0.900,  0.900,
mon_rep230303,2023-03-03T04:44:16,  5.000,  0.100,0,0,247, 25.000, 13.156,-10.152, -0.001, 13.299, 13.850, -0.146, 13.302, 13.299,  0.003,  0.900,  0.900,  0.900,
mon_rep230303,2023-03-03T04:44:16,  5.100,  0.100,0,0,247, 25.000, 13.153,-10.354, -0.001, 13.299, 13.850, -0.149, 13.302, 13.299,  0.003,  0.900,  0.900,  0.900,
mon_rep230303,2023-03-03T04:44:16,  5.200,  0.100,0,0,247, 25.000, 13.150,-10.556, -0.001, 13.299, 13.850, -0.152, 13.302, 13.299,  0.003,  0.900,  0.900,  0.900,
mon_rep230303,2023-03-03T04:44:16,  5.300,  0.100,0,0,247, 25.000, 13.147,-10.758, -0.001, 13.299, 13.850, -0.155, 13.302, 13.299,  0.003,  0.900,  0.900,  0.900,
mon_rep230303,2023-03-03T04:44:17,  5.400,  0.100,0,0,247, 25.000, 13.144,-10.959, -0.001, 13.299, 13.850, -0.158, 13.302, 13.299,  0.003,  0.900,  0.900,  0.900,
mon_rep230303,2023-03-03T04:44:17,  5.500,  0.100,0,0,247, 25.000, 13.141,-11.161, -0.001, 13.299, 13.850, -0.161, 13.302, 13.299,  0.003,  0.900,  0.900,  0.900,
mon_rep230303,2023-03-03T04:44:17,  5.601,  0.101,0,0,247, 25.000, 13.138,-11.365, -0.001, 13.299, 13.850, -0.164, 13.302, 13.299,  0.003,  0.900,  0.900,  0.900,
mon_rep230303,2023-03-03T04:44:17,  5.700,  0.099,0,0,247, 25.000, 13.135,-11.564, -0.001, 13.299, 13.850, -0.167, 13.302, 13.299,  0.003,  0.900,  0.900,  0.900,
mon_rep230303,2023-03-03T04:44:17,  5.800,  0.100,0,0,247, 25.000, 13.132,-11.766, -0.001, 13.299, 13.850, -0.170, 13.302, 13.299,  0.003,  0.900,  0.900,  0.900,
mon_rep230303,2023-03-03T04:44:17,  5.900,  0.100,0,0,247, 25.000, 13.129,-11.967, -0.001, 13.299, 13.850, -0.173, 13.302, 13.299,  0.003,  0.900,  0.900,  0.900,
mon_rep230303,2023-03-03T04:44:17,  6.000,  0.100,0,0,247, 25.000, 13.126,-12.168, -0.001, 13.299, 13.850, -0.176, 13.302, 13.299,  0.003,  0.900,  0.900,  0.900,
mon_rep230303,2023-03-03T04:44:17,  6.100,  0.100,0,0,247, 25.000, 13.123,-12.370, -0.001, 13.299, 13.850, -0.179, 13.302, 13.299,  0.003,  0.900,  0.900,  0.900,
mon_rep230303,2023-03-03T04:44:17,  6.200,  0.100,0,0,247, 25.000, 13.120,-12.571, -0.001, 13.299, 13.850, -0.182, 13.302, 13.299,  0.003,  0.900,  0.900,  0.900,
mon_rep230303,2023-03-03T04:44:17,  6.300,  0.100,0,0,247, 25.000, 13.117,-12.772, -0.001, 13.299, 13.850, -0.185, 13.302, 13.299,  0.003,  0.900,  0.900,  0.900,
mon_rep230303,2023-03-03T04:44:18,  6.400,  0.100,0,0,247, 25.000, 13.114,-12.973, -0.001, 13.299, 13.850, -0.188, 13.302, 13.299,  0.003,  0.900,  0.900,  0.900,
mon_rep230303,2023-03-03T04:44:18,  6.501,  0.101,0,0,247, 25.000, 13.111,-13.176, -0.001, 13.299, 13.850, -0.191, 13.302, 13.299,  0.003,  0.900,  0.900,  0.900,
mon_rep230303,2023-03-03T04:44:18,  6.600,  0.099,0,0,247, 25.000, 13.107,-13.374, -0.001, 13.299, 13.850, -0.194, 13.302, 13.299,  0.003,  0.900,  0.900,  0.900,
mon_rep230303,2023-03-03T04:44:18,  6.700,  0.100,0,0,247, 25.000, 13.104,-13.575, -0.001, 13.299, 13.850, -0.197, 13.302, 13.299,  0.003,  0.900,  0.900,  0.900,
mon_rep230303,2023-03-03T04:44:18,  6.800,  0.100,0,0,247, 25.000, 13.101,-13.776, -0.001, 13.299, 13.850, -0.200, 13.302, 13.299,  0.003,  0.900,  0.900,  0.900,
mon_rep230303,2023-03-03T04:44:18,  6.900,  0.100,0,0,247, 25.000, 13.098,-13.976, -0.001, 13.299, 13.850, -0.203, 13.302, 13.299,  0.003,  0.900,  0.900,  0.900,
mon_rep230303,2023-03-03T04:44:18,  7.001,  0.101,0,0,247, 25.000, 13.095,-14.179, -0.001, 13.299, 13.850, -0.206, 13.302, 13.299,  0.003,  0.900,  0.900,  0.900,
mon_rep230303,2023-03-03T04:44:18,  7.100,  0.099,0,0,247, 25.000, 13.092,-14.377, -0.001, 13.299, 13.850, -0.209, 13.302, 13.299,  0.003,  0.900,  0.900,  0.900,
mon_rep230303,2023-03-03T04:44:18,  7.200,  0.100,0,0,247, 25.000, 13.089,-14.578, -0.001, 13.299, 13.850, -0.212, 13.302, 13.299,  0.003,  0.900,  0.900,  0.900,
mon_rep230303,2023-03-03T04:44:18,  7.300,  0.100,0,0,247, 25.000, 13.086,-14.778, -0.001, 13.299, 13.850, -0.215, 13.302, 13.299,  0.003,  0.900,  0.900,  0.900,
mon_rep230303,2023-03-03T04:44:19,  7.400,  0.100,0,0,247, 25.000, 13.083,-14.978, -0.001, 13.299, 13.850, -0.219, 13.302, 13.299,  0.003,  0.900,  0.900,  0.900,
mon_rep230303,2023-03-03T04:44:19,  7.500,  0.100,0,0,247, 25.000, 13.080,-15.178, -0.001, 13.299, 13.850, -0.222, 13.302, 13.299,  0.003,  0.900,  0.900,  0.900,
mon_rep230303,2023-03-03T04:44:19,  7.601,  0.101,0,0,247, 25.000, 13.077,-15.380, -0.001, 13.299, 13.850, -0.225, 13.302, 13.299,  0.003,  0.900,  0.900,  0.900,
mon_rep230303,2023-03-03T04:44:19,  7.700,  0.099,0,0,247, 25.000, 13.074,-15.578, -0.001, 13.299, 13.850, -0.228, 13.302, 13.299,  0.003,  0.900,  0.900,  0.900,
mon_rep230303,2023-03-03T04:44:19,  7.800,  0.100,0,0,247, 25.000, 13.071,-15.777, -0.002, 13.299, 13.850, -0.231, 13.302, 13.299,  0.003,  0.900,  0.900,  0.900,
mon_rep230303,2023-03-03T04:44:19,  7.901,  0.101,0,0,247, 25.000, 13.068,-15.979, -0.002, 13.299, 13.850, -0.234, 13.302, 13.299,  0.003,  0.900,  0.900,  0.900,
mon_rep230303,2023-03-03T04:44:19,  8.000,  0.099,0,0,247, 25.000, 13.064,-16.177, -0.002, 13.299, 13.850, -0.237, 13.302, 13.299,  0.003,  0.900,  0.900,  0.900,
mon_rep230303,2023-03-03T04:44:19,  8.100,  0.100,0,0,247, 25.000, 13.061,-16.376, -0.002, 13.299, 13.850, -0.240, 13.302, 13.299,  0.003,  0.900,  0.900,  0.900,
mon_rep230303,2023-03-03T04:44:19,  8.200,  0.100,0,0,247, 25.000, 13.058,-16.575, -0.002, 13.299, 13.850, -0.243, 13.302, 13.299,  0.003,  0.900,  0.900,  0.900,
mon_rep230303,2023-03-03T04:44:19,  8.300,  0.100,0,0,247, 25.000, 13.055,-16.774, -0.002, 13.299, 13.850, -0.246, 13.302, 13.299,  0.003,  0.900,  0.900,  0.900,
mon_rep230303,2023-03-03T04:44:20,  8.400,  0.100,0,0,247, 25.000, 13.052,-16.974, -0.002, 13.299, 13.850, -0.249, 13.302, 13.299,  0.003,  0.900,  0.900,  0.900,
mon_rep230303,2023-03-03T04:44:20,  8.500,  0.100,0,0,247, 25.000, 13.049,-17.173, -0.002, 13.299, 13.850, -0.252, 13.302, 13.299,  0.003,  0.900,  0.900,  0.900,
mon_rep230303,2023-03-03T04:44:20,  8.600,  0.100,0,0,247, 25.000, 13.046,-17.371, -0.002, 13.299, 13.850, -0.255, 13.302, 13.299,  0.003,  0.900,  0.900,  0.900,
mon_rep230303,2023-03-03T04:44:20,  8.700,  0.100,0,0,247, 25.000, 13.043,-17.570, -0.002, 13.299, 13.850, -0.259, 13.302, 13.299,  0.003,  0.900,  0.900,  0.900,
mon_rep230303,2023-03-03T04:44:20,  8.801,  0.101,0,0,247, 25.000, 13.040,-17.771, -0.002, 13.299, 13.850, -0.262, 13.302, 13.299,  0.003,  0.900,  0.900,  0.900,
mon_rep230303,2023-03-03T04:44:20,  8.900,  0.099,0,0,247, 25.000, 13.036,-17.967, -0.002, 13.299, 13.850, -0.265, 13.302, 13.299,  0.003,  0.900,  0.900,  0.900,
mon_rep230303,2023-03-03T04:44:20,  9.000,  0.100,0,0,247, 25.000, 13.033,-18.166, -0.002, 13.299, 13.850, -0.268, 13.302, 13.299,  0.003,  0.900,  0.900,  0.900,
mon_rep230303,2023-03-03T04:44:20,  9.100,  0.100,0,0,247, 25.000, 13.030,-18.364, -0.002, 13.299, 13.850, -0.271, 13.302, 13.299,  0.003,  0.900,  0.900,  0.900,
mon_rep230303,2023-03-03T04:44:20,  9.200,  0.100,0,0,247, 25.000, 13.027,-18.562, -0.002, 13.299, 13.850, -0.274, 13.302, 13.299,  0.003,  0.900,  0.900,  0.900,
mon_rep230303,2023-03-03T04:44:20,  9.301,  0.101,0,0,247, 25.000, 13.024,-18.763, -0.002, 13.299, 13.850, -0.277, 13.302, 13.299,  0.003,  0.900,  0.900,  0.900,
mon_rep230303,2023-03-03T04:44:21,  9.400,  0.099,0,0,247, 25.000, 13.021,-18.959, -0.002, 13.299, 13.850, -0.280, 13.302, 13.299,  0.003,  0.900,  0.900,  0.900,
mon_rep230303,2023-03-03T04:44:21,  9.500,  0.100,0,0,247, 25.000, 13.018,-19.156, -0.002, 13.299, 13.850, -0.283, 13.302, 13.299,  0.003,  0.900,  0.900,  0.900,
mon_rep230303,2023-03-03T04:44:21,  9.600,  0.100,0,0,247, 25.000, 13.015,-19.354, -0.002, 13.299, 13.850, -0.286, 13.302, 13.299,  0.003,  0.900,  0.900,  0.900,
mon_rep230303,2023-03-03T04:44:21,  9.700,  0.100,0,0,247, 25.000, 13.012,-19.552, -0.002, 13.299, 13.850, -0.290, 13.302, 13.299,  0.003,  0.900,  0.900,  0.900,
mon_rep230303,2023-03-03T04:44:21,  9.800,  0.100,0,0,247, 25.000, 13.008,-19.749, -0.002, 13.299, 13.850, -0.293, 13.302, 13.299,  0.003,  0.900,  0.900,  0.900,
mon_rep230303,2023-03-03T04:44:21,  9.900,  0.100,0,0,247, 25.000, 13.005,-19.947, -0.002, 13.299, 13.850, -0.296, 13.302, 13.299,  0.003,  0.900,  0.900,  0.900,
mon_rep230303,2023-03-03T04:44:21, 10.000,  0.100,0,0,247, 25.000, 13.002,-20.144, -0.003, 13.299, 13.850, -0.299, 13.302, 13.299,  0.003,  0.900,  0.900,  0.900,
mon_rep230303,2023-03-03T04:44:21, 10.100,  0.100,0,0,247, 25.000, 12.999,-20.341, -0.003, 13.299, 13.850, -0.302, 13.302, 13.299,  0.003,  0.900,  0.900,  0.900,
mon_rep230303,2023-03-03T04:44:21, 10.200,  0.100,0,0,247, 25.000, 12.996,-20.538, -0.003, 13.299, 13.850, -0.305, 13.302, 13.299,  0.003,  0.900,  0.900,  0.900,
mon_rep230303,2023-03-03T04:44:21, 10.300,  0.100,0,0,247, 25.000, 12.993,-20.735, -0.003, 13.299, 13.850, -0.308, 13.302, 13.299,  0.003,  0.900,  0.900,  0.900,
mon_rep230303,2023-03-03T04:44:22, 10.400,  0.100,0,0,247, 25.000, 12.990,-20.932, -0.003, 13.299, 13.850, -0.311, 13.302, 13.299,  0.003,  0.900,  0.900,  0.900,
mon_rep230303,2023-03-03T04:44:22, 10.500,  0.100,0,0,247, 25.000, 12.986,-21.128, -0.003, 13.299, 13.850, -0.314, 13.302, 13.299,  0.003,  0.900,  0.900,  0.900,
mon_rep230303,2023-03-03T04:44:22, 10.600,  0.100,0,0,247, 25.000, 12.983,-21.325, -0.003, 13.299, 13.850, -0.318, 13.302, 13.299,  0.003,  0.900,  0.900,  0.900,
mon_rep230303,2023-03-03T04:44:22, 10.701,  0.101,0,0,247, 25.000, 12.980,-21.523, -0.003, 13.299, 13.850, -0.321, 13.302, 13.299,  0.003,  0.900,  0.900,  0.900,
mon_rep230303,2023-03-03T04:44:22, 10.800,  0.099,0,0,247, 25.000, 12.977,-21.717, -0.003, 13.299, 13.850, -0.324, 13.302, 13.299,  0.003,  0.900,  0.900,  0.900,
mon_rep230303,2023-03-03T04:44:22, 10.900,  0.100,0,0,247, 25.000, 12.974,-21.913, -0.003, 13.299, 13.850, -0.327, 13.302, 13.299,  0.003,  0.900,  0.900,  0.900,
mon_rep230303,2023-03-03T04:44:22, 11.000,  0.100,0,0,247, 25.000, 12.971,-22.109, -0.003, 13.299, 13.850, -0.330, 13.302, 13.299,  0.003,  0.900,  0.900,  0.900,
mon_rep230303,2023-03-03T04:44:22, 11.101,  0.101,0,0,247, 25.000, 12.968,-22.307, -0.003, 13.299, 13.850, -0.333, 13.302, 13.299,  0.003,  0.900,  0.900,  0.900,
mon_rep230303,2023-03-03T04:44:22, 11.200,  0.099,0,0,247, 25.000, 12.964,-22.501, -0.003, 13.299, 13.850, -0.336, 13.302, 13.299,  0.003,  0.900,  0.900,  0.900,
mon_rep230303,2023-03-03T04:44:22, 11.300,  0.100,0,0,247, 25.000, 12.961,-22.696, -0.003, 13.299, 13.850, -0.339, 13.302, 13.299,  0.003,  0.900,  0.900,  0.900,
mon_rep230303,2023-03-03T04:44:23, 11.400,  0.100,0,0,247, 25.000, 12.958,-22.891, -0.003, 13.299, 13.850, -0.343, 13.302, 13.299,  0.003,  0.900,  0.900,  0.900,
mon_rep230303,2023-03-03T04:44:23, 11.500,  0.100,0,0,247, 25.000, 12.955,-23.087, -0.003, 13.299, 13.850, -0.346, 13.302, 13.299,  0.003,  0.900,  0.900,  0.900,
mon_rep230303,2023-03-03T04:44:23, 11.601,  0.101,0,0,247, 25.000, 12.952,-23.284, -0.003, 13.299, 13.850, -0.349, 13.302, 13.299,  0.003,  0.900,  0.900,  0.900,
mon_rep230303,2023-03-03T04:44:23, 11.700,  0.099,0,0,247, 25.000, 12.949,-23.477, -0.003, 13.299, 13.850, -0.352, 13.302, 13.299,  0.003,  0.900,  0.900,  0.900,
mon_rep230303,2023-03-03T04:44:23, 11.800,  0.100,0,0,247, 25.000, 12.946,-23.671, -0.003, 13.299, 13.850, -0.355, 13.302, 13.299,  0.003,  0.900,  0.900,  0.900,
mon_rep230303,2023-03-03T04:44:23, 11.900,  0.100,0,0,247, 25.000, 12.942,-23.866, -0.004, 13.299, 13.850, -0.358, 13.302, 13.299,  0.003,  0.900,  0.900,  0.900,
mon_rep230303,2023-03-03T04:44:23, 12.001,  0.101,0,0,247, 25.000, 12.939,-24.062, -0.004, 13.299, 13.850, -0.361, 13.302, 13.299,  0.003,  0.900,  0.900,  0.900,
mon_rep230303,2023-03-03T04:44:23, 12.100,  0.099,0,0,247, 25.000, 12.936,-24.255, -0.004, 13.299, 13.850, -0.364, 13.302, 13.299,  0.003,  0.900,  0.900,  0.900,
mon_rep230303,2023-03-03T04:44:23, 12.200,  0.100,0,0,247, 25.000, 12.933,-24.449, -0.004, 13.299, 13.850, -0.368, 13.302, 13.299,  0.003,  0.900,  0.900,  0.900,
mon_rep230303,2023-03-03T04:44:23, 12.300,  0.100,0,0,247, 25.000, 12.930,-24.643, -0.004, 13.299, 13.850, -0.371, 13.302, 13.299,  0.003,  0.900,  0.900,  0.900,
mon_rep230303,2023-03-03T04:44:24, 12.400,  0.100,0,0,247, 25.000, 12.927,-24.837, -0.004, 13.299, 13.850, -0.374, 13.302, 13.299,  0.003,  0.900,  0.900,  0.900,
mon_rep230303,2023-03-03T04:44:24, 12.501,  0.101,0,0,247, 25.000, 12.924,-25.032, -0.004, 13.299, 13.850, -0.377, 13.302, 13.299,  0.003,  0.900,  0.900,  0.900,
mon_rep230303,2023-03-03T04:44:24, 12.600,  0.099,0,0,247, 25.000, 12.920,-25.224, -0.004, 13.299, 13.850, -0.380, 13.302, 13.299,  0.003,  0.900,  0.900,  0.900,
mon_rep230303,2023-03-03T04:44:24, 12.700,  0.100,0,0,247, 25.000, 12.917,-25.417, -0.004, 13.299, 13.850, -0.383, 13.302, 13.299,  0.003,  0.900,  0.900,  0.900,
mon_rep230303,2023-03-03T04:44:24, 12.800,  0.100,0,0,247, 25.000, 12.914,-25.610, -0.004, 13.299, 13.850, -0.386, 13.302, 13.299,  0.003,  0.900,  0.900,  0.900,
mon_rep230303,2023-03-03T04:44:24, 12.900,  0.100,0,0,247, 25.000, 12.911,-25.804, -0.004, 13.299, 13.850, -0.390, 13.302, 13.299,  0.003,  0.900,  0.900,  0.900,
mon_rep230303,2023-03-03T04:44:24, 13.001,  0.101,0,0,247, 25.000, 12.908,-25.998, -0.004, 13.299, 13.850, -0.393, 13.302, 13.299,  0.003,  0.900,  0.900,  0.900,
mon_rep230303,2023-03-03T04:44:24, 13.100,  0.099,0,0,247, 25.000, 12.905,-26.189, -0.004, 13.299, 13.850, -0.396, 13.302, 13.299,  0.003,  0.900,  0.900,  0.900,
mon_rep230303,2023-03-03T04:44:24, 13.201,  0.101,0,0,247, 25.000, 12.901,-26.384, -0.004, 13.299, 13.850, -0.399, 13.302, 13.299,  0.003,  0.900,  0.900,  0.900,
mon_rep230303,2023-03-03T04:44:24, 13.300,  0.099,0,0,247, 25.000, 12.898,-26.574, -0.004, 13.299, 13.850, -0.402, 13.302, 13.299,  0.003,  0.900,  0.900,  0.900,
mon_rep230303,2023-03-03T04:44:25, 13.401,  0.101,0,0,247, 25.000, 12.895,-26.768, -0.004, 13.299, 13.850, -0.405, 13.302, 13.299,  0.003,  0.900,  0.900,  0.900,
mon_rep230303,2023-03-03T04:44:25, 13.500,  0.099,0,0,247, 25.000, 12.892,-26.958, -0.005, 13.299, 13.850, -0.408, 13.302, 13.299,  0.003,  0.900,  0.900,  0.900,
mon_rep230303,2023-03-03T04:44:25, 13.600,  0.100,0,0,247, 25.000, 12.889,-27.150, -0.005, 13.299, 13.850, -0.411, 13.302, 13.299,  0.003,  0.900,  0.900,  0.900,
mon_rep230303,2023-03-03T04:44:25, 13.701,  0.101,0,0,247, 25.000, 12.886,-27.344, -0.005, 13.299, 13.850, -0.415, 13.302, 13.299,  0.003,  0.900,  0.900,  0.900,
mon_rep230303,2023-03-03T04:44:25, 13.800,  0.099,0,0,247, 25.000, 12.882,-27.534, -0.005, 13.299, 13.850, -0.418, 13.302, 13.299,  0.003,  0.900,  0.900,  0.900,
mon_rep230303,2023-03-03T04:44:25, 13.901,  0.101,0,0,247, 25.000, 12.879,-27.727, -0.005, 13.299, 13.850, -0.421, 13.302, 13.299,  0.003,  0.900,  0.900,  0.900,
mon_rep230303,2023-03-03T04:44:25, 14.001,  0.100,0,0,247, 25.000, 12.876,-27.918, -0.005, 13.299, 13.850, -0.424, 13.302, 13.299,  0.003,  0.900,  0.900,  0.900,
mon_rep230303,2023-03-03T04:44:25, 14.100,  0.099,0,0,247, 25.000, 12.873,-28.107, -0.005, 13.299, 13.850, -0.427, 13.302, 13.299,  0.003,  0.900,  0.900,  0.900,
mon_rep230303,2023-03-03T04:44:25, 14.200,  0.100,0,0,247, 25.000, 12.870,-28.298, -0.005, 13.299, 13.850, -0.430, 13.302, 13.299,  0.003,  0.899,  0.900,  0.899,
mon_rep230303,2023-03-03T04:44:25, 14.300,  0.100,0,0,247, 25.000, 12.867,-28.489, -0.005, 13.299, 13.850, -0.433, 13.302, 13.299,  0.003,  0.899,  0.899,  0.899,
mon_rep230303,2023-03-03T04:44:26, 14.401,  0.101,0,0,247, 25.000, 12.863,-28.681, -0.005, 13.299, 13.850, -0.437, 13.302, 13.299,  0.003,  0.899,  0.899,  0.899,
mon_rep230303,2023-03-03T04:44:26, 14.501,  0.100,0,0,247, 25.000, 12.860,-28.871, -0.005, 13.299, 13.850, -0.440, 13.302, 13.299,  0.003,  0.899,  0.899,  0.899,
mon_rep230303,2023-03-03T04:44:26, 14.600,  0.099,0,0,247, 25.000, 12.857,-29.059, -0.005, 13.299, 13.850, -0.443, 13.302, 13.299,  0.003,  0.899,  0.899,  0.899,
mon_rep230303,2023-03-03T04:44:26, 14.700,  0.100,0,0,247, 25.000, 12.854,-29.249, -0.005, 13.299, 13.850, -0.446, 13.302, 13.299,  0.003,  0.899,  0.899,  0.899,
mon_rep230303,2023-03-03T04:44:26, 14.801,  0.101,0,0,247, 25.000, 12.851,-29.441, -0.005, 13.299, 13.850, -0.449, 13.302, 13.299,  0.003,  0.899,  0.899,  0.899,
mon_rep230303,2023-03-03T04:44:26, 14.901,  0.100,0,0,247, 25.000, 12.848,-29.631, -0.006, 13.299, 13.850, -0.452, 13.302, 13.299,  0.003,  0.899,  0.899,  0.899,
mon_rep230303,2023-03-03T04:44:26, 15.001,  0.100,0,0,247, 25.000, 12.844,-29.820, -0.006, 13.299, 13.850, -0.455, 13.302, 13.299,  0.003,  0.899,  0.899,  0.899,
mon_rep230303,2023-03-03T04:44:26, 15.100,  0.099,0,0,247, 25.000, 12.841,-30.007, -0.006, 13.299, 13.850, -0.459, 13.302, 13.299,  0.003,  0.899,  0.899,  0.899,
mon_rep230303,2023-03-03T04:44:26, 15.200,  0.100,0,0,247, 25.000, 12.838,-30.196, -0.006, 13.299, 13.850, -0.462, 13.302, 13.299,  0.003,  0.899,  0.899,  0.899,
mon_rep230303,2023-03-03T04:44:26, 15.301,  0.101,0,0,247, 25.000, 12.835,-30.387, -0.006, 13.299, 13.850, -0.465, 13.302, 13.299,  0.003,  0.899,  0.899,  0.899,
mon_rep230303,2023-03-03T04:44:27, 15.401,  0.100,0,0,247, 25.000, 12.832,-30.576, -0.006, 13.299, 13.850, -0.468, 13.302, 13.299,  0.003,  0.899,  0.899,  0.899,
mon_rep230303,2023-03-03T04:44:27, 15.501,  0.100,0,0,247, 25.000, 12.829,-30.764, -0.006, 13.299, 13.850, -0.471, 13.302, 13.299,  0.003,  0.899,  0.899,  0.899,
mon_rep230303,2023-03-03T04:44:27, 15.601,  0.100,0,0,247, 25.000, 12.825,-30.952, -0.006, 13.299, 13.850, -0.474, 13.302, 13.299,  0.003,  0.899,  0.899,  0.899,
mon_rep230303,2023-03-03T04:44:27, 15.701,  0.100,0,0,247, 25.000, 12.822,-31.140, -0.006, 13.299, 13.850, -0.477, 13.302, 13.299,  0.003,  0.899,  0.899,  0.899,
mon_rep230303,2023-03-03T04:44:27, 15.801,  0.100,0,0,247, 25.000, 12.819,-31.328, -0.006, 13.299, 13.850, -0.481, 13.302, 13.299,  0.003,  0.899,  0.899,  0.899,
mon_rep230303,2023-03-03T04:44:27, 15.900,  0.099,0,0,247, 25.000, 12.816,-31.514, -0.006, 13.299, 13.850, -0.484, 13.302, 13.299,  0.003,  0.899,  0.899,  0.899,
mon_rep230303,2023-03-03T04:44:27, 16.001,  0.101,0,0,247, 25.000, 12.813,-31.703, -0.006, 13.299, 13.850, -0.487, 13.302, 13.299,  0.003,  0.899,  0.899,  0.899,
mon_rep230303,2023-03-03T04:44:27, 16.101,  0.100,0,0,247, 25.000, 12.810,-31.890, -0.006, 13.299, 13.850, -0.490, 13.302, 13.299,  0.003,  0.899,  0.899,  0.899,
mon_rep230303,2023-03-03T04:44:27, 16.201,  0.100,0,0,247, 25.000, 12.806,-32.077, -0.007, 13.299, 13.850, -0.493, 13.302, 13.299,  0.003,  0.899,  0.899,  0.899,
mon_rep230303,2023-03-03T04:44:27, 16.300,  0.099,0,0,247, 25.000, 12.803,-32.262, -0.007, 13.299, 13.850, -0.496, 13.302, 13.299,  0.003,  0.899,  0.899,  0.899,
mon_rep230303,2023-03-03T04:44:28, 16.401,  0.101,0,0,247, 25.000, 12.800,-32.451, -0.007, 13.299, 13.850, -0.499, 13.302, 13.299,  0.003,  0.899,  0.899,  0.899,
mon_rep230303,2023-03-03T04:44:28, 16.501,  0.100,0,0,247, 25.000, 12.797,-32.637, -0.007, 13.299, 13.850, -0.502, 13.302, 13.299,  0.003,  0.899,  0.899,  0.899,
mon_rep230303,2023-03-03T04:44:28, 16.600,  0.099,0,0,247, 25.000, 12.794,-32.822, -0.007, 13.299, 13.850, -0.506, 13.302, 13.299,  0.003,  0.899,  0.899,  0.899,
mon_rep230303,2023-03-03T04:44:28, 16.700,  0.100,0,0,247, 25.000, 12.791,-33.008, -0.007, 13.299, 13.850, -0.509, 13.302, 13.299,  0.003,  0.899,  0.899,  0.899,
mon_rep230303,2023-03-03T04:44:28, 16.800,  0.100,0,0,247, 25.000, 12.787,-33.193, -0.007, 13.299, 13.850, -0.512, 13.302, 13.299,  0.003,  0.899,  0.899,  0.899,
mon_rep230303,2023-03-03T04:44:28, 16.901,  0.101,0,0,247, 25.000, 12.784,-33.381, -0.007, 13.299, 13.850, -0.515, 13.302, 13.299,  0.003,  0.899,  0.899,  0.899,
mon_rep230303,2023-03-03T04:44:28, 17.001,  0.100,0,0,247, 25.000, 12.781,-33.566, -0.007, 13.299, 13.850, -0.518, 13.302, 13.299,  0.003,  0.899,  0.899,  0.899,
mon_rep230303,2023-03-03T04:44:28, 17.101,  0.100,0,0,247, 25.000, 12.778,-33.751, -0.007, 13.299, 13.850, -0.521, 13.302, 13.299,  0.003,  0.899,  0.899,  0.899,
mon_rep230303,2023-03-03T04:44:28, 17.200,  0.099,0,0,247, 25.000, 12.775,-33.935, -0.007, 13.299, 13.850, -0.524, 13.302, 13.299,  0.003,  0.899,  0.899,  0.899,
mon_rep230303,2023-03-03T04:44:28, 17.300,  0.100,0,0,247, 25.000, 12.772,-34.119, -0.007, 13.299, 13.850, -0.527, 13.302, 13.299,  0.003,  0.899,  0.899,  0.899,
mon_rep230303,2023-03-03T04:44:29, 17.401,  0.101,0,0,247, 25.000, 12.768,-34.306, -0.008, 13.299, 13.850, -0.531, 13.302, 13.299,  0.003,  0.899,  0.899,  0.899,
mon_rep230303,2023-03-03T04:44:29, 17.500,  0.099,0,0,247, 25.000, 12.765,-34.488, -0.008, 13.299, 13.850, -0.534, 13.302, 13.299,  0.003,  0.899,  0.899,  0.899,
mon_rep230303,2023-03-03T04:44:29, 17.601,  0.101,0,0,247, 25.000, 12.762,-34.674, -0.008, 13.299, 13.850, -0.537, 13.302, 13.299,  0.003,  0.899,  0.899,  0.899,
mon_rep230303,2023-03-03T04:44:29, 17.700,  0.099,0,0,247, 25.000, 12.759,-34.856, -0.008, 13.299, 13.850, -0.540, 13.302, 13.299,  0.003,  0.899,  0.899,  0.899,
mon_rep230303,2023-03-03T04:44:29, 17.801,  0.101,0,0,247, 25.000, 12.756,-35.042, -0.008, 13.299, 13.850, -0.543, 13.302, 13.299,  0.003,  0.899,  0.899,  0.899,
mon_rep230303,2023-03-03T04:44:29, 17.901,  0.100,0,0,247, 25.000, 12.753,-35.225, -0.008, 13.299, 13.850, -0.546, 13.302, 13.299,  0.003,  0.899,  0.899,  0.899,
mon_rep230303,2023-03-03T04:44:29, 18.001,  0.100,0,0,247, 25.000, 12.749,-35.408, -0.008, 13.299, 13.850, -0.549, 13.302, 13.299,  0.003,  0.899,  0.899,  0.899,
mon_rep230303,2023-03-03T04:44:29, 18.101,  0.100,0,0,247, 25.000, 12.746,-35.591, -0.008, 13.299, 13.850, -0.552, 13.302, 13.299,  0.003,  0.899,  0.899,  0.899,
mon_rep230303,2023-03-03T04:44:29, 18.200,  0.099,0,0,247, 25.000, 12.743,-35.772, -0.008, 13.299, 13.850, -0.555, 13.302, 13.299,  0.003,  0.899,  0.899,  0.899,
mon_rep230303,2023-03-03T04:44:29, 18.300,  0.100,0,0,247, 25.000, 12.740,-35.955, -0.008, 13.299, 13.850, -0.559, 13.302, 13.299,  0.003,  0.899,  0.899,  0.899,
mon_rep230303,2023-03-03T04:44:30, 18.401,  0.101,0,0,247, 25.000, 12.737,-36.139, -0.008, 13.299, 13.850, -0.562, 13.302, 13.299,  0.003,  0.899,  0.899,  0.899,
mon_rep230303,2023-03-03T04:44:30, 18.501,  0.100,0,0,247, 25.000, 12.734,-36.321, -0.008, 13.299, 13.850, -0.565, 13.302, 13.299,  0.003,  0.899,  0.899,  0.899,
mon_rep230303,2023-03-03T04:44:30, 18.600,  0.099,0,0,247, 25.000, 12.731,-36.501, -0.009, 13.299, 13.850, -0.568, 13.302, 13.299,  0.003,  0.899,  0.899,  0.899,
mon_rep230303,2023-03-03T04:44:30, 18.700,  0.100,0,0,247, 25.000, 12.727,-36.683, -0.009, 13.299, 13.850, -0.571, 13.302, 13.299,  0.003,  0.899,  0.899,  0.899,
mon_rep230303,2023-03-03T04:44:30, 18.800,  0.100,0,0,247, 25.000, 12.724,-36.864, -0.009, 13.299, 13.850, -0.574, 13.302, 13.299,  0.003,  0.899,  0.899,  0.899,
mon_rep230303,2023-03-03T04:44:30, 18.901,  0.101,0,0,247, 25.000, 12.721,-37.047, -0.009, 13.299, 13.850, -0.577, 13.302, 13.299,  0.003,  0.899,  0.899,  0.899,
mon_rep230303,2023-03-03T04:44:30, 19.001,  0.100,0,0,247, 25.000, 12.718,-37.228, -0.009, 13.299, 13.850, -0.580, 13.302, 13.299,  0.003,  0.899,  0.899,  0.899,
mon_rep230303,2023-03-03T04:44:30, 19.100,  0.099,0,0,247, 25.000, 12.715,-37.407, -0.009, 13.299, 13.850, -0.583, 13.302, 13.299,  0.003,  0.899,  0.899,  0.899,
mon_rep230303,2023-03-03T04:44:30, 19.200,  0.100,0,0,247, 25.000, 12.712,-37.587, -0.009, 13.299, 13.850, -0.587, 13.302, 13.299,  0.003,  0.899,  0.899,  0.899,
mon_rep230303,2023-03-03T04:44:30, 19.300,  0.100,0,0,247, 25.000, 12.709,-37.767, -0.009, 13.299, 13.850, -0.590, 13.302, 13.299,  0.003,  0.899,  0.899,  0.899,
