X,CH1,CH2,CH3,Start,Increment
Sequence,VOLT,VOLT,VOLT,-3.00E-2,5.00E-5
0,-3.60E-2,4.80E-1,1.76E+0
1,1.20E-2,5.60E-1,1.64E+0
2,-2.00E-2,5.60E-1,1.76E+0
3,1.00E-2,4.80E-1,1.64E+0
4,-1.60E-2,5.60E-1,1.76E+0
5,1.00E-2,4.80E-1,1.68E+0
6,-1.60E-2,4.80E-1,1.68E+0
7,1.00E-2,5.60E-1,1.76E+0
8,-1.80E-2,5.60E-1,1.76E+0
9,1.20E-2,4.80E-1,1.68E+0
10,-1.80E-2,5.60E-1,1.76E+0
11,1.40E-2,4.80E-1,1.64E+0
12,-1.80E-2,5.60E-1,1.76E+0
13,1.40E-2,4.80E-1,1.64E+0
14,-2.20E-2,5.60E-1,1.68E+0
15,1.00E-2,4.80E-1,1.76E+0
16,1.40E-2,5.60E-1,1.76E+0
17,-1.80E-2,4.80E-1,1.64E+0
18,1.00E-2,5.60E-1,1.68E+0
19,-1.80E-2,4.80E-1,1.76E+0
20,1.40E-2,5.60E-1,1.76E+0
21,-2.00E-2,4.80E-1,1.64E+0
22,-1.80E-2,5.60E-1,1.76E+0
23,1.20E-2,5.20E-1,1.64E+0
24,-1.80E-2,5.60E-1,1.68E+0
25,1.40E-2,5.20E-1,1.76E+0
26,1.00E-2,5.20E-1,1.76E+0
27,-2.00E-2,5.60E-1,1.64E+0
28,-1.60E-2,5.60E-1,1.76E+0
29,1.20E-2,4.80E-1,1.68E+0
30,1.40E-2,5.60E-1,1.76E+0
31,-1.80E-2,4.80E-1,1.64E+0
32,1.40E-2,5.60E-1,1.68E+0
33,-1.80E-2,5.20E-1,1.76E+0
34,-1.60E-2,5.60E-1,1.76E+0
35,1.20E-2,5.20E-1,1.68E+0
36,1.20E-2,5.60E-1,1.76E+0
37,-1.80E-2,5.20E-1,1.64E+0
38,-1.60E-2,5.60E-1,1.68E+0
39,1.20E-2,5.20E-1,1.76E+0
40,-1.80E-2,5.60E-1,1.68E+0
41,1.00E-2,4.80E-1,1.76E+0
42,-1.60E-2,5.60E-1,1.76E+0
43,1.40E-2,5.20E-1,1.64E+0
44,-1.80E-2,5.60E-1,1.64E+0
45,1.20E-2,5.20E-1,1.76E+0
46,-2.00E-2,5.60E-1,1.68E+0
47,1.20E-2,4.80E-1,1.76E+0
48,-1.80E-2,5.60E-1,1.68E+0
49,1.20E-2,4.80E-1,1.76E+0
50,-1.80E-2,5.60E-1,1.68E+0
51,1.40E-2,5.20E-1,1.76E+0
52,1.20E-2,5.60E-1,1.76E+0
53,-1.80E-2,5.20E-1,1.64E+0
54,1.20E-2,5.60E-1,1.76E+0
55,-2.00E-2,4.80E-1,1.64E+0
56,1.20E-2,5.60E-1,1.76E+0
57,-1.80E-2,5.20E-1,1.68E+0
58,-2.20E-2,5.60E-1,1.76E+0
59,1.20E-2,5.20E-1,1.64E+0
60,-2.00E-2,5.60E-1,1.76E+0
61,1.20E-2,4.80E-1,1.64E+0
62,2.20E-2,5.20E-1,1.68E+0
63,-2.20E-2,5.60E-1,1.76E+0
64,-1.60E-2,5.20E-1,1.76E+0
65,1.40E-2,5.60E-1,1.64E+0
66,1.00E-2,5.60E-1,1.76E+0
67,-2.00E-2,4.80E-1,1.64E+0
68,1.20E-2,5.60E-1,1.76E+0
69,-1.80E-2,4.80E-1,1.64E+0
70,1.20E-2,5.60E-1,1.76E+0
71,-1.80E-2,4.80E-1,1.64E+0
72,-2.00E-2,5.60E-1,1.68E+0
73,1.20E-2,5.20E-1,1.76E+0
74,1.40E-2,5.60E-1,1.76E+0
75,-2.20E-2,4.80E-1,1.64E+0
76,1.40E-2,5.60E-1,1.76E+0
77,-1.80E-2,4.80E-1,1.64E+0
78,-2.00E-2,5.60E-1,1.76E+0
79,1.40E-2,4.80E-1,1.64E+0
80,-1.80E-2,5.60E-1,1.76E+0
81,2.40E-2,4.80E-1,1.64E+0
82,-3.40E-2,5.60E-1,1.76E+0
83,1.60E-2,4.80E-1,1.68E+0
84,-3.80E-2,5.60E-1,1.76E+0
85,1.40E-2,4.80E-1,1.64E+0
86,2.20E-2,5.60E-1,1.68E+0
87,-4.00E-2,4.80E-1,1.76E+0
88,1.60E-2,5.60E-1,1.68E+0
89,-4.60E-2,4.80E-1,1.76E+0
90,1.80E-2,5.60E-1,1.68E+0
91,-5.00E-2,4.80E-1,1.76E+0
92,2.40E-2,4.80E-1,1.76E+0
93,-5.20E-2,5.60E-1,1.68E+0
94,-6.00E-2,5.60E-1,1.76E+0
95,1.40E-2,4.80E-1,1.64E+0
96,-6.40E-2,4.80E-1,1.76E+0
97,8.00E-3,5.60E-1,1.64E+0
98,1.20E-2,5.20E-1,1.68E+0
99,-7.00E-2,4.00E-1,1.76E+0
100,2.00E-3,4.00E-1,1.76E+0
101,-7.80E-2,5.20E-1,1.64E+0
102,-8.80E-2,5.20E-1,1.76E+0
103,1.80E-2,4.00E-1,1.64E+0
104,-8.80E-2,5.20E-1,1.68E+0
105,2.00E-3,3.60E-1,1.76E+0
106,-9.00E-2,4.40E-1,1.76E+0
107,-6.00E-3,3.60E-1,1.64E+0
108,-8.00E-3,4.40E-1,1.76E+0
109,-9.60E-2,3.60E-1,1.64E+0
110,-8.00E-3,4.40E-1,1.76E+0
111,-1.04E-1,3.20E-1,1.64E+0
112,-2.00E-3,4.00E-1,1.68E+0
113,-1.08E-1,2.80E-1,1.76E+0
114,-1.06E-1,2.80E-1,1.68E+0
115,-1.60E-2,4.00E-1,1.76E+0
116,-1.60E-2,4.00E-1,1.76E+0
117,-1.06E-1,2.40E-1,1.64E+0
118,-2.20E-2,3.20E-1,1.76E+0
119,-1.12E-1,2.40E-1,1.64E+0
120,-1.60E-2,3.20E-1,1.64E+0
121,-1.10E-1,2.40E-1,1.76E+0
122,-1.08E-1,2.40E-1,1.76E+0
123,-2.60E-2,3.20E-1,1.64E+0
124,-1.06E-1,3.20E-1,1.76E+0
125,-2.60E-2,2.00E-1,1.64E+0
126,-1.40E-2,3.20E-1,1.76E+0
127,-1.02E-1,2.00E-1,1.68E+0
128,-1.00E-1,2.80E-1,1.76E+0
129,-2.60E-2,1.60E-1,1.64E+0
130,-1.22E-1,2.80E-1,1.76E+0
131,-2.80E-2,1.60E-1,1.64E+0
132,-6.20E-2,2.00E-1,1.76E+0
133,-1.20E-2,3.20E-1,1.64E+0
134,-7.80E-2,2.40E-1,1.68E+0
135,-2.00E-3,4.00E-1,1.76E+0
136,-3.40E-2,3.20E-1,1.68E+0
137,6.00E-3,4.40E-1,1.76E+0
138,1.00E-2,4.00E-1,1.76E+0
139,-3.40E-2,5.20E-1,1.64E+0
140,1.80E-2,4.00E-1,1.76E+0
141,-5.20E-2,5.20E-1,1.64E+0
142,1.20E-2,4.80E-1,1.76E+0
143,-6.20E-2,5.20E-1,1.68E+0
144,8.00E-3,4.80E-1,1.68E+0
145,-5.40E-2,5.20E-1,1.76E+0
146,-5.40E-2,4.80E-1,1.68E+0
147,8.00E-3,5.60E-1,1.76E+0
148,-6.00E-2,4.80E-1,1.76E+0
149,1.00E-2,5.60E-1,1.64E+0
150,1.20E-2,4.80E-1,1.76E+0
151,-4.20E-2,5.60E-1,1.64E+0
152,1.00E-2,4.80E-1,1.68E+0
153,-4.00E-2,5.60E-1,1.76E+0
154,1.40E-2,4.80E-1,1.76E+0
155,-4.60E-2,5.60E-1,1.68E+0
156,-4.80E-2,4.80E-1,1.76E+0
157,1.40E-2,5.60E-1,1.68E+0
158,-4.00E-2,4.80E-1,1.76E+0
159,1.20E-2,5.60E-1,1.64E+0
160,-2.80E-2,5.60E-1,1.76E+0
161,1.80E-2,4.80E-1,1.64E+0
162,-3.80E-2,5.60E-1,1.76E+0
163,1.60E-2,4.80E-1,1.64E+0
164,1.80E-2,4.80E-1,1.76E+0
165,-3.80E-2,5.60E-1,1.64E+0
166,-4.20E-2,5.60E-1,1.76E+0
167,1.20E-2,4.80E-1,1.64E+0
168,1.00E-2,5.60E-1,1.68E+0
169,-4.80E-2,4.80E-1,1.76E+0
170,1.40E-2,5.60E-1,1.76E+0
171,-5.80E-2,4.80E-1,1.64E+0
172,1.00E-2,4.80E-1,1.76E+0
173,-6.20E-2,5.60E-1,1.64E+0
174,6.00E-3,5.60E-1,1.76E+0
175,-6.60E-2,4.80E-1,1.64E+0
176,-6.80E-2,5.20E-1,1.76E+0
177,8.00E-3,4.00E-1,1.64E+0
178,2.00E-3,4.00E-1,1.68E+0
179,-8.20E-2,5.20E-1,1.76E+0
180,0.00E+0,5.20E-1,1.68E+0
181,-8.40E-2,4.00E-1,1.76E+0
182,0.00E+0,5.20E-1,1.76E+0
183,-8.80E-2,3.60E-1,1.64E+0
184,-4.00E-3,4.40E-1,1.76E+0
185,-9.00E-2,3.60E-1,1.64E+0
186,-7.80E-2,4.40E-1,1.68E+0
187,-6.00E-3,3.60E-1,1.76E+0
188,-1.00E-2,3.60E-1,1.76E+0
189,-6.80E-2,4.40E-1,1.64E+0
190,-6.60E-2,4.00E-1,1.68E+0
191,-8.00E-3,2.80E-1,1.76E+0
192,-6.60E-2,4.00E-1,1.76E+0
193,-4.00E-3,2.80E-1,1.64E+0
194,-6.60E-2,3.60E-1,1.76E+0
195,0.00E+0,4.40E-1,1.64E+0
196,-5.00E-2,3.60E-1,1.64E+0
197,6.00E-3,4.40E-1,1.76E+0
198,-2.80E-2,4.00E-1,1.68E+0
199,4.00E-3,5.20E-1,1.76E+0
200,-2.40E-2,5.20E-1,1.76E+0
201,8.00E-3,4.00E-1,1.68E+0
202,-1.60E-2,4.80E-1,1.76E+0
203,1.00E-2,5.60E-1,1.64E+0
204,-1.60E-2,5.60E-1,1.76E+0
205,1.40E-2,4.80E-1,1.64E+0
206,-2.40E-2,5.60E-1,1.76E+0
207,2.00E-2,4.80E-1,1.64E+0
208,-3.20E-2,5.20E-1,1.68E+0
209,1.60E-2,5.60E-1,1.76E+0
210,-3.80E-2,5.60E-1,1.76E+0
211,1.60E-2,4.80E-1,1.64E+0
212,1.20E-2,5.60E-1,1.76E+0
213,-4.20E-2,4.80E-1,1.68E+0
214,1.60E-2,5.60E-1,1.64E+0
215,-5.00E-2,4.80E-1,1.76E+0
216,-4.60E-2,5.60E-1,1.76E+0
217,1.60E-2,4.80E-1,1.64E+0
218,1.00E-2,5.60E-1,1.68E+0
219,-6.00E-2,4.80E-1,1.76E+0
220,6.00E-3,4.80E-1,1.76E+0
221,-6.00E-2,5.60E-1,1.68E+0
222,4.00E-3,5.60E-1,1.68E+0
223,-6.60E-2,4.80E-1,1.76E+0
224,6.00E-3,5.20E-1,1.76E+0
225,-7.20E-2,4.00E-1,1.64E+0
226,0.00E+0,5.20E-1,1.76E+0
227,-7.60E-2,4.00E-1,1.64E+0
228,-8.20E-2,4.00E-1,1.76E+0
229,2.00E-3,5.20E-1,1.64E+0
230,-2.00E-3,5.20E-1,1.76E+0
231,-8.60E-2,3.60E-1,1.68E+0
232,-6.00E-3,4.40E-1,1.64E+0
233,-9.60E-2,3.60E-1,1.76E+0
234,-6.00E-3,3.60E-1,1.76E+0
235,-8.80E-2,4.40E-1,1.64E+0
236,-1.00E-2,4.40E-1,1.76E+0
237,-9.60E-2,2.80E-1,1.64E+0
238,-1.04E-1,4.00E-1,1.76E+0
239,-1.40E-2,2.80E-1,1.64E+0
240,-1.08E-1,4.00E-1,1.76E+0
241,-1.40E-2,2.80E-1,1.64E+0
242,-6.40E-2,4.00E-1,1.76E+0
243,-6.00E-3,2.80E-1,1.64E+0
244,-6.20E-2,3.60E-1,1.68E+0
245,4.00E-3,4.40E-1,1.76E+0
246,-6.60E-2,3.60E-1,1.76E+0
247,1.40E-2,5.20E-1,1.64E+0
248,4.00E-3,4.00E-1,1.76E+0
249,-4.00E-2,5.20E-1,1.64E+0
250,6.00E-3,4.00E-1,1.68E+0
251,-3.00E-2,5.20E-1,1.76E+0
252,0.00E+0,4.00E-1,1.76E+0
253,-7.80E-2,5.20E-1,1.64E+0
254,0.00E+0,5.20E-1,1.68E+0
255,-5.60E-2,3.60E-1,1.76E+0
256,-7.20E-2,4.40E-1,1.76E+0
257,-6.00E-3,3.60E-1,1.64E+0
258,-9.20E-2,4.40E-1,1.76E+0
259,-8.00E-3,3.60E-1,1.64E+0
260,-1.02E-1,4.00E-1,1.76E+0
261,-1.00E-2,2.80E-1,1.64E+0
262,-1.04E-1,4.00E-1,1.68E+0
263,-1.40E-2,2.80E-1,1.76E+0
264,-1.00E-1,2.80E-1,1.68E+0
265,-1.40E-2,4.00E-1,1.76E+0
266,-1.60E-2,4.00E-1,1.76E+0
267,-1.06E-1,2.40E-1,1.64E+0
268,-2.20E-2,3.20E-1,1.76E+0
269,-1.04E-1,2.40E-1,1.64E+0
270,-1.00E-1,2.40E-1,1.64E+0
271,-2.00E-2,3.20E-1,1.76E+0
272,-9.00E-2,2.40E-1,1.68E+0
273,-1.20E-2,4.00E-1,1.76E+0
274,-6.40E-2,2.80E-1,1.76E+0
275,0.00E+0,4.40E-1,1.64E+0
276,4.00E-3,3.60E-1,1.76E+0
277,-6.20E-2,4.40E-1,1.64E+0
278,1.00E-2,4.00E-1,1.76E+0
279,-6.60E-2,5.20E-1,1.64E+0
280,-6.40E-2,5.20E-1,1.76E+0
281,6.00E-3,4.00E-1,1.64E+0
282,6.00E-3,5.20E-1,1.76E+0
283,-7.80E-2,4.00E-1,1.64E+0
284,-8.00E-2,5.20E-1,1.76E+0
285,0.00E+0,4.00E-1,1.68E+0
286,-2.00E-3,5.20E-1,1.64E+0
287,-9.00E-2,3.60E-1,1.76E+0
288,-4.00E-3,4.40E-1,1.76E+0
289,-9.60E-2,3.60E-1,1.64E+0
290,-1.00E-2,4.40E-1,1.76E+0
291,-9.60E-2,3.60E-1,1.64E+0
292,-9.40E-2,4.00E-1,1.68E+0
293,-1.00E-2,2.80E-1,1.76E+0
294,-1.06E-1,4.00E-1,1.68E+0
295,-1.20E-2,2.80E-1,1.76E+0
296,-6.60E-2,2.80E-1,1.64E+0
297,0.00E+0,4.40E-1,1.76E+0
298,-2.80E-2,3.60E-1,1.76E+0
299,6.00E-3,5.20E-1,1.64E+0
300,-2.20E-2,4.00E-1,1.76E+0
301,1.20E-2,5.20E-1,1.64E+0
302,-1.40E-2,4.80E-1,1.76E+0
303,1.40E-2,5.60E-1,1.64E+0
304,1.20E-2,4.80E-1,1.76E+0
305,-1.60E-2,5.60E-1,1.64E+0
306,1.40E-2,5.60E-1,1.68E+0
307,-1.80E-2,4.80E-1,1.76E+0
308,-2.40E-2,5.60E-1,1.68E+0
309,1.40E-2,4.80E-1,1.76E+0
310,-2.40E-2,5.60E-1,1.76E+0
311,1.60E-2,5.20E-1,1.64E+0
312,-1.80E-2,5.60E-1,1.64E+0
313,1.40E-2,4.80E-1,1.76E+0
314,1.20E-2,5.60E-1,1.76E+0
315,-2.20E-2,4.80E-1,1.64E+0
316,1.60E-2,5.60E-1,1.68E+0
317,-3.40E-2,4.80E-1,1.76E+0
318,1.40E-2,4.80E-1,1.76E+0
319,-5.00E-2,5.60E-1,1.64E+0
320,8.00E-3,4.80E-1,1.76E+0
321,-5.20E-2,5.60E-1,1.64E+0
322,-5.60E-2,4.80E-1,1.76E+0
323,1.00E-2,5.60E-1,1.64E+0
324,-6.60E-2,5.60E-1,1.76E+0
325,8.00E-3,4.40E-1,1.64E+0
326,-7.20E-2,5.20E-1,1.68E+0
327,4.00E-3,4.00E-1,1.76E+0
328,0.00E+0,5.20E-1,1.76E+0
329,-7.20E-2,4.00E-1,1.68E+0
330,0.00E+0,5.20E-1,1.68E+0
331,-7.80E-2,4.00E-1,1.76E+0
332,-7.20E-2,4.00E-1,1.76E+0
333,2.00E-3,5.20E-1,1.64E+0
334,-3.80E-2,4.00E-1,1.76E+0
335,8.00E-3,5.20E-1,1.68E+0
336,-3.00E-2,4.00E-1,1.76E+0
337,1.00E-2,5.60E-1,1.68E+0
338,-3.60E-2,4.80E-1,1.68E+0
339,1.40E-2,5.60E-1,1.76E+0
340,-1.80E-2,5.60E-1,1.64E+0
341,1.80E-2,4.80E-1,1.76E+0
342,-2.00E-2,4.80E-1,1.76E+0
343,1.20E-2,5.60E-1,1.64E+0
344,-1.60E-2,5.60E-1,1.64E+0
345,1.20E-2,4.80E-1,1.76E+0
346,-2.00E-2,5.60E-1,1.76E+0
347,1.20E-2,4.80E-1,1.64E+0
348,-1.80E-2,5.60E-1,1.68E+0
349,1.20E-2,5.20E-1,1.76E+0
350,-1.80E-2,5.60E-1,1.76E+0
351,1.20E-2,4.80E-1,1.68E+0
352,1.20E-2,4.80E-1,1.76E+0
353,-1.80E-2,5.60E-1,1.64E+0
354,1.20E-2,5.60E-1,1.76E+0
355,-1.80E-2,4.80E-1,1.64E+0
356,-1.60E-2,5.60E-1,1.76E+0
357,1.40E-2,5.20E-1,1.64E+0
358,1.20E-2,5.60E-1,1.68E+0
359,-1.80E-2,4.80E-1,1.76E+0
360,1.20E-2,5.60E-1,1.76E+0
361,-1.80E-2,4.80E-1,1.64E+0
362,1.20E-2,5.60E-1,1.68E+0
363,-1.80E-2,5.20E-1,1.76E+0
364,-1.80E-2,5.60E-1,1.76E+0
365,1.20E-2,4.80E-1,1.64E+0
366,-1.80E-2,5.60E-1,1.64E+0
367,1.20E-2,4.80E-1,1.76E+0
368,1.00E-2,5.60E-1,1.68E+0
369,-1.60E-2,5.20E-1,1.76E+0
370,-1.80E-2,5.60E-1,1.68E+0
371,1.20E-2,4.80E-1,1.76E+0
372,1.20E-2,5.20E-1,1.68E+0
373,-1.80E-2,5.60E-1,1.76E+0
374,1.20E-2,5.60E-1,1.68E+0
375,-1.80E-2,4.80E-1,1.76E+0
376,1.20E-2,5.60E-1,1.76E+0
377,-1.80E-2,4.80E-1,1.64E+0
378,1.20E-2,5.60E-1,1.76E+0
379,-1.80E-2,5.20E-1,1.64E+0
380,-1.60E-2,5.60E-1,1.68E+0
381,1.20E-2,4.80E-1,1.76E+0
382,-2.00E-2,5.60E-1,1.68E+0
383,1.20E-2,4.80E-1,1.76E+0
384,1.20E-2,5.60E-1,1.76E+0
385,-1.80E-2,4.80E-1,1.64E+0
386,1.40E-2,5.60E-1,1.76E+0
387,-1.80E-2,5.20E-1,1.64E+0
388,1.20E-2,5.60E-1,1.76E+0
389,-1.80E-2,5.20E-1,1.64E+0
390,1.60E-2,5.60E-1,1.68E+0
391,-1.80E-2,4.80E-1,1.76E+0
392,1.20E-2,5.60E-1,1.76E+0
393,-1.80E-2,4.80E-1,1.64E+0
394,-1.80E-2,5.60E-1,1.68E+0
395,1.40E-2,4.80E-1,1.76E+0
396,-1.80E-2,4.80E-1,1.64E+0
397,1.40E-2,5.60E-1,1.76E+0
398,-1.80E-2,5.60E-1,1.76E+0
399,1.40E-2,5.20E-1,1.64E+0
400,-2.00E-2,5.60E-1,1.76E+0
401,2.40E-2,5.20E-1,1.64E+0
402,1.40E-2,5.60E-1,1.68E+0
403,-2.20E-2,4.80E-1,1.76E+0
404,1.20E-2,5.60E-1,1.76E+0
405,-2.60E-2,4.80E-1,1.64E+0
406,-1.80E-2,5.60E-1,1.76E+0
407,1.40E-2,4.80E-1,1.64E+0
408,1.20E-2,5.60E-1,1.76E+0
409,-1.80E-2,4.80E-1,1.64E+0
410,-1.80E-2,5.20E-1,1.76E+0
411,1.40E-2,5.60E-1,1.64E+0
412,1.20E-2,5.60E-1,1.68E+0
413,-1.80E-2,5.20E-1,1.76E+0
414,-1.80E-2,5.60E-1,1.68E+0
415,2.40E-2,4.80E-1,1.76E+0
416,1.40E-2,5.60E-1,1.68E+0
417,-3.40E-2,4.80E-1,1.76E+0
418,1.60E-2,5.60E-1,1.76E+0
419,-3.80E-2,4.80E-1,1.64E+0
420,1.20E-2,5.60E-1,1.64E+0
421,-3.80E-2,4.80E-1,1.76E+0
422,-3.80E-2,5.60E-1,1.68E+0
423,1.20E-2,4.80E-1,1.76E+0
424,2.00E-2,4.80E-1,1.68E+0
425,-5.00E-2,5.60E-1,1.76E+0
426,-4.80E-2,5.60E-1,1.76E+0
427,1.40E-2,4.80E-1,1.64E+0
428,-4.00E-2,5.60E-1,1.76E+0
429,8.00E-3,4.80E-1,1.64E+0
430,-3.80E-2,4.80E-1,1.76E+0
431,1.00E-2,5.60E-1,1.64E+0
432,4.00E-3,5.20E-1,1.76E+0
433,-3.80E-2,4.00E-1,1.64E+0
434,8.00E-3,5.20E-1,1.68E+0
435,-4.60E-2,4.00E-1,1.76E+0
436,2.00E-3,5.20E-1,1.76E+0
437,-5.00E-2,4.00E-1,1.64E+0
438,6.00E-3,5.20E-1,1.76E+0
439,-8.20E-2,4.00E-1,1.64E+0
440,-9.40E-2,4.40E-1,1.76E+0
441,-4.00E-3,3.60E-1,1.64E+0
442,-9.80E-2,4.40E-1,1.64E+0
443,-4.00E-3,3.60E-1,1.76E+0
444,-1.02E-1,3.60E-1,1.68E+0
445,-4.00E-3,4.40E-1,1.76E+0
446,-1.06E-1,4.00E-1,1.76E+0
447,-1.20E-2,2.80E-1,1.64E+0
448,-1.06E-1,2.80E-1,1.68E+0
449,-1.20E-2,4.00E-1,1.76E+0
450,-1.08E-1,2.80E-1,1.64E+0
451,-1.40E-2,4.00E-1,1.76E+0
452,-1.16E-1,3.60E-1,1.76E+0
453,-2.00E-2,2.40E-1,1.64E+0
454,-1.14E-1,2.40E-1,1.68E+0
455,-2.20E-2,3.20E-1,1.76E+0
456,-2.60E-2,2.40E-1,1.76E+0
457,-1.04E-1,3.20E-1,1.64E+0
458,-1.02E-1,2.40E-1,1.68E+0
459,-2.00E-2,3.20E-1,1.76E+0
460,-1.02E-1,2.40E-1,1.76E+0
461,-2.60E-2,3.20E-1,1.64E+0
462,-1.00E-1,1.60E-1,1.64E+0
463,-2.60E-2,2.80E-1,1.76E+0
464,-2.80E-2,1.60E-1,1.76E+0
465,-9.40E-2,2.80E-1,1.64E+0
466,-2.80E-2,2.80E-1,1.68E+0
467,-1.20E-1,1.60E-1,1.76E+0
468,-1.10E-1,2.00E-1,1.76E+0
469,-1.80E-2,3.20E-1,1.64E+0
470,-5.40E-2,2.40E-1,1.76E+0
471,0.00E+0,4.00E-1,1.64E+0
472,-2.60E-2,2.80E-1,1.76E+0
473,1.00E-2,5.20E-1,1.64E+0
474,-1.60E-2,4.00E-1,1.76E+0
475,1.40E-2,5.20E-1,1.64E+0
476,-1.60E-2,4.80E-1,1.68E+0
477,1.80E-2,5.60E-1,1.76E+0
478,-1.80E-2,5.60E-1,1.76E+0
479,1.40E-2,4.80E-1,1.64E+0
480,-1.80E-2,5.60E-1,1.68E+0
481,1.60E-2,5.20E-1,1.76E+0
482,-2.00E-2,4.80E-1,1.76E+0
483,1.40E-2,6.40E-1,1.64E+0
484,-3.20E-2,4.80E-1,1.76E+0
485,2.00E-2,5.60E-1,1.64E+0
486,-2.00E-2,5.60E-1,1.76E+0
487,1.80E-2,4.80E-1,1.64E+0
488,1.40E-2,5.60E-1,1.76E+0
489,-3.80E-2,4.80E-1,1.68E+0
490,1.40E-2,4.80E-1,1.76E+0
491,-3.60E-2,5.60E-1,1.64E+0
492,-2.40E-2,4.80E-1,1.76E+0
493,1.00E-2,5.60E-1,1.64E+0
494,-5.60E-2,5.60E-1,1.76E+0
495,1.20E-2,4.80E-1,1.64E+0
496,-5.60E-2,4.80E-1,1.76E+0
497,1.00E-2,5.60E-1,1.64E+0
498,6.00E-3,5.20E-1,1.68E+0
499,-6.00E-2,4.00E-1,1.76E+0
500,6.00E-3,5.20E-1,1.68E+0
501,-7.40E-2,4.00E-1,1.76E+0
502,2.00E-3,5.20E-1,1.76E+0
503,-8.00E-2,4.00E-1,1.68E+0
504,0.00E+0,5.20E-1,1.76E+0
505,-8.40E-2,4.00E-1,1.64E+0
506,-2.00E-3,4.80E-1,1.76E+0
507,-8.60E-2,3.60E-1,1.64E+0
508,-6.00E-3,4.40E-1,1.68E+0
509,-9.60E-2,3.60E-1,1.76E+0
510,-6.00E-3,3.60E-1,1.76E+0
511,-9.80E-2,4.40E-1,1.68E+0
512,-6.00E-3,4.40E-1,1.76E+0
513,-9.60E-2,2.80E-1,1.68E+0
514,-1.20E-2,4.00E-1,1.76E+0
515,-9.80E-2,2.80E-1,1.64E+0
516,-1.04E-1,2.80E-1,1.76E+0
517,-1.60E-2,4.00E-1,1.64E+0
518,-1.12E-1,2.80E-1,1.76E+0
519,-1.20E-2,4.00E-1,1.64E+0
520,-5.60E-2,2.80E-1,1.68E+0
521,2.00E-3,4.40E-1,1.76E+0
522,-2.40E-2,3.60E-1,1.68E+0
523,8.00E-3,5.20E-1,1.76E+0
524,-1.80E-2,5.20E-1,1.68E+0
525,1.20E-2,4.00E-1,1.76E+0
526,1.20E-2,4.80E-1,1.64E+0
527,-1.60E-2,5.60E-1,1.76E+0
528,1.40E-2,4.80E-1,1.76E+0
529,-1.60E-2,5.60E-1,1.64E+0
530,1.40E-2,5.60E-1,1.68E+0
531,-1.40E-2,4.80E-1,1.76E+0
532,1.20E-2,5.60E-1,1.76E+0
533,-1.60E-2,5.20E-1,1.64E+0
534,1.20E-2,5.20E-1,1.68E+0
535,-1.60E-2,6.00E-1,1.76E+0
536,1.20E-2,5.60E-1,1.76E+0
537,-1.80E-2,5.20E-1,1.64E+0
538,1.20E-2,5.60E-1,1.76E+0
539,-1.80E-2,5.20E-1,1.64E+0
540,-1.80E-2,5.60E-1,1.76E+0
541,1.20E-2,5.20E-1,1.64E+0
542,-2.00E-2,5.60E-1,1.68E+0
543,1.20E-2,4.80E-1,1.76E+0
544,1.60E-2,5.60E-1,1.68E+0
545,-1.80E-2,4.80E-1,1.76E+0
546,-3.20E-2,5.60E-1,1.76E+0
547,1.40E-2,4.80E-1,1.64E+0
548,-2.00E-2,5.60E-1,1.76E+0
549,1.40E-2,4.80E-1,1.64E+0
550,1.40E-2,4.80E-1,1.76E+0
551,-2.20E-2,5.60E-1,1.64E+0
552,1.60E-2,5.60E-1,1.76E+0
553,-2.20E-2,4.80E-1,1.68E+0
554,-4.00E-2,5.60E-1,1.76E+0
555,1.00E-2,4.80E-1,1.64E+0
556,1.40E-2,4.80E-1,1.76E+0
557,-3.80E-2,5.60E-1,1.68E+0
558,8.00E-3,4.80E-1,1.76E+0
559,-6.20E-2,5.60E-1,1.64E+0
560,-6.60E-2,4.40E-1,1.76E+0
561,6.00E-3,5.60E-1,1.64E+0
562,2.00E-3,5.20E-1,1.64E+0
563,-7.40E-2,4.00E-1,1.76E+0
564,6.00E-3,5.20E-1,1.76E+0
565,-8.00E-2,4.00E-1,1.64E+0
566,4.00E-3,4.00E-1,1.68E+0
567,-8.00E-2,5.20E-1,1.76E+0
568,-8.20E-2,5.20E-1,1.76E+0
569,-2.00E-3,3.60E-1,1.64E+0
570,-8.80E-2,3.60E-1,1.76E+0
571,-4.00E-3,4.40E-1,1.64E+0
572,-9.40E-2,3.60E-1,1.68E+0
573,-1.00E-2,4.40E-1,1.76E+0
574,-1.02E-1,3.60E-1,1.76E+0
575,-8.00E-3,4.40E-1,1.64E+0
576,-1.20E-2,4.00E-1,1.68E+0
577,-1.00E-1,2.80E-1,1.76E+0
578,-1.40E-2,4.00E-1,1.76E+0
579,-1.04E-1,2.80E-1,1.64E+0
580,-1.08E-1,2.80E-1,1.64E+0
581,-1.60E-2,4.00E-1,1.76E+0
582,-9.80E-2,3.20E-1,1.64E+0
583,-1.60E-2,2.40E-1,1.76E+0
584,-2.20E-2,3.20E-1,1.68E+0
585,-9.40E-2,2.40E-1,1.76E+0
586,-9.40E-2,2.40E-1,1.76E+0
587,-2.00E-2,3.20E-1,1.64E+0
588,-1.10E-1,2.40E-1,1.68E+0
589,-2.40E-2,3.20E-1,1.76E+0
590,-7.00E-2,2.40E-1,1.76E+0
591,-2.00E-3,4.00E-1,1.64E+0
592,-5.00E-2,2.80E-1,1.76E+0
593,6.00E-3,4.40E-1,1.64E+0
594,-5.20E-2,3.60E-1,1.76E+0
595,1.80E-2,5.20E-1,1.64E+0
596,1.40E-2,4.00E-1,1.76E+0
597,-5.40E-2,5.20E-1,1.64E+0
598,1.40E-2,4.80E-1,1.76E+0
599,-5.60E-2,5.20E-1,1.68E+0
600,1.20E-2,5.20E-1,1.76E+0
601,-5.80E-2,4.80E-1,1.64E+0
602,1.00E-2,5.20E-1,1.76E+0
603,-6.80E-2,4.00E-1,1.64E+0
604,2.00E-3,5.20E-1,1.76E+0
605,-7.80E-2,4.00E-1,1.64E+0
606,-7.80E-2,5.20E-1,1.68E+0
607,2.00E-3,4.00E-1,1.76E+0
608,2.00E-3,4.00E-1,1.68E+0
609,-4.80E-2,5.20E-1,1.76E+0
610,-5.20E-2,4.40E-1,1.76E+0
611,-4.00E-3,3.60E-1,1.68E+0
612,-6.60E-2,3.60E-1,1.64E+0
613,-2.00E-3,4.40E-1,1.76E+0
614,-1.20E-2,4.40E-1,1.76E+0
615,-8.60E-2,2.80E-1,1.64E+0
616,-1.40E-2,4.00E-1,1.76E+0
617,-6.00E-2,2.80E-1,1.64E+0
618,-1.60E-2,4.00E-1,1.76E+0
619,-1.06E-1,2.80E-1,1.64E+0
620,-1.60E-2,2.80E-1,1.68E+0
621,-9.80E-2,4.00E-1,1.76E+0
622,-1.80E-2,3.20E-1,1.76E+0
623,-1.02E-1,2.40E-1,1.64E+0
624,-1.16E-1,3.20E-1,1.76E+0
625,-1.80E-2,2.40E-1,1.64E+0
626,-9.80E-2,2.40E-1,1.76E+0
627,-1.40E-2,4.00E-1,1.64E+0
628,-6.40E-2,2.80E-1,1.76E+0
629,-2.00E-3,4.00E-1,1.64E+0
630,-3.20E-2,3.60E-1,1.76E+0
631,6.00E-3,4.80E-1,1.68E+0
632,-2.20E-2,5.20E-1,1.76E+0
633,1.40E-2,4.00E-1,1.64E+0
634,-1.80E-2,4.80E-1,1.76E+0
635,1.40E-2,5.60E-1,1.64E+0
636,1.40E-2,4.80E-1,1.68E+0
637,-2.00E-2,5.60E-1,1.76E+0
638,1.60E-2,5.60E-1,1.76E+0
639,-2.60E-2,4.80E-1,1.68E+0
640,-3.40E-2,5.60E-1,1.76E+0
641,1.80E-2,4.80E-1,1.64E+0
642,-3.80E-2,5.60E-1,1.76E+0
643,1.60E-2,4.80E-1,1.68E+0
644,-4.20E-2,4.80E-1,1.76E+0
645,1.40E-2,5.60E-1,1.64E+0
646,-5.00E-2,4.80E-1,1.76E+0
647,1.60E-2,5.60E-1,1.64E+0
648,1.40E-2,4.80E-1,1.76E+0
649,-4.80E-2,5.60E-1,1.64E+0
650,1.00E-2,4.80E-1,1.76E+0
651,-5.00E-2,5.60E-1,1.68E+0
652,-5.40E-2,4.80E-1,1.68E+0
653,1.00E-2,5.60E-1,1.76E+0
654,1.00E-2,4.80E-1,1.76E+0
655,-5.20E-2,5.60E-1,1.64E+0
656,4.00E-3,4.80E-1,1.76E+0
657,-5.60E-2,5.60E-1,1.68E+0
658,6.00E-3,5.20E-1,1.76E+0
659,-7.20E-2,4.00E-1,1.64E+0
660,-7.00E-2,5.20E-1,1.68E+0
661,4.00E-3,4.00E-1,1.76E+0
662,-6.20E-2,5.20E-1,1.76E+0
663,4.00E-3,4.00E-1,1.64E+0
664,-5.60E-2,5.20E-1,1.76E+0
665,8.00E-3,4.00E-1,1.68E+0
666,-2.20E-2,5.20E-1,1.76E+0
667,8.00E-3,4.00E-1,1.64E+0
668,1.20E-2,4.80E-1,1.76E+0
669,-2.00E-2,5.60E-1,1.64E+0
670,1.20E-2,4.80E-1,1.76E+0
671,-1.80E-2,5.60E-1,1.64E+0
672,-1.60E-2,5.60E-1,1.68E+0
673,1.20E-2,4.80E-1,1.76E+0
674,-1.80E-2,5.60E-1,1.68E+0
675,1.60E-2,4.80E-1,1.76E+0
676,-2.00E-2,5.60E-1,1.76E+0
677,1.40E-2,4.80E-1,1.64E+0
678,1.00E-2,5.60E-1,1.76E+0
679,-1.60E-2,5.20E-1,1.64E+0
680,-1.80E-2,5.60E-1,1.68E+0
681,1.40E-2,4.80E-1,1.76E+0
682,1.00E-2,5.60E-1,1.76E+0
683,-1.80E-2,4.80E-1,1.64E+0
684,-2.00E-2,5.60E-1,1.68E+0
685,1.20E-2,4.80E-1,1.76E+0
686,1.20E-2,5.60E-1,1.68E+0
687,-1.80E-2,4.80E-1,1.76E+0
688,-1.80E-2,5.60E-1,1.64E+0
689,1.20E-2,4.80E-1,1.76E+0
690,-1.80E-2,5.60E-1,1.76E+0
691,1.40E-2,4.80E-1,1.68E+0
692,1.20E-2,5.60E-1,1.68E+0
693,-1.60E-2,4.80E-1,1.76E+0
694,1.40E-2,4.80E-1,1.68E+0
695,-2.00E-2,5.60E-1,1.76E+0
696,-1.60E-2,5.60E-1,1.76E+0
697,1.20E-2,4.80E-1,1.64E+0
698,-1.80E-2,5.60E-1,1.76E+0
699,1.40E-2,4.80E-1,1.64E+0
700,-1.60E-2,5.60E-1,1.76E+0
701,1.20E-2,4.80E-1,1.64E+0
702,-1.60E-2,5.60E-1,1.76E+0
703,1.20E-2,4.80E-1,1.68E+0
704,1.20E-2,5.20E-1,1.76E+0
705,-2.20E-2,5.60E-1,1.64E+0
706,-1.80E-2,5.60E-1,1.68E+0
707,1.20E-2,4.80E-1,1.76E+0
708,-1.80E-2,5.60E-1,1.76E+0
709,1.40E-2,4.80E-1,1.64E+0
710,-2.00E-2,4.80E-1,1.64E+0
711,1.20E-2,5.60E-1,1.76E+0
712,1.00E-2,5.60E-1,1.68E+0
713,-1.80E-2,4.80E-1,1.76E+0
714,1.60E-2,4.80E-1,1.68E+0
715,-1.80E-2,5.60E-1,1.76E+0
716,1.20E-2,5.60E-1,1.68E+0
717,-1.80E-2,5.20E-1,1.76E+0
718,-1.60E-2,5.60E-1,1.76E+0
719,1.20E-2,5.20E-1,1.64E+0
720,-1.80E-2,5.60E-1,1.76E+0
721,1.20E-2,5.20E-1,1.64E+0
722,-2.00E-2,5.60E-1,1.76E+0
723,1.40E-2,5.20E-1,1.64E+0
724,-2.00E-2,5.60E-1,1.76E+0
725,1.20E-2,5.20E-1,1.64E+0
726,1.20E-2,5.60E-1,1.76E+0
727,-2.00E-2,4.80E-1,1.64E+0
728,1.20E-2,5.60E-1,1.76E+0
729,-2.00E-2,5.20E-1,1.68E+0
730,1.20E-2,5.60E-1,1.76E+0
731,-2.00E-2,5.20E-1,1.64E+0
732,1.20E-2,5.60E-1,1.76E+0
733,-1.80E-2,4.80E-1,1.64E+0
734,2.20E-2,5.60E-1,1.76E+0
735,-2.20E-2,4.80E-1,1.64E+0
736,1.60E-2,5.60E-1,1.76E+0
737,-2.00E-2,4.80E-1,1.64E+0
738,1.20E-2,5.60E-1,1.76E+0
739,-2.00E-2,4.80E-1,1.68E+0
740,1.40E-2,5.60E-1,1.76E+0
741,-2.00E-2,4.80E-1,1.64E+0
742,-1.80E-2,5.60E-1,1.76E+0
743,2.60E-2,4.80E-1,1.64E+0
744,-2.00E-2,5.60E-1,1.68E+0
745,1.20E-2,4.80E-1,1.76E+0
746,3.00E-2,5.60E-1,1.76E+0
747,-2.80E-2,4.80E-1,1.64E+0
748,-2.20E-2,5.60E-1,1.76E+0
749,1.60E-2,4.80E-1,1.68E+0
750,1.80E-2,5.60E-1,1.76E+0
751,-4.40E-2,4.80E-1,1.64E+0
752,1.60E-2,5.60E-1,1.76E+0
753,-4.60E-2,4.80E-1,1.64E+0
754,1.60E-2,5.60E-1,1.76E+0
755,-4.40E-2,4.80E-1,1.64E+0
756,1.20E-2,5.60E-1,1.76E+0
757,-4.20E-2,4.80E-1,1.64E+0
758,1.80E-2,5.60E-1,1.68E+0
759,-5.40E-2,4.80E-1,1.76E+0
760,-6.40E-2,4.80E-1,1.68E+0
761,1.20E-2,5.60E-1,1.76E+0
762,1.00E-2,5.60E-1,1.76E+0
763,-7.20E-2,4.40E-1,1.64E+0
764,-6.80E-2,5.20E-1,1.64E+0
765,1.40E-2,4.00E-1,1.76E+0
766,-7.60E-2,4.00E-1,1.76E+0
767,1.20E-2,5.20E-1,1.64E+0
768,0.00E+0,4.00E-1,1.76E+0
769,-8.20E-2,5.20E-1,1.64E+0
770,6.00E-3,5.20E-1,1.68E+0
771,-9.00E-2,3.60E-1,1.76E+0
772,-2.00E-3,4.40E-1,1.76E+0
773,-9.40E-2,3.60E-1,1.64E+0
774,-1.02E-1,4.40E-1,1.76E+0
775,-4.00E-3,3.60E-1,1.64E+0
776,-1.20E-2,4.00E-1,1.76E+0
777,-1.04E-1,2.80E-1,1.64E+0
778,-1.20E-2,2.80E-1,1.68E+0
779,-1.02E-1,4.00E-1,1.76E+0
780,-1.40E-2,2.80E-1,1.64E+0
781,-1.12E-1,4.00E-1,1.76E+0
782,-1.12E-1,2.80E-1,1.68E+0
783,-1.60E-2,3.60E-1,1.76E+0
784,-1.14E-1,3.20E-1,1.76E+0
785,-1.20E-2,2.40E-1,1.64E+0
786,-2.60E-2,3.20E-1,1.76E+0
787,-1.10E-1,2.40E-1,1.64E+0
788,-7.60E-2,2.40E-1,1.76E+0
789,-2.60E-2,3.20E-1,1.64E+0
790,-8.20E-2,2.40E-1,1.76E+0
791,-2.40E-2,3.20E-1,1.64E+0
792,-9.60E-2,2.00E-1,1.68E+0
793,-2.60E-2,3.20E-1,1.76E+0
794,-2.80E-2,2.80E-1,1.76E+0
795,-1.02E-1,1.60E-1,1.64E+0
796,-8.20E-2,2.80E-1,1.64E+0
797,-2.80E-2,1.60E-1,1.76E+0
798,-1.40E-2,2.40E-1,1.76E+0
799,-6.80E-2,3.20E-1,1.64E+0
800,-6.60E-2,2.80E-1,1.76E+0
801,2.00E-3,4.00E-1,1.64E+0
802,-6.00E-2,3.60E-1,1.68E+0
803,1.00E-2,4.40E-1,1.76E+0
804,1.40E-2,4.00E-1,1.76E+0
805,-5.20E-2,5.20E-1,1.64E+0
806,1.20E-2,5.20E-1,1.76E+0
807,-6.00E-2,4.00E-1,1.64E+0
808,-4.80E-2,4.00E-1,1.76E+0
809,1.00E-2,5.60E-1,1.64E+0
810,-2.00E-2,4.80E-1,1.76E+0
811,1.60E-2,5.60E-1,1.64E+0
812,1.00E-2,4.80E-1,1.68E+0
813,-1.80E-2,5.60E-1,1.76E+0
814,-1.80E-2,5.60E-1,1.76E+0
815,1.40E-2,4.80E-1,1.64E+0
816,1.20E-2,5.60E-1,1.76E+0
817,-1.60E-2,4.80E-1,1.64E+0
818,1.20E-2,5.60E-1,1.76E+0
819,-1.80E-2,4.80E-1,1.64E+0
820,1.40E-2,5.60E-1,1.68E+0
821,-2.60E-2,4.80E-1,1.76E+0
822,1.40E-2,5.60E-1,1.76E+0
823,-3.20E-2,4.80E-1,1.64E+0
824,1.40E-2,5.60E-1,1.68E+0
825,-3.80E-2,4.80E-1,1.76E+0
826,1.80E-2,4.80E-1,1.76E+0
827,-4.60E-2,5.60E-1,1.64E+0
828,1.20E-2,4.80E-1,1.76E+0
829,-5.20E-2,5.60E-1,1.64E+0
830,1.20E-2,4.80E-1,1.76E+0
831,-5.00E-2,5.60E-1,1.64E+0
832,-5.80E-2,5.60E-1,1.76E+0
833,1.00E-2,4.80E-1,1.64E+0
834,8.00E-3,5.60E-1,1.68E+0
835,-6.80E-2,4.80E-1,1.76E+0
836,6.00E-3,5.20E-1,1.76E+0
837,-7.00E-2,4.00E-1,1.64E+0
838,4.00E-3,4.00E-1,1.76E+0
839,-6.80E-2,5.20E-1,1.64E+0
840,2.00E-3,5.20E-1,1.76E+0
841,-7.80E-2,4.00E-1,1.64E+0
842,0.00E+0,5.20E-1,1.76E+0
843,-8.40E-2,3.60E-1,1.64E+0
844,-8.40E-2,4.40E-1,1.76E+0
845,-2.00E-3,3.60E-1,1.68E+0
846,-2.00E-3,4.40E-1,1.68E+0
847,-9.40E-2,3.60E-1,1.76E+0
848,-6.00E-3,3.60E-1,1.76E+0
849,-8.00E-2,4.40E-1,1.64E+0
850,-6.20E-2,4.00E-1,1.76E+0
851,-1.20E-2,2.80E-1,1.64E+0
852,-6.60E-2,2.80E-1,1.68E+0
853,-1.20E-2,4.00E-1,1.76E+0
854,-1.60E-2,2.80E-1,1.76E+0
855,-6.40E-2,4.00E-1,1.64E+0
856,-9.80E-2,4.00E-1,1.68E+0
857,-1.00E-2,2.80E-1,1.76E+0
858,-4.00E-3,2.80E-1,1.76E+0
859,-6.00E-2,4.40E-1,1.64E+0
860,-4.60E-2,3.60E-1,1.76E+0
861,8.00E-3,4.40E-1,1.64E+0
862,-2.00E-2,5.20E-1,1.76E+0
863,1.00E-2,4.00E-1,1.68E+0
864,-1.60E-2,4.80E-1,1.76E+0
865,1.40E-2,5.60E-1,1.68E+0
866,-1.80E-2,5.60E-1,1.68E+0
867,1.40E-2,4.80E-1,1.76E+0
868,-1.60E-2,5.60E-1,1.76E+0
869,1.40E-2,4.80E-1,1.64E+0
870,1.60E-2,5.20E-1,1.76E+0
871,-1.80E-2,5.60E-1,1.64E+0
872,1.60E-2,5.60E-1,1.76E+0
873,-1.60E-2,5.20E-1,1.68E+0
874,1.20E-2,4.80E-1,1.76E+0
875,-1.80E-2,5.60E-1,1.68E+0
876,1.60E-2,5.60E-1,1.64E+0
877,-1.80E-2,5.20E-1,1.76E+0
878,1.20E-2,5.60E-1,1.68E+0
879,-1.60E-2,4.80E-1,1.76E+0
880,-2.20E-2,5.60E-1,1.76E+0
881,1.40E-2,4.80E-1,1.64E+0
882,-2.80E-2,5.60E-1,1.76E+0
883,1.40E-2,4.80E-1,1.64E+0
884,-3.40E-2,5.60E-1,1.76E+0
885,1.60E-2,4.80E-1,1.68E+0
886,1.60E-2,5.60E-1,1.68E+0
887,-4.20E-2,4.80E-1,1.76E+0
888,1.40E-2,4.80E-1,1.68E+0
889,-4.80E-2,5.60E-1,1.76E+0
890,1.40E-2,4.80E-1,1.76E+0
891,-5.20E-2,5.60E-1,1.64E+0
892,-5.80E-2,4.80E-1,1.76E+0
893,1.20E-2,5.60E-1,1.64E+0
894,1.20E-2,4.80E-1,1.68E+0
895,-5.80E-2,5.60E-1,1.76E+0
896,6.00E-3,5.60E-1,1.76E+0
897,-6.60E-2,4.00E-1,1.64E+0
898,8.00E-3,5.20E-1,1.76E+0
899,-7.20E-2,4.00E-1,1.64E+0
900,2.00E-3,5.20E-1,1.68E+0
901,-7.80E-2,4.00E-1,1.76E+0
902,-7.80E-2,4.00E-1,1.76E+0
903,2.00E-3,5.20E-1,1.64E+0
904,-7.80E-2,4.40E-1,1.64E+0
905,0.00E+0,3.60E-1,1.76E+0
906,-2.00E-3,4.40E-1,1.76E+0
907,-5.60E-2,3.60E-1,1.64E+0
908,-2.00E-3,4.40E-1,1.76E+0
909,-6.40E-2,3.60E-1,1.64E+0
910,-1.00E-2,4.40E-1,1.68E+0
911,-9.20E-2,3.20E-1,1.76E+0
912,-1.40E-2,4.00E-1,1.76E+0
913,-9.20E-2,2.80E-1,1.64E+0
914,-1.80E-2,4.00E-1,1.76E+0
915,-6.20E-2,2.80E-1,1.64E+0
916,-7.00E-2,4.00E-1,1.76E+0
917,-1.40E-2,2.40E-1,1.64E+0
918,-1.04E-1,3.20E-1,1.76E+0
919,-1.80E-2,2.40E-1,1.64E+0
920,-1.00E-1,3.20E-1,1.68E+0
921,-2.20E-2,2.40E-1,1.76E+0
922,-9.80E-2,3.20E-1,1.76E+0
923,-2.20E-2,2.40E-1,1.64E+0
924,-9.80E-2,3.20E-1,1.64E+0
925,-2.40E-2,2.40E-1,1.76E+0
926,-2.20E-2,2.40E-1,1.64E+0
927,-9.60E-2,3.20E-1,1.76E+0
928,-1.06E-1,2.40E-1,1.68E+0
929,-1.80E-2,3.20E-1,1.76E+0
930,-5.80E-2,2.40E-1,1.68E+0
931,2.00E-3,4.00E-1,1.76E+0
932,-4.00E-2,3.20E-1,1.76E+0
933,1.00E-2,4.40E-1,1.64E+0
934,-4.00E-2,4.00E-1,1.76E+0
935,1.20E-2,5.20E-1,1.64E+0
936,-4.60E-2,4.00E-1,1.76E+0
937,2.00E-2,5.60E-1,1.64E+0
938,1.60E-2,4.80E-1,1.76E+0
939,-5.00E-2,5.60E-1,1.68E+0
940,1.40E-2,5.60E-1,1.76E+0
941,-5.80E-2,4.80E-1,1.64E+0
942,-6.00E-2,4.80E-1,1.68E+0
943,1.20E-2,5.60E-1,1.76E+0
944,1.00E-2,5.60E-1,1.76E+0
945,-6.00E-2,4.00E-1,1.64E+0
946,4.00E-3,5.20E-1,1.76E+0
947,-7.00E-2,4.00E-1,1.64E+0
948,-7.40E-2,4.00E-1,1.64E+0
949,4.00E-3,5.20E-1,1.76E+0
950,0.00E+0,5.20E-1,1.76E+0
951,-8.00E-2,3.60E-1,1.64E+0
952,-2.00E-3,4.40E-1,1.68E+0
953,-8.80E-2,3.60E-1,1.76E+0
954,-8.00E-3,4.40E-1,1.76E+0
955,-9.40E-2,3.60E-1,1.64E+0
956,-9.60E-2,3.60E-1,1.64E+0
957,-4.00E-3,4.40E-1,1.76E+0
958,-8.00E-3,4.40E-1,1.68E+0
959,-1.04E-1,2.80E-1,1.76E+0
960,-1.20E-2,2.80E-1,1.68E+0
961,-1.06E-1,4.00E-1,1.76E+0
962,-1.60E-2,4.00E-1,1.76E+0
963,-1.00E-1,2.80E-1,1.64E+0
964,-9.60E-2,3.20E-1,1.68E+0
965,-2.00E-2,2.40E-1,1.76E+0
966,-1.80E-2,3.20E-1,1.76E+0
967,-1.00E-1,2.40E-1,1.64E+0
968,-5.60E-2,2.40E-1,1.76E+0
969,-8.00E-3,4.00E-1,1.64E+0
970,-5.00E-2,2.80E-1,1.76E+0
971,6.00E-3,4.40E-1,1.64E+0
972,-2.60E-2,3.60E-1,1.76E+0
973,1.40E-2,5.20E-1,1.64E+0
974,-2.00E-2,4.00E-1,1.76E+0
975,1.80E-2,5.20E-1,1.68E+0
976,-3.00E-2,4.80E-1,1.76E+0
977,1.40E-2,5.60E-1,1.64E+0
978,1.20E-2,4.80E-1,1.64E+0
979,-4.60E-2,5.60E-1,1.76E+0
980,-4.00E-2,4.80E-1,1.76E+0
981,1.40E-2,5.60E-1,1.64E+0
982,1.40E-2,4.80E-1,1.68E+0
983,-4.00E-2,5.60E-1,1.76E+0
984,1.20E-2,5.60E-1,1.68E+0
985,-3.80E-2,4.80E-1,1.76E+0
986,1.40E-2,5.60E-1,1.68E+0
987,-4.20E-2,4.80E-1,1.76E+0
988,1.40E-2,5.60E-1,1.76E+0
989,-5.40E-2,4.80E-1,1.64E+0
990,1.40E-2,4.80E-1,1.68E+0
991,-5.00E-2,5.60E-1,1.76E+0
992,-5.60E-2,4.80E-1,1.76E+0
993,1.00E-2,5.60E-1,1.68E+0
994,-6.60E-2,5.60E-1,1.76E+0
995,8.00E-3,4.00E-1,1.64E+0
996,-7.00E-2,5.20E-1,1.76E+0
997,1.00E-2,4.00E-1,1.64E+0
998,-4.20E-2,4.00E-1,1.76E+0
999,8.00E-3,5.60E-1,1.64E+0
1000,-2.20E-2,4.80E-1,1.76E+0
1001,1.00E-2,5.60E-1,1.64E+0
1002,1.00E-2,4.80E-1,1.76E+0
1003,-1.60E-2,5.60E-1,1.64E+0
1004,-1.40E-2,4.80E-1,1.76E+0
1005,1.40E-2,5.60E-1,1.68E+0
1006,1.20E-2,5.60E-1,1.64E+0
1007,-2.00E-2,4.80E-1,1.76E+0
1008,-1.60E-2,5.60E-1,1.76E+0
1009,1.40E-2,4.80E-1,1.64E+0
1010,-1.80E-2,5.60E-1,1.64E+0
1011,1.20E-2,4.80E-1,1.76E+0
1012,1.00E-2,5.60E-1,1.76E+0
1013,-1.40E-2,4.80E-1,1.64E+0
1014,-1.60E-2,5.60E-1,1.76E+0
1015,1.20E-2,4.80E-1,1.68E+0
1016,1.20E-2,5.60E-1,1.76E+0
1017,-1.60E-2,4.80E-1,1.64E+0
1018,1.20E-2,5.60E-1,1.76E+0
1019,-1.80E-2,4.80E-1,1.68E+0
1020,1.20E-2,5.60E-1,1.76E+0
1021,-2.00E-2,4.80E-1,1.64E+0
1022,1.00E-2,5.60E-1,1.76E+0
1023,-1.80E-2,4.80E-1,1.64E+0
1024,1.20E-2,5.60E-1,1.64E+0
1025,-2.00E-2,4.80E-1,1.76E+0
1026,1.00E-2,5.60E-1,1.76E+0
1027,-1.60E-2,4.80E-1,1.64E+0
1028,-1.60E-2,5.60E-1,1.76E+0
1029,1.20E-2,4.80E-1,1.68E+0
1030,1.00E-2,5.60E-1,1.76E+0
1031,-1.80E-2,4.80E-1,1.64E+0
1032,1.00E-2,5.60E-1,1.64E+0
1033,-1.80E-2,4.80E-1,1.76E+0
1034,1.20E-2,5.60E-1,1.76E+0
1035,-1.60E-2,4.80E-1,1.64E+0
1036,1.20E-2,5.60E-1,1.68E+0
1037,-1.80E-2,4.80E-1,1.76E+0
1038,1.20E-2,5.60E-1,1.76E+0
1039,-2.00E-2,4.80E-1,1.68E+0
1040,-1.80E-2,5.60E-1,1.76E+0
1041,1.20E-2,4.80E-1,1.64E+0
1042,1.40E-2,5.60E-1,1.76E+0
1043,-1.80E-2,4.80E-1,1.64E+0
1044,-1.80E-2,5.60E-1,1.76E+0
1045,1.20E-2,4.80E-1,1.64E+0
1046,-1.80E-2,5.60E-1,1.68E+0
1047,1.40E-2,4.80E-1,1.76E+0
1048,-2.20E-2,5.60E-1,1.76E+0
1049,1.20E-2,4.80E-1,1.64E+0
1050,1.00E-2,5.60E-1,1.76E+0
1051,-1.80E-2,4.80E-1,1.64E+0
1052,1.00E-2,5.60E-1,1.76E+0
1053,-1.60E-2,5.20E-1,1.64E+0
1054,1.20E-2,5.60E-1,1.76E+0
1055,-1.80E-2,4.80E-1,1.64E+0
1056,-2.20E-2,5.60E-1,1.76E+0
1057,1.60E-2,4.80E-1,1.68E+0
1058,1.00E-2,5.60E-1,1.76E+0
1059,-2.00E-2,4.80E-1,1.64E+0
1060,1.40E-2,5.60E-1,1.68E+0
1061,-2.00E-2,5.20E-1,1.76E+0
1062,1.20E-2,5.60E-1,1.76E+0
1063,-1.80E-2,5.20E-1,1.64E+0
1064,1.00E-2,5.60E-1,1.76E+0
1065,-2.00E-2,5.20E-1,1.64E+0
1066,1.80E-2,5.60E-1,1.76E+0
1067,-2.00E-2,4.80E-1,1.64E+0
1068,-1.80E-2,5.60E-1,1.68E+0
1069,2.20E-2,5.20E-1,1.76E+0
1070,-1.80E-2,5.60E-1,1.68E+0
1071,1.40E-2,5.20E-1,1.76E+0
1072,-2.20E-2,5.60E-1,1.76E+0
1073,1.20E-2,4.80E-1,1.64E+0
1074,1.20E-2,5.60E-1,1.76E+0
1075,-2.00E-2,4.80E-1,1.64E+0
1076,-2.00E-2,5.60E-1,1.76E+0
1077,2.00E-2,4.80E-1,1.64E+0
1078,1.00E-2,5.60E-1,1.76E+0
1079,-2.00E-2,4.80E-1,1.64E+0
1080,1.60E-2,5.60E-1,1.68E+0
1081,-2.20E-2,4.80E-1,1.76E+0
1082,-2.60E-2,4.80E-1,1.68E+0
1083,1.20E-2,5.60E-1,1.76E+0
1084,1.60E-2,5.60E-1,1.76E+0
1085,-2.40E-2,4.80E-1,1.64E+0
1086,-2.00E-2,4.80E-1,1.64E+0
1087,2.00E-2,5.60E-1,1.76E+0
1088,1.20E-2,5.60E-1,1.76E+0
1089,-2.40E-2,4.80E-1,1.64E+0
1090,2.00E-2,5.60E-1,1.68E+0
1091,-3.80E-2,4.80E-1,1.76E+0
1092,-2.40E-2,5.60E-1,1.64E+0
1093,1.80E-2,4.80E-1,1.76E+0
1094,-4.80E-2,4.80E-1,1.76E+0
1095,1.00E-2,5.60E-1,1.64E+0
1096,1.20E-2,5.60E-1,1.76E+0
1097,-6.20E-2,4.40E-1,1.64E+0
1098,1.00E-2,5.20E-1,1.76E+0
1099,-6.00E-2,4.00E-1,1.64E+0
1100,2.00E-3,5.20E-1,1.68E+0
1101,-8.00E-2,4.00E-1,1.76E+0
1102,-8.40E-2,5.20E-1,1.68E+0
1103,-2.00E-3,4.00E-1,1.76E+0
1104,-2.00E-3,3.60E-1,1.76E+0
1105,-8.80E-2,4.80E-1,1.64E+0
1106,-2.00E-3,4.40E-1,1.76E+0
1107,-9.80E-2,3.60E-1,1.64E+0
1108,-8.00E-3,4.40E-1,1.64E+0
1109,-9.80E-2,3.60E-1,1.76E+0
1110,-9.80E-2,4.40E-1,1.68E+0
1111,-1.20E-2,2.80E-1,1.76E+0
1112,-1.00E-1,4.00E-1,1.76E+0
1113,-1.20E-2,2.80E-1,1.64E+0
1114,-1.40E-2,2.80E-1,1.68E+0
1115,-1.12E-1,4.00E-1,1.76E+0
1116,-2.00E-2,4.00E-1,1.64E+0
1117,-1.12E-1,2.40E-1,1.76E+0
1118,-1.06E-1,2.40E-1,1.76E+0
1119,-2.00E-2,3.20E-1,1.64E+0
1120,-1.08E-1,3.20E-1,1.64E+0
1121,-2.00E-2,2.40E-1,1.76E+0
1122,-2.60E-2,2.40E-1,1.68E+0
1123,-1.12E-1,3.20E-1,1.76E+0
1124,-2.80E-2,2.40E-1,1.68E+0
1125,-1.02E-1,3.20E-1,1.76E+0
1126,-1.04E-1,3.20E-1,1.76E+0
1127,-2.60E-2,1.60E-1,1.64E+0
1128,-1.16E-1,1.60E-1,1.64E+0
1129,-2.80E-2,2.80E-1,1.76E+0
1130,-1.10E-1,2.40E-1,1.76E+0
1131,-2.40E-2,3.20E-1,1.64E+0
1132,-1.08E-1,2.40E-1,1.68E+0
1133,-1.60E-2,3.20E-1,1.76E+0
1134,-7.40E-2,2.40E-1,1.76E+0
1135,-6.00E-3,4.00E-1,1.64E+0
1136,-4.60E-2,2.80E-1,1.76E+0
1137,8.00E-3,4.40E-1,1.64E+0
1138,-4.60E-2,4.00E-1,1.76E+0
1139,1.20E-2,5.20E-1,1.64E+0
1140,-5.40E-2,4.00E-1,1.64E+0
1141,1.60E-2,5.60E-1,1.76E+0
1142,-5.60E-2,5.60E-1,1.76E+0
1143,1.40E-2,4.80E-1,1.64E+0
1144,-6.40E-2,5.60E-1,1.68E+0
1145,1.00E-2,4.40E-1,1.76E+0
1146,6.00E-3,5.20E-1,1.76E+0
1147,-4.20E-2,4.40E-1,1.64E+0
1148,8.00E-3,5.20E-1,1.76E+0
1149,-7.60E-2,4.00E-1,1.64E+0
1150,-4.20E-2,4.00E-1,1.64E+0
1151,2.00E-3,5.20E-1,1.76E+0
1152,-4.20E-2,5.20E-1,1.76E+0
1153,4.00E-3,4.00E-1,1.64E+0
1154,6.00E-3,4.00E-1,1.76E+0
1155,-6.00E-2,5.20E-1,1.68E+0
1156,4.00E-3,4.00E-1,1.68E+0
1157,-3.40E-2,5.20E-1,1.76E+0
1158,-5.40E-2,5.20E-1,1.76E+0
1159,8.00E-3,4.00E-1,1.64E+0
1160,-3.40E-2,4.40E-1,1.76E+0
1161,1.00E-2,5.60E-1,1.64E+0
1162,1.20E-2,4.80E-1,1.76E+0
1163,-2.20E-2,5.60E-1,1.64E+0
1164,1.00E-2,4.80E-1,1.68E+0
1165,-2.40E-2,5.60E-1,1.76E+0
1166,1.20E-2,5.60E-1,1.68E+0
1167,-1.60E-2,4.80E-1,1.76E+0
1168,1.20E-2,5.60E-1,1.68E+0
1169,-1.80E-2,4.80E-1,1.76E+0
1170,1.20E-2,5.60E-1,1.76E+0
1171,-1.60E-2,4.80E-1,1.64E+0
1172,1.40E-2,5.60E-1,1.76E+0
1173,-1.80E-2,4.80E-1,1.64E+0
1174,-1.80E-2,5.60E-1,1.76E+0
1175,1.00E-2,4.80E-1,1.68E+0
1176,-1.40E-2,5.60E-1,1.68E+0
1177,1.20E-2,4.80E-1,1.76E+0
1178,2.20E-2,5.60E-1,1.68E+0
1179,-2.60E-2,4.80E-1,1.76E+0
1180,1.40E-2,5.60E-1,1.76E+0
1181,-3.60E-2,4.80E-1,1.64E+0
1182,-3.80E-2,5.60E-1,1.76E+0
1183,1.60E-2,4.80E-1,1.64E+0
1184,1.60E-2,5.60E-1,1.76E+0
1185,-3.80E-2,4.80E-1,1.64E+0
1186,1.20E-2,4.80E-1,1.68E+0
1187,-4.60E-2,5.60E-1,1.76E+0
1188,1.60E-2,5.60E-1,1.68E+0
1189,-5.40E-2,4.80E-1,1.76E+0
1190,-5.60E-2,4.80E-1,1.76E+0
1191,1.40E-2,5.60E-1,1.64E+0
1192,-5.80E-2,4.80E-1,1.76E+0
1193,1.20E-2,5.60E-1,1.64E+0
1194,-6.60E-2,5.60E-1,1.76E+0
1195,6.00E-3,4.40E-1,1.64E+0
1196,-7.00E-2,5.20E-1,1.76E+0
1197,4.00E-3,4.00E-1,1.68E+0
1198,0.00E+0,4.00E-1,1.76E+0
1199,-7.80E-2,5.20E-1,1.64E+0
