v4;echo: v4, 4
echo: v4, 0
sp.debug 0 to 4
unit,               hm,                  cTime,       dt,       chm,qcrs,sat,sel,mod,bmso, Tb,  vb,  ib,   ib_charge, ioc, voc_soc,    vsat,dv_dyn,voc_stat,voc_ekf,     y_ekf,    soc_s,soc_ekf,soc,soc_min,
unit_m,  c_time,       chm_s, qcrs_s, bmso_s, Tb_s,Tbl_s,  vsat_s, voc_stat_s, dv_dyn_s, vb_s, ib_s, ib_in_s, ib_charge_s, ioc_s, sat_s, dq_s, soc_s, reset_s,
unit_s,c_time,res,user_sel,   cc_dif,  ibmh,ibnh,ibmm,ibnm,ibm,   ib_diff, ib_diff_f,    voc_soc,e_w,e_w_f,  ib_sel_stat,ib_h,ib_s,mib,ib, vb_sel,vb_h,vb_s,mvb,vb,  Tb_h,Tb_s,mtb,Tb_f,   fltw, falw, ib_rate, ib_quiet, tb_sel, ccd_thr, ewh_thr, ewl_thr, ibd_thr, ibq_thr, preserving,
unit_e,c_time,dt,Fx_, Bu_, Q_, R_, P_, S_, K_, u_, x_, y_, z_, x_prior_, P_prior_, x_post_, P_post_, hx_, H_,
unit_sel, 83515275.846, 0, 1,  -0.2727060,  0.26129,0.24435,0.26129,0.26129,0.26129,  0.01693,-0.10820,   13.37840,0.08480,0.07783,  1, 0.26129,0.26129, 0, 0.26129,  1, 13.30669,13.37430, 0, 13.30669,  21.87,21.87, 0, 21.87, 0, 0,   0.373,   0.037, 1, 200.000,393.600,-492.000, 10.000,  0.005,0,
unit_sim,  83515275.846, 0,  390240, 0, 21.87000,21.87000, 13.78748,13.37834,-0.00332,13.37430,  -0.277,  0.261,  0.261, -0.147,  0,    -6887.2,   0.98178, 0, 
unit_ekf, 83515275.846,  2.000, 0.9999999,   5.6e-06,  2.25e-06,      0.25,0.001508756, 0.2506061,0.003820466, 0.2608939, 0.7094755,0.03742027,  13.30465, 0.7093326,0.001512414, 0.7094755,0.001508756,  13.26723,  0.633049,
g20230530_soc1a_bb, 2023-07-10T10:11:46,  83515275.846, 0.100,   0,  390240, 0,  1,  0,  0, 21.9,13.307,     0.261,     0.261,    -0.147,13.37840,    13.78748,0.00276,13.30465,13.26723,   0.037420, 0.98178,0.70948,0.98204,0.04065,
unit_sel, 83515276.246, 0, 1,  -0.2725615,  -0.27673,-0.00020,-0.27673,-0.27673,-0.27673,  -0.27653,-0.11927,   13.37840,0.07070,0.07781,  1, -0.27673,-0.27673, 0, -0.27673,  1, 13.31955,13.36876, 0, 13.31955,  21.87,21.87, 0, 21.87, 0, 0,  -1.059,   0.033, 1, 200.000,393.600,-492.000, 10.000,  0.005,0,
unit_sim,  83515276.246, 0,  390240, 0, 21.87000,21.87000, 13.78748,13.37834,-0.00885,13.36876,  -0.766, -0.277, -0.277, -0.147,  0,    -6887.4,   0.98178, 0, 
unit_ekf, 83515276.246,  2.000, 0.9999999,   5.6e-06,  2.25e-06,      0.25,0.001508756, 0.2506061,0.003820466, 0.2608939, 0.7094755,0.03742027,  13.30465, 0.7093326,0.001512414, 0.7094755,0.001508756,  13.26723,  0.633049,
g20230530_soc1a_bb, 2023-07-10T10:11:47,  83515276.246, 0.100,   0,  390240, 0,  1,  0,  0, 21.9,13.320,    -0.277,    -0.277,    -0.147,13.37840,    13.78748,-0.00332,13.32361,13.26723,   0.037420, 0.98178,0.70948,0.98204,0.04065,
unit_sel, 83515276.646, 0, 1,  -0.2725614,  -0.22782,-0.04911,-0.22782,-0.22782,-0.22782,  -0.17871,-0.12190,   13.37840,0.08923,0.07749,  1, -0.22782,-0.22782, 0, -0.22782,  1, 13.28525,13.37872, 0, 13.28525,  21.87,21.87, 0, 21.87, 0, 0,   0.174,   0.024, 1, 200.000,393.600,-492.000, 10.000,  0.005,0,
unit_sim,  83515276.646, 0,  390240, 0, 21.87000,21.87000, 13.78748,13.37834,0.00110,13.37872,   0.115, -0.228, -0.228, -0.145,  0,    -6887.4,   0.98178, 0, 
unit_ekf, 83515276.646,  2.000, 0.9999999,   5.6e-06,  2.25e-06,      0.25,0.001508756, 0.2506061,0.003820466, 0.2608939, 0.7094755,0.03742027,  13.30465, 0.7093326,0.001512414, 0.7094755,0.001508756,  13.26723,  0.633049,
g20230530_soc1a_bb, 2023-07-10T10:11:47,  83515276.646, 0.100,   0,  390240, 0,  1,  0,  0, 21.9,13.285,    -0.228,    -0.228,    -0.145,13.37840,    13.78748,-0.00276,13.28875,13.26723,   0.037420, 0.98178,0.70948,0.98204,0.04065,
unit_sel, 83515277.046, 0, 1,  -0.2725613,  -0.27673,0.04871,-0.27673,-0.27673,-0.27673,  -0.32545,-0.12581,   13.37840,0.07320,0.07724,  1, -0.27673,-0.27673, 0, -0.27673,  1, 13.28954,13.37983, 0, 13.28954,  21.87,21.87, 0, 21.87, 0, 0,  -0.246,   0.029, 1, 200.000,393.600,-492.000, 10.000,  0.005,0,
unit_sim,  83515277.046, 0,  390240, 0, 21.87000,21.87000, 13.78748,13.37834,0.00221,13.37983,   0.212, -0.277, -0.277, -0.144,  0,    -6887.4,   0.98178, 0, 
unit_ekf, 83515277.046,  2.000, 0.9999999,   5.6e-06,  2.25e-06,      0.25,0.001508756, 0.2506061,0.003820466, 0.2608939, 0.7094755,0.03742027,  13.30465, 0.7093326,0.001512414, 0.7094755,0.001508756,  13.26723,  0.633049,
g20230530_soc1a_bb, 2023-07-10T10:11:47,  83515277.046, 0.100,   0,  390240, 0,  1,  0,  0, 21.9,13.290,    -0.277,    -0.277,    -0.144,13.37840,    13.78748,-0.00332,13.29358,13.26723,   0.037420, 0.98178,0.70948,0.98204,0.04065,
unit_sel, 83515277.446, 0, 1,  -0.2725613,  -0.37455,-0.39149,-0.37455,-0.37455,-0.37455,  0.01693,-0.12530,   13.37840,0.05869,0.07842,  1, -0.37455,-0.37455, 0, -0.37455,  1, 13.28954,13.37818, 0, 13.28954,  21.87,21.87, 0, 21.87, 0, 0,  -0.425,   0.053, 1, 200.000,393.600,-492.000, 10.000,  0.005,0,
unit_sim,  83515277.446, 0,  390240, 0, 21.87000,21.87000, 13.78748,13.37834,0.00055,13.37818,   0.066, -0.375, -0.375, -0.141,  0,    -6887.4,   0.98178, 0, 
unit_ekf, 83515277.446,  2.000, 0.9999999,   5.6e-06,  2.25e-06,      0.25,0.001508756, 0.2506061,0.003820466, 0.2608939, 0.7094755,0.03742027,  13.30465, 0.7093326,0.001512414, 0.7094755,0.001508756,  13.26723,  0.633049,
g20230530_soc1a_bb, 2023-07-10T10:11:48,  83515277.446, 0.100,   0,  390240, 0,  1,  0,  0, 21.9,13.290,    -0.375,    -0.375,    -0.141,13.37840,    13.78748,-0.00442,13.29468,13.26723,   0.037420, 0.98178,0.70948,0.98204,0.04065,
unit_sel, 83515277.846, 0, 1,  -0.2725612,  0.26129,-0.24476,0.26129,0.26129,0.26129,  0.50604,-0.10577,   13.37840,0.03173,0.07781,  1, 0.26129,0.26129, 0, 0.26129,  1, 13.31097,13.37267, 0, 13.31097,  21.87,21.87, 0, 21.87, 0, 0,  -0.400,   0.036, 1, 200.000,393.600,-492.000, 10.000,  0.005,0,
unit_sim,  83515277.846, 0,  390240, 0, 21.87000,21.87000, 13.78748,13.37834,-0.00497,13.37267,  -0.423,  0.261,  0.261, -0.141,  0,    -6887.4,   0.98178, 0, 
unit_ekf, 83515277.846,  2.000, 0.9999999,   5.6e-06,  2.25e-06,      0.25,0.001507328, 0.2506099,0.003830651, 0.2608939, 0.7096362,0.04158306,   13.3089, 0.7094769,0.001511006, 0.7096362,0.001507328,  13.26732, 0.6353378,
g20230530_soc1a_bb, 2023-07-10T10:11:48,  83515277.846, 0.100,   0,  390240, 0,  1,  0,  0, 21.9,13.311,     0.261,     0.261,    -0.141,13.37840,    13.78748,0.00276,13.30890,13.26732,   0.041583, 0.98178,0.70964,0.98204,0.04065,
unit_sel, 83515278.246, 0, 1,  -0.2724003,  0.06564,0.29327,0.06564,0.06564,0.06564,  -0.22763,-0.11857,   13.37840,0.08123,0.07690,  1, 0.06564,0.06564, 0, 0.06564,  1, 13.29811,13.37930, 0, 13.29811,  21.87,21.87, 0, 21.87, 1024, 0,   0.619,   0.001, 1, 200.000,393.600,-492.000, 10.000,  0.005,0,
unit_sim,  83515278.246, 0,  390240, 0, 21.87000,21.87000, 13.78748,13.37834,0.00166,13.37930,   0.163,  0.066,  0.066, -0.141,  0,    -6887.5,   0.98178, 0, 
unit_ekf, 83515278.246,  2.000, 0.9999999,   5.6e-06,  2.25e-06,      0.25,0.001507328, 0.2506099,0.003830651, 0.2608939, 0.7096362,0.04158306,   13.3089, 0.7094769,0.001511006, 0.7096362,0.001507328,  13.26732, 0.6353378,
g20230530_soc1a_bb, 2023-07-10T10:11:49,  83515278.246, 0.100,   0,  390240, 0,  1,  0,  0, 21.9,13.298,     0.066,     0.066,    -0.141,13.37840,    13.78748,0.00055,13.29826,13.26732,   0.041583, 0.98178,0.70964,0.98204,0.04065,
unit_sel, 83515278.646, 0, 1,  -0.2724004,  0.11455,0.09762,0.11455,0.11455,0.11455,  0.01693,-0.08592,   13.37840,0.06881,0.07676,  1, 0.11455,0.11455, 0, 0.11455,  1, 13.30240,13.37545, 0, 13.30240,  21.87,21.87, 0, 21.87, 0, 0,  -0.203,  -0.015, 1, 200.000,393.600,-492.000, 10.000,  0.005,0,
unit_sim,  83515278.646, 0,  390240, 0, 21.87000,21.87000, 13.78748,13.37834,-0.00221,13.37545,  -0.179,  0.115,  0.115, -0.137,  0,    -6887.5,   0.98178, 0, 
unit_ekf, 83515278.646,  2.000, 0.9999999,   5.6e-06,  2.25e-06,      0.25,0.001507328, 0.2506099,0.003830651, 0.2608939, 0.7096362,0.04158306,   13.3089, 0.7094769,0.001511006, 0.7096362,0.001507328,  13.26732, 0.6353378,
g20230530_soc1a_bb, 2023-07-10T10:11:49,  83515278.646, 0.100,   0,  390240, 0,  1,  0,  0, 21.9,13.302,     0.115,     0.115,    -0.137,13.37840,    13.78748,0.00111,13.30197,13.26732,   0.041583, 0.98178,0.70964,0.98204,0.04065,
unit_sel, 83515279.046, 0, 1,  -0.2724004,  0.01673,0.04871,0.01673,0.01673,0.01673,  -0.03198,-0.08189,   13.37840,0.09677,0.07754,  1, 0.01673,0.01673, 0, 0.01673,  1, 13.27668,13.37769, 0, 13.27668,  21.87,21.87, 0, 21.87, 0, 0,   0.183,   0.007, 1, 200.000,393.600,-492.000, 10.000,  0.005,0,
unit_sim,  83515279.046, 0,  390240, 0, 21.87000,21.87000, 13.78748,13.37834,0.00000,13.37769,   0.017,  0.017,  0.017, -0.133,  0,    -6887.5,   0.98178, 0, 
unit_ekf, 83515279.046,  2.000, 0.9999999,   5.6e-06,  2.25e-06,      0.25,0.001507328, 0.2506099,0.003830651, 0.2608939, 0.7096362,0.04158306,   13.3089, 0.7094769,0.001511006, 0.7096362,0.001507328,  13.26732, 0.6353378,
g20230530_soc1a_bb, 2023-07-10T10:11:50,  83515279.046, 0.100,   0,  390240, 0,  1,  0,  0, 21.9,13.277,     0.017,     0.017,    -0.133,13.37840,    13.78748,0.00000,13.27733,13.26732,   0.041583, 0.98178,0.70964,0.98204,0.04065,
unit_sel, 83515279.446, 0, 1,  -0.2724005,  -0.13000,-0.19585,-0.13000,-0.13000,-0.13000,  0.06585,-0.06318,   13.37840,0.06029,0.07797,  1, -0.13000,-0.13000, 0, -0.13000,  1, 13.28525,13.37549, 0, 13.28525,  21.87,21.87, 0, 21.87, 0, 0,  -0.495,   0.026, 1, 200.000,393.600,-492.000, 10.000,  0.005,0,
unit_sim,  83515279.446, 0,  390240, 0, 21.87000,21.87000, 13.78748,13.37834,-0.00221,13.37549,  -0.179, -0.130, -0.130, -0.128,  0,    -6887.5,   0.98178, 0, 
unit_ekf, 83515279.446,  2.000, 0.9999999,   5.6e-06,  2.25e-06,      0.25,0.001507328, 0.2506099,0.003830651, 0.2608939, 0.7096362,0.04158306,   13.3089, 0.7094769,0.001511006, 0.7096362,0.001507328,  13.26732, 0.6353378,
g20230530_soc1a_bb, 2023-07-10T10:11:50,  83515279.446, 0.100,   0,  390240, 0,  1,  0,  0, 21.9,13.285,    -0.130,    -0.130,    -0.128,13.37840,    13.78748,-0.00165,13.28755,13.26732,   0.041583, 0.98178,0.70964,0.98204,0.04065,
unit_sel, 83515279.846, 0, 1,  -0.2724005,  0.26129,-0.29366,0.26129,0.26129,0.26129,  0.55496,-0.03444,   13.37840,0.07413,0.07806,  1, 0.26129,0.26129, 0, 0.26129,  1, 13.29382,13.37220, 0, 13.29382,  21.87,21.87, 0, 21.87, 1024, 0,  -0.325,   0.003, 1, 200.000,393.600,-492.000, 10.000,  0.005,0,
unit_sim,  83515279.846, 0,  390240, 0, 21.87000,21.87000, 13.78748,13.37834,-0.00552,13.37220,  -0.472,  0.261,  0.261, -0.126,  0,    -6887.4,   0.98178, 0, 
unit_ekf, 83515279.846,  2.000, 0.9999999,   5.6e-06,  2.25e-06,      0.25,0.001505877, 0.2506145,0.003843046, 0.2609012, 0.7097308,0.02425194,  13.29168, 0.7096376,0.001509578, 0.7097308,0.001505877,  13.26743, 0.6380081,
g20230530_soc1a_bb, 2023-07-10T10:11:50,  83515279.846, 0.100,   0,  390240, 0,  1,  0,  0, 21.9,13.294,     0.261,     0.261,    -0.126,13.37840,    13.78748,0.00277,13.29168,13.26743,   0.024252, 0.98178,0.70973,0.98204,0.04065,
unit_sel, 83515280.246, 0, 1,  -0.2723060,  -0.37455,-0.19584,-0.37455,-0.37455,-0.37455,  -0.17871,-0.00164,   13.37840,0.08673,0.07832,  1, -0.37455,-0.37455, 0, -0.37455,  1, 13.28525,13.38050, 0, 13.28525,  21.87,21.87, 0, 21.87, 0, 0,  -0.263,  -0.057, 1, 200.000,393.600,-492.000, 10.000,  0.005,0,
unit_sim,  83515280.246, 0,  390240, 0, 21.87000,21.87000, 13.78748,13.37834,0.00277,13.38050,   0.261, -0.375, -0.375, -0.121,  0,    -6887.5,   0.98178, 0, 
unit_ekf, 83515280.246,  2.000, 0.9999999,   5.6e-06,  2.25e-06,      0.25,0.001505877, 0.2506145,0.003843046, 0.2609012, 0.7097308,0.02425194,  13.29168, 0.7096376,0.001509578, 0.7097308,0.001505877,  13.26743, 0.6380081,
g20230530_soc1a_bb, 2023-07-10T10:11:50,  83515280.246, 0.100,   0,  390240, 0,  1,  0,  0, 21.9,13.285,    -0.375,    -0.375,    -0.121,13.37840,    13.78748,-0.00442,13.29028,13.26743,   0.024252, 0.98178,0.70973,0.98204,0.04065,
unit_sel, 83515280.646, 0, 1,  -0.2723054,  -0.22782,-0.19584,-0.22782,-0.22782,-0.22782,  -0.03198,-0.01888,   13.37840,0.06070,0.07702,  1, -0.22782,-0.22782, 0, -0.22782,  1, 13.25953,13.37162, 0, 13.25953,  21.87,21.87, 0, 21.87, 0, 0,  -0.094,  -0.147, 1, 200.000,393.600,-492.000, 10.000,  0.005,0,
unit_sim,  83515280.646, 0,  390240, 0, 21.87000,21.87000, 13.78748,13.37834,-0.00607,13.37162,  -0.521, -0.228, -0.228, -0.130,  0,    -6887.6,   0.98178, 0, 
unit_ekf, 83515280.646,  2.000, 0.9999999,   5.6e-06,  2.25e-06,      0.25,0.001505877, 0.2506145,0.003843046, 0.2609012, 0.7097308,0.02425194,  13.29168, 0.7096376,0.001509578, 0.7097308,0.001505877,  13.26743, 0.6380081,
g20230530_soc1a_bb, 2023-07-10T10:11:51,  83515280.646, 0.100,   0,  390240, 0,  1,  0,  0, 21.9,13.260,    -0.228,    -0.228,    -0.130,13.37840,    13.78748,-0.00276,13.26294,13.26743,   0.024252, 0.98178,0.70973,0.98204,0.04065,
unit_sel, 83515281.046, 0, 1,  -0.2723053,  -0.52129,-0.09802,-0.52129,-0.52129,-0.52129,  -0.42327,-0.01289,   13.37840,0.05005,0.07654,  1, -0.52129,-0.52129, 0, -0.52129,  1, 13.29382,13.37382, 0, 13.29382,  21.87,21.87, 0, 21.87, 0, 0,  -0.293,  -0.168, 1, 200.000,393.600,-492.000, 10.000,  0.005,0,
unit_sim,  83515281.046, 0,  390240, 0, 21.87000,21.87000, 13.78748,13.37834,-0.00386,13.37382,  -0.326, -0.521, -0.521, -0.130,  0,    -6887.7,   0.98178, 0, 
unit_ekf, 83515281.046,  2.000, 0.9999999,   5.6e-06,  2.25e-06,      0.25,0.001505877, 0.2506145,0.003843046, 0.2609012, 0.7097308,0.02425194,  13.29168, 0.7096376,0.001509578, 0.7097308,0.001505877,  13.26743, 0.6380081,
g20230530_soc1a_bb, 2023-07-10T10:11:51,  83515281.046, 0.100,   0,  390240, 0,  1,  0,  0, 21.9,13.294,    -0.521,    -0.521,    -0.130,13.37840,    13.78748,-0.00607,13.30056,13.26743,   0.024252, 0.98178,0.70973,0.98204,0.04065,
unit_sel, 83515281.446, 0, 1,  -0.2723049,  -0.08109,-0.04911,-0.08109,-0.08109,-0.08109,  -0.03198,-0.03128,   13.37840,0.05901,0.07556,  1, -0.08109,-0.08109, 0, -0.08109,  1, 13.30669,13.36993, 0, 13.30669,  21.87,21.87, 0, 21.87, 0, 0,   0.180,  -0.151, 1, 200.000,393.600,-492.000, 10.000,  0.005,0,
unit_sim,  83515281.446, 0,  390240, 0, 21.87000,21.87000, 13.78748,13.37834,-0.00773,13.36993,  -0.668, -0.081, -0.081, -0.136,  0,    -6887.8,   0.98178, 0, 
unit_ekf, 83515281.446,  2.000, 0.9999999,   5.6e-06,  2.25e-06,      0.25,0.001505877, 0.2506145,0.003843046, 0.2609012, 0.7097308,0.02425194,  13.29168, 0.7096376,0.001509578, 0.7097308,0.001505877,  13.26743, 0.6380081,
g20230530_soc1a_bb, 2023-07-10T10:11:51,  83515281.446, 0.100,   0,  390240, 0,  1,  0,  0, 21.9,13.307,    -0.081,    -0.081,    -0.136,13.37840,    13.78748,-0.00110,13.30847,13.26743,   0.024252, 0.98178,0.70973,0.98204,0.04065,
unit_sel, 83515281.846, 0, 1,  -0.2723047,  -0.03218,-0.39149,-0.03218,-0.03218,-0.03218,  0.35931,-0.03671,   13.37840,0.08763,0.07639,  1, -0.03218,-0.03218, 0, -0.03218,  1, 13.30240,13.37711, 0, 13.30240,  21.87,21.87, 0, 21.87, 0, 0,   0.480,  -0.092, 1, 200.000,393.600,-492.000, 10.000,  0.005,0,
unit_sim,  83515281.846, 0,  390240, 0, 21.87000,21.87000, 13.78748,13.37834,-0.00055,13.37711,  -0.032, -0.032, -0.032, -0.136,  0,    -6887.9,   0.98178, 0, 
unit_ekf, 83515281.846,  2.000, 0.9999999,   5.6e-06,  2.25e-06,      0.25,0.001504415, 0.2506168,0.003848497,-0.03217672, 0.7098697, 0.0361414,  13.30363, 0.7097306,0.001508127, 0.7098697,0.001504415,  13.26749,  0.639534,
g20230530_soc1a_bb, 2023-07-10T10:11:52,  83515281.846, 0.100,   0,  390240, 0,  1,  0,  0, 21.9,13.302,    -0.032,    -0.032,    -0.136,13.37840,    13.78748,-0.00055,13.30363,13.26749,   0.036141, 0.98178,0.70987,0.98204,0.04065,
unit_sel, 83515282.246, 0, 1,  -0.2721654,  -0.27673,-0.63604,-0.27673,-0.27673,-0.27673,  0.35931,-0.03344,   13.37840,0.02897,0.07467,  1, -0.27673,-0.27673, 0, -0.27673,  1, 13.28954,13.36989, 0, 13.28954,  21.87,21.87, 0, 21.87, 0, 0,  -0.827,  -0.103, 1, 200.000,393.600,-492.000, 10.000,  0.005,0,
unit_sim,  83515282.246, 0,  390240, 0, 21.87000,21.87000, 13.78748,13.37834,-0.00773,13.36989,  -0.668, -0.277, -0.277, -0.142,  0,    -6888.1,   0.98178, 0, 
unit_ekf, 83515282.246,  2.000, 0.9999999,   5.6e-06,  2.25e-06,      0.25,0.001504415, 0.2506168,0.003848497,-0.03217672, 0.7098697, 0.0361414,  13.30363, 0.7097306,0.001508127, 0.7098697,0.001504415,  13.26749,  0.639534,
g20230530_soc1a_bb, 2023-07-10T10:11:52,  83515282.246, 0.100,   0,  390240, 0,  1,  0,  0, 21.9,13.290,    -0.277,    -0.277,    -0.142,13.37840,    13.78748,-0.00331,13.29357,13.26749,   0.036141, 0.98178,0.70987,0.98204,0.04065,
unit_sel, 83515282.646, 0, 1,  -0.2721648,  -0.52129,-0.29366,-0.52129,-0.52129,-0.52129,  -0.22762,-0.06222,   13.37840,0.09543,0.07457,  1, -0.52129,-0.52129, 0, -0.52129,  1, 13.29811,13.37204, 0, 13.29811,  21.87,21.87, 0, 21.87, 0, 0,   0.113,  -0.167, 1, 200.000,393.600,-492.000, 10.000,  0.005,0,
unit_sim,  83515282.646, 0,  390240, 0, 21.87000,21.87000, 13.78748,13.37834,-0.00553,13.37204,  -0.472, -0.521, -0.521, -0.152,  0,    -6888.4,   0.98178, 0, 
unit_ekf, 83515282.646,  2.000, 0.9999999,   5.6e-06,  2.25e-06,      0.25,0.001504415, 0.2506168,0.003848497,-0.03217672, 0.7098697, 0.0361414,  13.30363, 0.7097306,0.001508127, 0.7098697,0.001504415,  13.26749,  0.639534,
g20230530_soc1a_bb, 2023-07-10T10:11:53,  83515282.646, 0.100,   0,  390240, 0,  1,  0,  0, 21.9,13.298,    -0.521,    -0.521,    -0.152,13.37840,    13.78748,-0.00608,13.30497,13.26749,   0.036141, 0.98178,0.70987,0.98203,0.04065,
unit_sel, 83515283.046, 0, 1,  -0.2721645,  -0.22782,0.09762,-0.22782,-0.22782,-0.22782,  -0.32545,-0.05271,   13.37840,0.05959,0.07387,  1, -0.22782,-0.22782, 0, -0.22782,  1, 13.27239,13.37480, 0, 13.27239,  21.87,21.87, 0, 21.87, 0, 0,   0.458,  -0.165, 1, 200.000,393.600,-492.000, 10.000,  0.005,0,
unit_sim,  83515283.046, 0,  390240, 0, 21.87000,21.87000, 13.78748,13.37834,-0.00276,13.37480,  -0.228, -0.228, -0.228, -0.156,  0,    -6888.4,   0.98178, 0, 
unit_ekf, 83515283.046,  2.000, 0.9999999,   5.6e-06,  2.25e-06,      0.25,0.001504415, 0.2506168,0.003848497,-0.03217672, 0.7098697, 0.0361414,  13.30363, 0.7097306,0.001508127, 0.7098697,0.001504415,  13.26749,  0.639534,
g20230530_soc1a_bb, 2023-07-10T10:11:53,  83515283.046, 0.100,   0,  390240, 0,  1,  0,  0, 21.9,13.272,    -0.228,    -0.228,    -0.156,13.37840,    13.78748,-0.00276,13.27594,13.26749,   0.036141, 0.98178,0.70987,0.98203,0.04065,
unit_sel, 83515283.446, 0, 1,  -0.2721644,  -0.47238,-0.29366,-0.47238,-0.47238,-0.47238,  -0.17871,-0.05588,   13.37840,0.06652,0.07471,  1, -0.47238,-0.47238, 0, -0.47238,  1, 13.29811,13.37315, 0, 13.29811,  21.87,21.87, 0, 21.87, 0, 0,  -0.796,  -0.042, 1, 200.000,393.600,-492.000, 10.000,  0.005,0,
unit_sim,  83515283.446, 0,  390240, 0, 21.87000,21.87000, 13.78748,13.37834,-0.00442,13.37315,  -0.375, -0.472, -0.472, -0.153,  0,    -6888.5,   0.98178, 0, 
unit_ekf, 83515283.446,  2.000, 0.9999999,   5.6e-06,  2.25e-06,      0.25,0.001504415, 0.2506168,0.003848497,-0.03217672, 0.7098697, 0.0361414,  13.30363, 0.7097306,0.001508127, 0.7098697,0.001504415,  13.26749,  0.639534,
g20230530_soc1a_bb, 2023-07-10T10:11:53,  83515283.446, 0.100,   0,  390240, 0,  1,  0,  0, 21.9,13.298,    -0.472,    -0.472,    -0.153,13.37840,    13.78748,-0.00553,13.30442,13.26749,   0.036141, 0.98178,0.70987,0.98203,0.04065,
unit_sel, 83515283.846, 0, 1,  -0.2721642,  -0.03218,0.09762,-0.03218,-0.03218,-0.03218,  -0.12980,-0.06060,   13.37840,0.07729,0.07375,  1, -0.03218,-0.03218, 0, -0.03218,  1, 13.30240,13.37536, 0, 13.30240,  21.87,21.87, 0, 21.87, 0, 0,   0.387,   0.019, 1, 200.000,393.600,-492.000, 10.000,  0.005,0,
unit_sim,  83515283.846, 0,  390240, 0, 21.87000,21.87000, 13.78748,13.37834,-0.00221,13.37536,  -0.179, -0.032, -0.032, -0.155,  0,    -6888.5,   0.98178, 0, 
unit_ekf, 83515283.846,  2.000, 0.9999999,   5.6e-06,  2.25e-06,      0.25,0.001502934, 0.2506205,0.003857897,-0.03217672, 0.7100089,0.03615189,  13.30373, 0.7098694,0.001506664, 0.7100089,0.001502934,  13.26757, 0.6417274,
g20230530_soc1a_bb, 2023-07-10T10:11:54,  83515283.846, 0.100,   0,  390240, 0,  1,  0,  0, 21.9,13.302,    -0.032,    -0.032,    -0.155,13.37840,    13.78748,-0.00055,13.30373,13.26757,   0.036152, 0.98178,0.71001,0.98203,0.04065,
unit_sel, 83515284.246, 0, 1,  -0.2720248,  0.35911,-0.29366,0.35911,0.35911,0.35911,  0.65277,-0.03629,   13.37840,0.06983,0.07305,  1, 0.35911,0.35911, 0, 0.35911,  1, 13.29811,13.37648, 0, 13.29811,  21.87,21.87, 0, 21.87, 0, 0,   0.261,   0.068, 1, 200.000,393.600,-492.000, 10.000,  0.005,0,
unit_sim,  83515284.246, 0,  390240, 0, 21.87000,21.87000, 13.78748,13.37834,-0.00110,13.37648,  -0.081,  0.359,  0.359, -0.154,  0,    -6888.5,   0.98178, 0, 
unit_ekf, 83515284.246,  2.000, 0.9999999,   5.6e-06,  2.25e-06,      0.25,0.001502934, 0.2506205,0.003857897,-0.03217672, 0.7100089,0.03615189,  13.30373, 0.7098694,0.001506664, 0.7100089,0.001502934,  13.26757, 0.6417274,
g20230530_soc1a_bb, 2023-07-10T10:11:54,  83515284.246, 0.100,   0,  390240, 0,  1,  0,  0, 21.9,13.298,     0.359,     0.359,    -0.154,13.37840,    13.78748,0.00387,13.29500,13.26757,   0.036152, 0.98178,0.71001,0.98203,0.04065,
unit_sel, 83515284.646, 0, 1,  -0.2720246,  -0.47238,-0.53822,-0.47238,-0.47238,-0.47238,  0.06584,-0.02742,   13.37840,0.06817,0.07312,  1, -0.47238,-0.47238, 0, -0.47238,  1, 13.29382,13.37479, 0, 13.29382,  21.87,21.87, 0, 21.87, 0, 0,  -0.824,   0.035, 1, 200.000,393.600,-492.000, 10.000,  0.005,0,
unit_sim,  83515284.646, 0,  390240, 0, 21.87000,21.87000, 13.78748,13.37834,-0.00276,13.37479,  -0.228, -0.472, -0.472, -0.155,  0,    -6888.7,   0.98178, 0, 
unit_ekf, 83515284.646,  2.000, 0.9999999,   5.6e-06,  2.25e-06,      0.25,0.001502934, 0.2506205,0.003857897,-0.03217672, 0.7100089,0.03615189,  13.30373, 0.7098694,0.001506664, 0.7100089,0.001502934,  13.26757, 0.6417274,
g20230530_soc1a_bb, 2023-07-10T10:11:55,  83515284.646, 0.100,   0,  390240, 0,  1,  0,  0, 21.9,13.294,    -0.472,    -0.472,    -0.155,13.37840,    13.78748,-0.00553,13.30014,13.26757,   0.036152, 0.98178,0.71001,0.98203,0.04065,
unit_sel, 83515285.046, 0, 1,  -0.2720240,  0.01674,-0.58713,0.01674,0.01674,0.01674,  0.60386,-0.01992,   13.37840,0.08790,0.07355,  1, 0.01674,0.01674, 0, 0.01674,  1, 13.29811,13.37311, 0, 13.29811,  21.87,21.87, 0, 21.87, 0, 0,   0.096,  -0.061, 1, 200.000,393.600,-492.000, 10.000,  0.005,0,
unit_sim,  83515285.046, 0,  390240, 0, 21.87000,21.87000, 13.78748,13.37834,-0.00442,13.37311,  -0.375,  0.017,  0.017, -0.163,  0,    -6888.9,   0.98178, 0, 
unit_ekf, 83515285.046,  2.000, 0.9999999,   5.6e-06,  2.25e-06,      0.25,0.001502934, 0.2506205,0.003857897,-0.03217672, 0.7100089,0.03615189,  13.30373, 0.7098694,0.001506664, 0.7100089,0.001502934,  13.26757, 0.6417274,
g20230530_soc1a_bb, 2023-07-10T10:11:55,  83515285.046, 0.100,   0,  390240, 0,  1,  0,  0, 21.9,13.298,     0.017,     0.017,    -0.163,13.37840,    13.78748,-0.00000,13.29893,13.26757,   0.036152, 0.98178,0.71001,0.98203,0.04065,
unit_sel, 83515285.446, 0, 1,  -0.2720239,  -0.81475,-0.48930,-0.81475,-0.81475,-0.81475,  -0.32545,-0.01607,   13.37840,0.07615,0.07318,  1, -0.81475,-0.81475, 0, -0.81475,  1, 13.29382,13.37419, 0, 13.29382,  21.87,21.87, 0, 21.87, 0, 0,  -1.126,  -0.093, 1, 200.000,393.600,-492.000, 10.000,  0.005,0,
unit_sim,  83515285.446, 0,  390240, 0, 21.87000,21.87000, 13.78748,13.37834,-0.00332,13.37419,  -0.277, -0.815, -0.815, -0.164,  0,    -6889.0,   0.98178, 0, 
unit_ekf, 83515285.446,  2.000, 0.9999999,   5.6e-06,  2.25e-06,      0.25,0.001502934, 0.2506205,0.003857897,-0.03217672, 0.7100089,0.03615189,  13.30373, 0.7098694,0.001506664, 0.7100089,0.001502934,  13.26757, 0.6417274,
g20230530_soc1a_bb, 2023-07-10T10:11:55,  83515285.446, 0.100,   0,  390240, 0,  1,  0,  0, 21.9,13.294,    -0.815,    -0.815,    -0.164,13.37840,    13.78748,-0.00940,13.30406,13.26757,   0.036152, 0.98178,0.71001,0.98203,0.04065,
unit_sel, 83515285.846, 0, 1,  -0.2720233,  -0.52129,-0.29366,-0.52129,-0.52129,-0.52129,  -0.22763,-0.00951,   13.37840,0.06795,0.07270,  1, -0.52129,-0.52129, 0, -0.52129,  1, 13.31097,13.37029, 0, 13.31097,  21.87,21.87, 0, 21.87, 0, 0,   0.117,  -0.152, 1, 200.000,393.600,-492.000, 10.000,  0.005,0,
unit_sim,  83515285.846, 0,  390240, 0, 21.87000,21.87000, 13.78748,13.37834,-0.00719,13.37029,  -0.619, -0.521, -0.521, -0.171,  0,    -6889.2,   0.98178, 0, 
unit_ekf, 83515285.846,  2.000, 0.9999999,   5.6e-06,  2.25e-06,      0.25,0.001501437, 0.2506239,0.003866654,-0.5212931, 0.7102003,0.05026054,  13.31792, 0.7100059,0.001505184, 0.7102003,0.001501437,  13.26766, 0.6438255,
g20230530_soc1a_bb, 2023-07-10T10:11:56,  83515285.846, 0.100,   0,  390240, 0,  1,  0,  0, 21.9,13.311,    -0.521,    -0.521,    -0.171,13.37840,    13.78748,-0.00608,13.31792,13.26766,   0.050261, 0.98178,0.71020,0.98203,0.04065,
unit_sel, 83515286.246, 0, 1,  -0.2718312,  -0.47238,-0.53822,-0.47238,-0.47238,-0.47238,  0.06584,-0.02041,   13.37840,0.08545,0.07214,  1, -0.47238,-0.47238, 0, -0.47238,  1, 13.29811,13.36635, 0, 13.29811,  21.87,21.87, 0, 21.87, 0, 0,  -0.547,  -0.207, 1, 200.000,393.600,-492.000, 10.000,  0.005,0,
unit_sim,  83515286.246, 0,  390240, 0, 21.87000,21.87000, 13.78748,13.37834,-0.01106,13.36635,  -0.961, -0.472, -0.472, -0.183,  0,    -6889.5,   0.98178, 0, 
unit_ekf, 83515286.246,  2.000, 0.9999999,   5.6e-06,  2.25e-06,      0.25,0.001501437, 0.2506239,0.003866654,-0.5212931, 0.7102003,0.05026054,  13.31792, 0.7100059,0.001505184, 0.7102003,0.001501437,  13.26766, 0.6438255,
g20230530_soc1a_bb, 2023-07-10T10:11:56,  83515286.246, 0.100,   0,  390240, 0,  1,  0,  0, 21.9,13.298,    -0.472,    -0.472,    -0.183,13.37840,    13.78748,-0.00553,13.30457,13.26766,   0.050261, 0.98178,0.71020,0.98203,0.04065,
unit_sel, 83515286.646, 0, 1,  -0.2718305,  -0.71693,-0.39149,-0.71693,-0.71693,-0.71693,  -0.32545,-0.03441,   13.37840,0.10378,0.07322,  1, -0.71693,-0.71693, 0, -0.71693,  1, 13.31097,13.37182, 0, 13.31097,  21.87,21.87, 0, 21.87, 0, 0,   0.276,  -0.253, 1, 200.000,393.600,-492.000, 10.000,  0.005,0,
unit_sim,  83515286.646, 0,  390240, 0, 21.87000,21.87000, 13.78748,13.37834,-0.00553,13.37182,  -0.472, -0.717, -0.717, -0.194,  0,    -6889.8,   0.98177, 0, 
unit_ekf, 83515286.646,  2.000, 0.9999999,   5.6e-06,  2.25e-06,      0.25,0.001501437, 0.2506239,0.003866654,-0.5212931, 0.7102003,0.05026054,  13.31792, 0.7100059,0.001505184, 0.7102003,0.001501437,  13.26766, 0.6438255,
g20230530_soc1a_bb, 2023-07-10T10:11:57,  83515286.646, 0.100,   0,  390240, 0,  1,  0,  0, 21.9,13.311,    -0.717,    -0.717,    -0.194,13.37840,    13.78748,-0.00830,13.32026,13.26766,   0.050261, 0.98177,0.71020,0.98203,0.04065,
unit_sel, 83515287.046, 0, 1,  -0.2718294,  -2.96683,-2.78812,-2.96683,-2.96683,-2.96683,  -0.17871,-0.03797,   13.37840,0.06083,0.07195,  1, -2.96683,-2.96683, 0, -2.96683,  1, 13.25524,13.35453, 0, 13.25524,  21.87,21.87, 0, 21.87, 0, 0,  -5.000,  -0.334, 1, 200.000,393.600,-492.000, 10.000,  0.005,0,
unit_sim,  83515287.046, 0,  390240, 0, 21.87000,21.87000, 13.78748,13.37834,-0.02267,13.35453,  -1.989, -2.967, -2.967, -0.212,  0,    -6890.4,   0.98177, 0, 
unit_ekf, 83515287.046,  2.000, 0.9999999,   5.6e-06,  2.25e-06,      0.25,0.001501437, 0.2506239,0.003866654,-0.5212931, 0.7102003,0.05026054,  13.31792, 0.7100059,0.001505184, 0.7102003,0.001501437,  13.26766, 0.6438255,
g20230530_soc1a_bb, 2023-07-10T10:11:57,  83515287.046, 0.100,   0,  390240, 0,  1,  0,  0, 21.9,13.255,    -2.967,    -2.967,    -0.212,13.37840,    13.78748,-0.03373,13.29011,13.26766,   0.050261, 0.98177,0.71020,0.98203,0.04065,
unit_sel, 83515287.446, 0, 1,  -0.2718264,  -2.96683,-2.78812,-2.96683,-2.96683,-2.96683,  -0.17871,-0.02435,   13.37839,0.08819,0.07318,  1, -2.96683,-2.96683, 0, -2.96683,  1, 13.27239,13.34759, 0, 13.27239,  21.87,21.87, 0, 21.87, 0, 0,  -3.982,  -0.863, 1, 200.000,393.600,-492.000, 10.000,  0.005,0,
unit_sim,  83515287.446, 0,  390240, 0, 21.87000,21.87000, 13.78748,13.37834,-0.02931,13.34759,  -2.576, -2.967, -2.967, -0.270,  0,    -6891.6,   0.98177, 0, 
unit_ekf, 83515287.446,  2.000, 0.9999999,   5.6e-06,  2.25e-06,      0.25,0.001501437, 0.2506239,0.003866654,-0.5212931, 0.7102003,0.05026054,  13.31792, 0.7100059,0.001505184, 0.7102003,0.001501437,  13.26766, 0.6438255,
g20230530_soc1a_bb, 2023-07-10T10:11:57,  83515287.446, 0.100,   0,  390240, 0,  1,  0,  0, 21.9,13.272,    -2.967,    -2.967,    -0.270,13.37839,    13.78748,-0.03374,13.30757,13.26766,   0.050261, 0.98177,0.71020,0.98203,0.04065,
unit_sel, 83515287.846, 0, 1,  -0.2718232,  -2.72228,-2.34792,-2.72228,-2.72228,-2.72228,  -0.37436,-0.02154,   13.37839,0.07322,0.07355,  1, -2.72228,-2.72228, 0, -2.72228,  1, 13.25953,13.34121, 0, 13.25953,  21.87,21.87, 0, 21.87, 0, 0,  -1.384,  -1.415, 1, 200.000,393.600,-492.000, 10.000,  0.005,0,
unit_sim,  83515287.846, 0,  390240, 0, 21.87000,21.87000, 13.78748,13.37834,-0.03541,13.34121,  -3.114, -2.722, -2.722, -0.329,  0,    -6892.7,   0.98177, 0, 
unit_ekf, 83515287.846,  2.000, 0.9999999,   5.6e-06,  2.25e-06,      0.25,0.001499946, 0.2506235,0.003863386, -2.722284, 0.7102795,0.02446556,  13.29224,  0.710185,0.001503687, 0.7102795,0.001499946,  13.26778, 0.6439209,
g20230530_soc1a_bb, 2023-07-10T10:11:58,  83515287.846, 0.100,   0,  390240, 0,  1,  0,  0, 21.9,13.260,    -2.722,    -2.722,    -0.329,13.37839,    13.78748,-0.03099,13.29224,13.26778,   0.024466, 0.98177,0.71028,0.98202,0.04065,
unit_sel, 83515288.246, 0, 1,  -0.2717414,  -2.42881,-2.05445,-2.42881,-2.42881,-2.42881,  -0.37436,-0.01339,   13.37839,0.08183,0.07461,  1, -2.42881,-2.42881, 0, -2.42881,  1, 13.28525,13.34982, 0, 13.28525,  21.87,21.87, 0, 21.87, 0, 0,   0.514,  -1.564, 1, 200.000,393.600,-492.000, 10.000,  0.005,0,
unit_sim,  83515288.246, 0,  390240, 0, 21.87000,21.87000, 13.78748,13.37834,-0.02658,13.34982,  -2.331, -2.429, -2.429, -0.373,  0,    -6893.7,   0.98176, 0, 
unit_ekf, 83515288.246,  2.000, 0.9999999,   5.6e-06,  2.25e-06,      0.25,0.001499946, 0.2506235,0.003863386, -2.722284, 0.7102795,0.02446556,  13.29224,  0.710185,0.001503687, 0.7102795,0.001499946,  13.26778, 0.6439209,
g20230530_soc1a_bb, 2023-07-10T10:11:58,  83515288.246, 0.100,   0,  390240, 0,  1,  0,  0, 21.9,13.285,    -2.429,    -2.429,    -0.373,13.37839,    13.78748,-0.02768,13.31487,13.26778,   0.024466, 0.98176,0.71028,0.98202,0.04065,
unit_sel, 83515288.646, 0, 1,  -0.2717390,  -1.84188,-2.25010,-1.84188,-1.84188,-1.84188,  0.40822,-0.00527,   13.37839,0.07414,0.07489,  1, -1.84188,-1.84188, 0, -1.84188,  1, 13.31097,13.35072, 0, 13.31097,  21.87,21.87, 0, 21.87, 0, 0,   1.135,  -1.409, 1, 200.000,393.600,-492.000, 10.000,  0.005,0,
unit_sim,  83515288.646, 0,  390240, 0, 21.87000,21.87000, 13.78748,13.37834,-0.02548,13.35072,  -2.233, -1.842, -1.842, -0.415,  0,    -6894.5,   0.98176, 0, 
unit_ekf, 83515288.646,  2.000, 0.9999999,   5.6e-06,  2.25e-06,      0.25,0.001499946, 0.2506235,0.003863386, -2.722284, 0.7102795,0.02446556,  13.29224,  0.710185,0.001503687, 0.7102795,0.001499946,  13.26778, 0.6439209,
g20230530_soc1a_bb, 2023-07-10T10:11:59,  83515288.646, 0.100,   0,  390240, 0,  1,  0,  0, 21.9,13.311,    -1.842,    -1.842,    -0.415,13.37839,    13.78748,-0.02106,13.33417,13.26778,   0.024466, 0.98176,0.71028,0.98202,0.04065,
unit_sel, 83515289.046, 0, 1,  -0.2717364,  -2.91792,-2.44575,-2.91792,-2.91792,-2.91792,  -0.47218,-0.00418,   13.37839,0.07903,0.07392,  1, -2.91792,-2.91792, 0, -2.91792,  1, 13.25953,13.34272, 0, 13.25953,  21.87,21.87, 0, 21.87, 0, 0,  -1.002,  -1.213, 1, 200.000,393.600,-492.000, 10.000,  0.005,0,
unit_sim,  83515289.046, 0,  390240, 0, 21.87000,21.87000, 13.78748,13.37834,-0.03323,13.34272,  -2.918, -2.918, -2.918, -0.458,  0,    -6895.6,   0.98176, 0, 
unit_ekf, 83515289.046,  2.000, 0.9999999,   5.6e-06,  2.25e-06,      0.25,0.001499946, 0.2506235,0.003863386, -2.722284, 0.7102795,0.02446556,  13.29224,  0.710185,0.001503687, 0.7102795,0.001499946,  13.26778, 0.6439209,
g20230530_soc1a_bb, 2023-07-10T10:11:59,  83515289.046, 0.100,   0,  390240, 0,  1,  0,  0, 21.9,13.260,    -2.918,    -2.918,    -0.458,13.37839,    13.78748,-0.03323,13.29515,13.26778,   0.024466, 0.98176,0.71028,0.98202,0.04065,
unit_sel, 83515289.446, 0, 1,  -0.2717333,  -3.06465,-3.17941,-3.06465,-3.06465,-3.06465,  0.11476,0.00396,   13.37839,0.07073,0.07420,  1, -3.06465,-3.06465, 0, -3.06465,  1, 13.28954,13.34299, 0, 13.28954,  21.87,21.87, 0, 21.87, 0, 0,  -1.121,  -1.115, 1, 200.000,393.600,-492.000, 10.000,  0.005,0,
unit_sim,  83515289.446, 0,  390240, 0, 21.87000,21.87000, 13.78748,13.37834,-0.03269,13.34299,  -2.869, -3.065, -3.065, -0.510,  0,    -6896.8,   0.98176, 0, 
unit_ekf, 83515289.446,  2.000, 0.9999999,   5.6e-06,  2.25e-06,      0.25,0.001499946, 0.2506235,0.003863386, -2.722284, 0.7102795,0.02446556,  13.29224,  0.710185,0.001503687, 0.7102795,0.001499946,  13.26778, 0.6439209,
g20230530_soc1a_bb, 2023-07-10T10:11:59,  83515289.446, 0.100,   0,  390240, 0,  1,  0,  0, 21.9,13.290,    -3.065,    -3.065,    -0.510,13.37839,    13.78748,-0.03490,13.32710,13.26778,   0.024466, 0.98176,0.71028,0.98201,0.04065,
unit_sel, 83515289.846, 0, 1,  -0.2717304,  -2.77119,-2.64139,-2.77119,-2.77119,-2.77119,  -0.12981,0.00957,   13.37839,0.09258,0.07377,  1, -2.77119,-2.77119, 0, -2.77119,  1, 13.27239,13.34771, 0, 13.27239,  21.87,21.87, 0, 21.87, 0, 0,   0.400,  -1.004, 1, 200.000,393.600,-492.000, 10.000,  0.005,0,
unit_sim,  83515289.846, 0,  390240, 0, 21.87000,21.87000, 13.78748,13.37834,-0.02773,13.34771,  -2.429, -2.771, -2.771, -0.559,  0,    -6897.9,   0.98175, 0, 
unit_ekf, 83515289.846,  2.000, 0.9999999,   5.6e-06,  2.25e-06,      0.25,0.001498462, 0.2506229,0.003859565, -2.771192, 0.7104147,0.03905773,  13.30689, 0.7102639,0.001502196, 0.7104147,0.001498462,  13.26783, 0.6439209,
g20230530_soc1a_bb, 2023-07-10T10:11:59,  83515289.846, 0.100,   0,  390240, 0,  1,  0,  0, 21.9,13.272,    -2.771,    -2.771,    -0.559,13.37839,    13.78748,-0.03160,13.30689,13.26783,   0.039058, 0.98175,0.71041,0.98201,0.04065,
unit_sel, 83515290.246, 0, 1,  -0.2715925,  -2.67336,-2.59248,-2.67336,-2.67336,-2.67336,  -0.08088,0.01965,   13.37839,0.08224,0.07468,  1, -2.67336,-2.67336, 0, -2.67336,  1, 13.28096,13.35024, 0, 13.28096,  21.87,21.87, 0, 21.87, 0, 0,   0.709,  -0.830, 1, 200.000,393.600,-492.000, 10.000,  0.005,0,
unit_sim,  83515290.246, 0,  390240, 0, 21.87000,21.87000, 13.78748,13.37834,-0.02497,13.35024,  -2.184, -2.673, -2.673, -0.604,  0,    -6898.9,   0.98175, 0, 
unit_ekf, 83515290.246,  2.000, 0.9999999,   5.6e-06,  2.25e-06,      0.25,0.001498462, 0.2506229,0.003859565, -2.771192, 0.7104147,0.03905773,  13.30689, 0.7102639,0.001502196, 0.7104147,0.001498462,  13.26783, 0.6439209,
g20230530_soc1a_bb, 2023-07-10T10:12:00,  83515290.246, 0.100,   0,  390240, 0,  1,  0,  0, 21.9,13.281,    -2.673,    -2.673,    -0.604,13.37839,    13.78748,-0.03050,13.31460,13.26783,   0.039058, 0.98175,0.71041,0.98201,0.04065,
unit_sel, 83515290.646, 0, 1,  -0.2715897,  -2.23317,-3.03268,-2.23317,-2.23317,-2.23317,  0.79951,0.03285,   13.37839,0.08616,0.07626,  1, -2.23317,-2.23317, 0, -2.23317,  1, 13.27239,13.34559, 0, 13.27239,  21.87,21.87, 0, 21.87, 0, 0,   0.558,  -0.605, 1, 200.000,393.600,-492.000, 10.000,  0.005,0,
unit_sim,  83515290.646, 0,  390240, 0, 21.87000,21.87000, 13.78748,13.37834,-0.02941,13.34559,  -2.576, -2.233, -2.233, -0.647,  0,    -6899.9,   0.98175, 0, 
unit_ekf, 83515290.646,  2.000, 0.9999999,   5.6e-06,  2.25e-06,      0.25,0.001498462, 0.2506229,0.003859565, -2.771192, 0.7104147,0.03905773,  13.30689, 0.7102639,0.001502196, 0.7104147,0.001498462,  13.26783, 0.6439209,
g20230530_soc1a_bb, 2023-07-10T10:12:00,  83515290.646, 0.100,   0,  390240, 0,  1,  0,  0, 21.9,13.272,    -2.233,    -2.233,    -0.647,13.37839,    13.78748,-0.02554,13.30127,13.26783,   0.039058, 0.98175,0.71041,0.98200,0.04065,
unit_sel, 83515291.046, 0, 1,  -0.2715873,  -2.42881,-2.93486,-2.42881,-2.42881,-2.42881,  0.50604,0.04020,   13.37839,0.11611,0.07745,  1, -2.42881,-2.42881, 0, -2.42881,  1, 13.25095,13.34982, 0, 13.25095,  21.87,21.87, 0, 21.87, 0, 0,   0.242,  -0.346, 1, 200.000,393.600,-492.000, 10.000,  0.005,0,
unit_sim,  83515291.046, 0,  390240, 0, 21.87000,21.87000, 13.78748,13.37834,-0.02499,13.34982,  -2.184, -2.429, -2.429, -0.682,  0,    -6900.8,   0.98175, 0, 
unit_ekf, 83515291.046,  2.000, 0.9999999,   5.6e-06,  2.25e-06,      0.25,0.001498462, 0.2506229,0.003859565, -2.771192, 0.7104147,0.03905773,  13.30689, 0.7102639,0.001502196, 0.7104147,0.001498462,  13.26783, 0.6439209,
g20230530_soc1a_bb, 2023-07-10T10:12:00,  83515291.046, 0.100,   0,  390240, 0,  1,  0,  0, 21.9,13.251,    -2.429,    -2.429,    -0.682,13.37839,    13.78748,-0.02776,13.28224,13.26783,   0.039058, 0.98175,0.71041,0.98200,0.04065,
unit_sel, 83515291.446, 0, 1,  -0.2715847,  -1.89079,-2.39683,-1.89079,-1.89079,-1.89079,  0.50604,0.04902,   13.37839,0.07774,0.07806,  1, -1.89079,-1.89079, 0, -1.89079,  1, 13.27239,13.34576, 0, 13.27239,  21.87,21.87, 0, 21.87, 0, 0,   0.587,  -0.158, 1, 200.000,393.600,-492.000, 10.000,  0.005,0,
unit_sim,  83515291.446, 0,  390240, 0, 21.87000,21.87000, 13.78748,13.37834,-0.02887,13.34576,  -2.527, -1.891, -1.891, -0.719,  0,    -6901.8,   0.98174, 0, 
unit_ekf, 83515291.446,  2.000, 0.9999999,   5.6e-06,  2.25e-06,      0.25,0.001498462, 0.2506229,0.003859565, -2.771192, 0.7104147,0.03905773,  13.30689, 0.7102639,0.001502196, 0.7104147,0.001498462,  13.26783, 0.6439209,
g20230530_soc1a_bb, 2023-07-10T10:12:01,  83515291.446, 0.100,   0,  390240, 0,  1,  0,  0, 21.9,13.272,    -1.891,    -1.891,    -0.719,13.37839,    13.78748,-0.02169,13.29778,13.26783,   0.039058, 0.98174,0.71041,0.98200,0.04065,
unit_sel, 83515291.846, 0, 1,  -0.2715821,  -2.91792,-2.98376,-2.91792,-2.91792,-2.91792,  0.06584,0.03924,   13.37839,0.07422,0.07884,  1, -2.91792,-2.91792, 0, -2.91792,  1, 13.25953,13.34221, 0, 13.25953,  21.87,21.87, 0, 21.87, 0, 0,  -1.270,  -0.058, 1, 200.000,393.600,-492.000, 10.000,  0.005,0,
unit_sim,  83515291.846, 0,  390240, 0, 21.87000,21.87000, 13.78748,13.37834,-0.03220,13.34221,  -2.820, -2.918, -2.918, -0.758,  0,    -6902.9,   0.98174, 0, 
unit_ekf, 83515291.846,  2.000, 0.9999999,   5.6e-06,  2.25e-06,      0.25,0.001496987, 0.2506221,0.003855195, -2.917923, 0.7105095,0.02884769,  13.29676, 0.7103983,0.001500712, 0.7105095,0.001496987,  13.26791, 0.6438255,
g20230530_soc1a_bb, 2023-07-10T10:12:01,  83515291.846, 0.100,   0,  390240, 0,  1,  0,  0, 21.9,13.260,    -2.918,    -2.918,    -0.758,13.37839,    13.78748,-0.03331,13.29676,13.26791,   0.028848, 0.98174,0.71051,0.98200,0.04065,
unit_sel, 83515292.246, 0, 1,  -0.2714841,  -2.52664,-2.39683,-2.52664,-2.52664,-2.52664,  -0.12981,0.01843,   13.37839,0.08352,0.07861,  1, -2.52664,-2.52664, 0, -2.52664,  1, 13.27668,13.33866, 0, 13.27668,  21.87,21.87, 0, 21.87, 0, 0,   0.416,  -0.087, 1, 200.000,393.600,-492.000, 10.000,  0.005,0,
unit_sim,  83515292.246, 0,  390240, 0, 21.87000,21.87000, 13.78748,13.37834,-0.03553,13.33866,  -3.114, -2.527, -2.527, -0.803,  0,    -6904.0,   0.98174, 0, 
unit_ekf, 83515292.246,  2.000, 0.9999999,   5.6e-06,  2.25e-06,      0.25,0.001496987, 0.2506221,0.003855195, -2.917923, 0.7105095,0.02884769,  13.29676, 0.7103983,0.001500712, 0.7105095,0.001496987,  13.26791, 0.6438255,
g20230530_soc1a_bb, 2023-07-10T10:12:02,  83515292.246, 0.100,   0,  390240, 0,  1,  0,  0, 21.9,13.277,    -2.527,    -2.527,    -0.803,13.37839,    13.78748,-0.02890,13.30972,13.26791,   0.028848, 0.98174,0.71051,0.98199,0.04065,
unit_sel, 83515292.646, 0, 1,  -0.2714815,  -1.40168,-0.92950,-1.40168,-1.40168,-1.40168,  -0.47218,0.02350,   13.37839,0.10668,0.07806,  1, -1.40168,-1.40168, 0, -1.40168,  1, 13.28954,13.34900, 0, 13.28954,  21.87,21.87, 0, 21.87, 0, 0,   3.076,  -0.057, 1, 200.000,393.600,-492.000, 10.000,  0.005,0,
unit_sim,  83515292.646, 0,  390240, 0, 21.87000,21.87000, 13.78748,13.37833,-0.02504,13.34900,  -2.184, -1.402, -1.402, -0.838,  0,    -6904.9,   0.98173, 0, 
unit_ekf, 83515292.646,  2.000, 0.9999999,   5.6e-06,  2.25e-06,      0.25,0.001496987, 0.2506221,0.003855195, -2.917923, 0.7105095,0.02884769,  13.29676, 0.7103983,0.001500712, 0.7105095,0.001496987,  13.26791, 0.6438255,
g20230530_soc1a_bb, 2023-07-10T10:12:02,  83515292.646, 0.100,   0,  390240, 0,  1,  0,  0, 21.9,13.290,    -1.402,    -1.402,    -0.838,13.37839,    13.78748,-0.01620,13.31004,13.26791,   0.028848, 0.98173,0.71051,0.98199,0.04065,
unit_sel, 83515293.046, 0, 1,  -0.2714810,  0.01673,-0.04911,0.01673,0.01673,0.01673,  0.06584,0.00810,   13.37839,0.07475,0.07678,  1, 0.01673,0.01673, 0, 0.01673,  1, 13.27239,13.37284, 0, 13.27239,  21.87,21.87, 0, 21.87, 0, 0,   5.000,   0.424, 1, 200.000,393.600,-492.000, 10.000,  0.005,0,
unit_sim,  83515293.046, 0,  390240, 0, 21.87000,21.87000, 13.78748,13.37833,-0.00127,13.37284,  -0.081,  0.017,  0.017, -0.831,  0,    -6904.9,   0.98173, 0, 
unit_ekf, 83515293.046,  2.000, 0.9999999,   5.6e-06,  2.25e-06,      0.25,0.001496987, 0.2506221,0.003855195, -2.917923, 0.7105095,0.02884769,  13.29676, 0.7103983,0.001500712, 0.7105095,0.001496987,  13.26791, 0.6438255,
g20230530_soc1a_bb, 2023-07-10T10:12:02,  83515293.046, 0.100,   0,  390240, 0,  1,  0,  0, 21.9,13.272,     0.017,     0.017,    -0.831,13.37839,    13.78748,-0.00017,13.27678,13.26791,   0.028848, 0.98173,0.71051,0.98199,0.04065,
unit_sel, 83515293.446, 0, 1,  -0.2714809,  -0.08109,-0.48930,-0.08109,-0.08109,-0.08109,  0.40821,0.02498,   13.37839,0.06888,0.07781,  1, -0.08109,-0.08109, 0, -0.08109,  1, 13.31097,13.37125, 0, 13.31097,  21.87,21.87, 0, 21.87, 0, 0,   2.185,   1.071, 1, 200.000,393.600,-492.000, 10.000,  0.005,0,
unit_sim,  83515293.446, 0,  390240, 0, 21.87000,21.87000, 13.78748,13.37833,-0.00293,13.37125,  -0.228, -0.081, -0.081, -0.817,  0,    -6905.0,   0.98173, 0, 
unit_ekf, 83515293.446,  2.000, 0.9999999,   5.6e-06,  2.25e-06,      0.25,0.001496987, 0.2506221,0.003855195, -2.917923, 0.7105095,0.02884769,  13.29676, 0.7103983,0.001500712, 0.7105095,0.001496987,  13.26791, 0.6438255,
g20230530_soc1a_bb, 2023-07-10T10:12:03,  83515293.446, 0.100,   0,  390240, 0,  1,  0,  0, 21.9,13.311,    -0.081,    -0.081,    -0.817,13.37839,    13.78748,-0.00127,13.31640,13.26791,   0.028848, 0.98173,0.71051,0.98199,0.04065,
unit_sel, 83515293.846, 0, 1,  -0.2714807,  -0.22782,-0.19584,-0.22782,-0.22782,-0.22782,  -0.03198,0.01909,   13.37839,0.09910,0.07721,  1, -0.22782,-0.22782, 0, -0.22782,  1, 13.31526,13.37574, 0, 13.31526,  21.87,21.87, 0, 21.87, 0, 0,   1.452,   1.501, 1, 200.000,393.600,-492.000, 10.000,  0.005,0,
unit_sim,  83515293.846, 0,  390240, 0, 21.87000,21.87000, 13.78748,13.37833,0.00149,13.37574,   0.163, -0.228, -0.228, -0.802,  0,    -6905.1,   0.98173, 0, 
unit_ekf, 83515293.846,  2.000, 0.9999999,   5.6e-06,  2.25e-06,      0.25,0.001495518, 0.2506216,0.003851982,-0.2278233, 0.7107173, 0.0542841,  13.32227, 0.7105082,0.001499237, 0.7107173,0.001495518,  13.26799, 0.6439209,
g20230530_soc1a_bb, 2023-07-10T10:12:03,  83515293.846, 0.100,   0,  390240, 0,  1,  0,  0, 21.9,13.315,    -0.228,    -0.228,    -0.802,13.37839,    13.78748,-0.00293,13.32227,13.26799,   0.054284, 0.98173,0.71072,0.98199,0.04065,
unit_sel, 83515294.246, 0, 1,  -0.2712725,  -0.22782,-0.14693,-0.22782,-0.22782,-0.22782,  -0.08089,0.00310,   13.37839,0.08394,0.07634,  1, -0.22782,-0.22782, 0, -0.22782,  1, 13.28954,13.36915, 0, 13.28954,  21.87,21.87, 0, 21.87, 0, 0,   0.584,   1.619, 1, 200.000,393.600,-492.000, 10.000,  0.005,0,
unit_sim,  83515294.246, 0,  390240, 0, 21.87000,21.87000, 13.78748,13.37833,-0.00514,13.36915,  -0.423, -0.228, -0.228, -0.794,  0,    -6905.2,   0.98173, 0, 
unit_ekf, 83515294.246,  2.000, 0.9999999,   5.6e-06,  2.25e-06,      0.25,0.001495518, 0.2506216,0.003851982,-0.2278233, 0.7107173, 0.0542841,  13.32227, 0.7105082,0.001499237, 0.7107173,0.001495518,  13.26799, 0.6439209,
g20230530_soc1a_bb, 2023-07-10T10:12:04,  83515294.246, 0.100,   0,  390240, 0,  1,  0,  0, 21.9,13.290,    -0.228,    -0.228,    -0.794,13.37839,    13.78748,-0.00293,13.29651,13.26799,   0.054284, 0.98173,0.71072,0.98199,0.04065,
unit_sel, 83515294.646, 0, 1,  -0.2712723,  -0.17892,-0.48931,-0.17892,-0.17892,-0.17892,  0.31040,0.01456,   13.37839,0.05995,0.07650,  1, -0.17892,-0.17892, 0, -0.17892,  1, 13.31097,13.37088, 0, 13.31097,  21.87,21.87, 0, 21.87, 0, 0,   0.114,   1.548, 1, 200.000,393.600,-492.000, 10.000,  0.005,0,
unit_sim,  83515294.646, 0,  390240, 0, 21.87000,21.87000, 13.78748,13.37833,-0.00348,13.37088,  -0.277, -0.179, -0.179, -0.781,  0,    -6905.3,   0.98173, 0, 
unit_ekf, 83515294.646,  2.000, 0.9999999,   5.6e-06,  2.25e-06,      0.25,0.001495518, 0.2506216,0.003851982,-0.2278233, 0.7107173, 0.0542841,  13.32227, 0.7105082,0.001499237, 0.7107173,0.001495518,  13.26799, 0.6439209,
g20230530_soc1a_bb, 2023-07-10T10:12:04,  83515294.646, 0.100,   0,  390240, 0,  1,  0,  0, 21.9,13.311,    -0.179,    -0.179,    -0.781,13.37839,    13.78748,-0.00238,13.31732,13.26799,   0.054284, 0.98173,0.71072,0.98199,0.04065,
unit_sel, 83515295.046, 0, 1,  -0.2712722,  -0.17892,0.04871,-0.17892,-0.17892,-0.17892,  -0.22763,0.01803,   13.37839,0.05906,0.07587,  1, -0.17892,-0.17892, 0, -0.17892,  1, 13.30240,13.37428, 0, 13.30240,  21.87,21.87, 0, 21.87, 0, 0,   0.936,   1.380, 1, 200.000,393.600,-492.000, 10.000,  0.005,0,
unit_sim,  83515295.046, 0,  390240, 0, 21.87000,21.87000, 13.78748,13.37833,-0.00016,13.37428,   0.017, -0.179, -0.179, -0.765,  0,    -6905.3,   0.98173, 0, 
unit_ekf, 83515295.046,  2.000, 0.9999999,   5.6e-06,  2.25e-06,      0.25,0.001495518, 0.2506216,0.003851982,-0.2278233, 0.7107173, 0.0542841,  13.32227, 0.7105082,0.001499237, 0.7107173,0.001495518,  13.26799, 0.6439209,
g20230530_soc1a_bb, 2023-07-10T10:12:04,  83515295.046, 0.100,   0,  390240, 0,  1,  0,  0, 21.9,13.302,    -0.179,    -0.179,    -0.765,13.37839,    13.78748,-0.00238,13.30866,13.26799,   0.054284, 0.98173,0.71072,0.98199,0.04065,
unit_sel, 83515295.446, 0, 1,  -0.2712720,  -0.37455,0.14653,-0.37455,-0.37455,-0.37455,  -0.52108,0.00273,   13.37839,0.07253,0.07494,  1, -0.37455,-0.37455, 0, -0.37455,  1, 13.29382,13.37489, 0, 13.29382,  21.87,21.87, 0, 21.87, 0, 0,   0.350,   1.174, 1, 200.000,393.600,-492.000, 10.000,  0.005,0,
unit_sim,  83515295.446, 0,  390240, 0, 21.87000,21.87000, 13.78748,13.37833,0.00039,13.37489,   0.066, -0.375, -0.375, -0.754,  0,    -6905.4,   0.98173, 0, 
unit_ekf, 83515295.446,  2.000, 0.9999999,   5.6e-06,  2.25e-06,      0.25,0.001495518, 0.2506216,0.003851982,-0.2278233, 0.7107173, 0.0542841,  13.32227, 0.7105082,0.001499237, 0.7107173,0.001495518,  13.26799, 0.6439209,
g20230530_soc1a_bb, 2023-07-10T10:12:05,  83515295.446, 0.100,   0,  390240, 0,  1,  0,  0, 21.9,13.294,    -0.375,    -0.375,    -0.754,13.37839,    13.78748,-0.00459,13.30225,13.26799,   0.054284, 0.98173,0.71072,0.98199,0.04065,
unit_sel, 83515295.846, 0, 1,  -0.2712717,  -0.17891,0.09762,-0.17891,-0.17891,-0.17891,  -0.27653,0.00333,   13.37839,0.05364,0.07419,  1, -0.17891,-0.17891, 0, -0.17891,  1, 13.31526,13.36886, 0, 13.31526,  21.87,21.87, 0, 21.87, 0, 0,   0.279,   0.923, 1, 200.000,393.600,-492.000, 10.000,  0.005,0,
unit_sim,  83515295.846, 0,  390240, 0, 21.87000,21.87000, 13.78748,13.37833,-0.00569,13.36886,  -0.472, -0.179, -0.179, -0.744,  0,    -6905.5,   0.98173, 0, 
unit_ekf, 83515295.846,  2.000, 0.9999999,   5.6e-06,  2.25e-06,      0.25,0.001494057,  0.250621,0.003848218, -0.178908, 0.7109213,0.05329323,  13.32141, 0.7107162,0.001497768, 0.7109213,0.001494057,  13.26812, 0.6439209,
g20230530_soc1a_bb, 2023-07-10T10:12:05,  83515295.846, 0.100,   0,  390240, 0,  1,  0,  0, 21.9,13.315,    -0.179,    -0.179,    -0.744,13.37839,    13.78748,-0.00237,13.32141,13.26812,   0.053293, 0.98173,0.71092,0.98199,0.04065,
unit_sel, 83515296.246, 0, 1,  -0.2710674,  -0.13000,-0.29366,-0.13000,-0.13000,-0.13000,  0.16366,0.00179,   13.37839,0.06822,0.07331,  1, -0.13000,-0.13000, 0, -0.13000,  1, 13.31526,13.37058, 0, 13.31526,  21.87,21.87, 0, 21.87, 0, 0,  -0.171,   0.701, 1, 200.000,393.600,-492.000, 10.000,  0.005,0,
unit_sim,  83515296.246, 0,  390240, 0, 21.87000,21.87000, 13.78748,13.37833,-0.00403,13.37058,  -0.326, -0.130, -0.130, -0.734,  0,    -6905.6,   0.98173, 0, 
unit_ekf, 83515296.246,  2.000, 0.9999999,   5.6e-06,  2.25e-06,      0.25,0.001494057,  0.250621,0.003848218, -0.178908, 0.7109213,0.05329323,  13.32141, 0.7107162,0.001497768, 0.7109213,0.001494057,  13.26812, 0.6439209,
g20230530_soc1a_bb, 2023-07-10T10:12:06,  83515296.246, 0.100,   0,  390240, 0,  1,  0,  0, 21.9,13.315,    -0.130,    -0.130,    -0.734,13.37839,    13.78748,-0.00182,13.32080,13.26812,   0.053293, 0.98173,0.71092,0.98199,0.04065,
v0unit_sel, 83515296.646, 0, 1,  -0.2710676,  -0.42346,-0.24476,-0.42346,-0.42346,-0.42346,  -0.17871,0.02267,   13.37839,0.09804,0.07410,  1, -0.42346,-0.42346, 0, -0.42346,  1, 13.29811,13.37896, 0, 13.29811,  21.87,21.87, 0, 21.87, 0, 0,  -0.379,   0.560, 1, 200.000,393.600,-492.000, 10.000,  0.005,0,
unit_sim,  83515296.646, 0,  390240, 0, 21.87000,21.87000, 13.78748,13.37833,0.00426,13.37896,   0.408, -0.423, -0.423, -0.715,  0,    -6905.6,   0.98173, 0, 
unit_ekf, 83515296.646,  2.000, 0.9999999,   5.6e-06,  2.25e-06,      0.25,0.001494057,  0.250621,0.003848218, -0.178908, 0.7109213,0.05329323,  13.32141, 0.7107162,0.001497768, 0.7109213,0.001494057,  13.26812, 0.6439209,
g20230530_soc1a_bb, 2023-07-10T10:12:06,  83515296.646, 0.100,   0,  390240, 0,  1,  0,  0, 21.9,13.298,    -0.423,    -0.423,    -0.715,13.37839,    13.78748,-0.00514,13.30688,13.26812,   0.053293, 0.98173,0.71092,0.98199,0.04065,
;echo: v0, 4
echo: v0, 0
sp.debug 4 to 0
