=~=~=~=~=~=~=~=~=~=~=~= PuTTY log 2024.01.12 12:11:26 =~=~=~=~=~=~=~=~=~=~=~=,,,,,,,,,,,,,,,,,,,,,,,,
g20231111b_soc0p_ch, 2024-01-12T17:13:08,1705079516.932,0.1,1,405720,1,1,0,0,14.562,14.49,0,0,14.7,13.75825,0.00005,14.48949,0,14.4938,1,1,1,0.045,
g20231111b_soc0p_ch, 2024-01-12T17:13:09,1705079517.332,0.101,1,405720,1,1,0,0,14.562,14.498,0,0,14.7,13.75825,0.00006,14.4981,0,14.4938,1,1,1,0.045,
g20231111b_soc0p_ch, 2024-01-12T17:13:09,1705079517.732,0.101,1,405720,1,1,0,0,14.562,14.49,0.035,0.035,14.7,13.75825,0.00054,14.48901,0,14.4938,1,1,1,0.045,
g20231111b_soc0p_ch, 2024-01-12T17:13:10,1705079518.132,0.1,1,405720,1,1,0,0,14.562,14.481,0,0,14.7,13.75825,0.00006,14.48088,0,14.4938,1,1,1,0.045,
g20231111b_soc0p_ch, 2024-01-12T17:13:10,1705079518.531,0.099,1,405720,1,1,0,0,14.562,14.49,0.035,0.035,14.7,13.75825,0.00054,14.48901,0,14.493318,1,1,1,0.045,
g20231111b_soc0p_ch, 2024-01-12T17:13:10,1705079518.932,0.101,1,405720,1,1,0,0,14.562,14.49,0.035,0.035,14.7,13.75825,0.00054,14.48901,0,14.493318,1,1,1,0.045,
g20231111b_soc0p_ch, 2024-01-12T17:13:11,1705079519.332,0.1,1,405720,1,1,0,0,14.562,14.498,0.035,0.035,14.7,13.75825,0.00054,14.49762,0,14.493318,1,1,1,0.045,
g20231111b_soc0p_ch, 2024-01-12T17:13:11,1705079519.732,0.101,1,405720,1,1,0,0,14.562,14.494,0.035,0.035,14.7,13.75825,0.00054,14.49331,0,14.493318,1,1,1,0.045,
vg20231111b_soc0p_ch, 2024-01-12T17:13:12,1705079520.131,0.099,1,405720,1,1,0,0,14.562,14.494,0,0,14.7,13.75825,0.00006,14.49379,0,14.493318,1,1,1,0.045,
vg20231111b_soc0p_ch, 2024-01-12T17:13:12,1705079520.531,0.1,1,405720,1,1,0,0,14.562,14.49,0,0,14.7,13.75825,0.00006,14.48948,0,14.497618,1,1,1,0.045,
0g20231111b_soc0p_ch, 2024-01-12T17:13:12,1705079520.932,0.101,1,405720,1,1,0,0,14.562,14.498,0.035,0.035,14.7,13.75825,0.00054,14.49762,0,14.497618,1,1,1,0.045,
,g20231111b_soc0p_ch, 2024-01-12T17:13:13,1705079521.331,0.099,1,405720,1,1,0,0,14.562,14.481,0,0,14.7,13.75825,0.00006,14.48087,0,14.497618,1,1,1,0.045
g20231111b_soc0p_ch, 2024-01-12T17:13:13,1705079521.732,0.101,1,405720,1,1,0,0,14.562,14.494,0.035,0.035,14.7,13.75825,0.00055,14.49331,0,14.497618,1,1,1,0.045,
g20231111b_soc0p_ch, 2024-01-12T17:13:14,1705079522.131,0.099,1,405720,1,1,0,0,14.562,14.494,0,0,14.7,13.75825,0.00006,14.49379,0,14.497618,1,1,1,0.045,
g20231111b_soc0p_ch, 2024-01-12T17:13:14,1705079522.531,0.099,1,405720,1,1,0,0,14.562,14.49,0,0,14.7,13.75825,0.00006,14.48948,0,14.501922,1,1,1,0.045,
g20231111b_soc0p_ch, 2024-01-12T17:13:14,1705079522.932,0.101,1,405720,1,1,0,0,14.562,14.494,0.035,0.035,14.7,13.75825,0.00054,14.49331,0,14.501922,1,1,1,0.045,
g20231111b_soc0p_ch, 2024-01-12T17:13:15,1705079523.332,0.1,1,405720,1,1,0,0,14.562,14.485,0,0,14.7,13.75825,0.00006,14.48518,0,14.501922,1,1,1,0.045,
g20231111b_soc0p_ch, 2024-01-12T17:13:15,1705079523.731,0.099,1,405720,1,1,0,0,14.562,14.49,0,0,14.7,13.75825,0.00006,14.48948,0,14.501922,1,1,1,0.045,
g20231111b_soc0p_ch, 2024-01-12T17:13:16,1705079524.131,0.099,1,405720,1,1,0,0,14.562,14.49,0.035,0.035,14.7,13.75825,0.00054,14.489,0,14.501922,1,1,1,0.045,
g20231111b_soc0p_ch, 2024-01-12T17:13:16,1705079524.532,0.1,1,405720,1,1,0,0,14.562,14.477,0,0,14.7,13.75825,0.00006,14.47657,0,14.489484,1,1,1,0.045,
g20231111b_soc0p_ch, 2024-01-12T17:13:16,1705079524.931,0.099,1,405720,1,1,0,0,14.562,14.49,0.035,0.035,14.7,13.75825,0.00054,14.489,0,14.489484,1,1,1,0.045,
vg20231111b_soc0p_ch, 2024-01-12T17:13:17,1705079525.331,0.099,1,405720,1,1,0,0,14.562,14.494,0,0,14.7,13.75825,0.00006,14.49379,0,14.489484,1,1,1,0.045,
v0g20231111b_soc0p_ch, 2024-01-12T17:13:17,1705079525.731,0.1,1,405720,1,1,0,0,14.562,14.485,0,0,14.7,13.75825,0.00006,14.48518,0,14.489484,1,1,1,0.045,
g20231111b_soc0p_ch, 2024-01-12T17:13:18,1705079526.131,0.1,1,405720,1,1,0,0,14.562,14.498,0,0,14.7,13.75825,0.00006,14.4981,0,14.489484,1,1,1,0.045,
g20231111b_soc0p_ch, 2024-01-12T17:13:18,1705079526.532,0.1,1,405720,1,1,0,0,14.562,14.494,0,0,14.7,13.75825,0.00006,14.49379,0,14.489488,1,1,1,0.045,
,g20231111b_soc0p_ch, 2024-01-12T17:13:18,1705079526.932,0.101,1,405720,1,1,0,0,14.562,14.49,0,0,14.7,13.75825,0.00006,14.48949,0,14.489488,1,1,1,0.045
g20231111b_soc0p_ch, 2024-01-12T17:13:19,1705079527.331,0.1,1,405720,1,1,0,0,14.562,14.507,0.035,0.035,14.7,13.75825,0.00054,14.50623,0,14.489488,1,1,1,0.045,
g20231111b_soc0p_ch, 2024-01-12T17:13:19,1705079527.732,0.101,1,405720,1,1,0,0,14.562,14.49,0,0,14.7,13.75825,0.00006,14.48949,0,14.489488,1,1,1,0.045,
g20231111b_soc0p_ch, 2024-01-12T17:13:20,1705079528.131,0.1,1,405720,1,1,0,0,14.562,14.494,0.035,0.035,14.7,13.75825,0.00054,14.49331,0,14.489488,1,1,1,0.045,
g20231111b_soc0p_ch, 2024-01-12T17:13:20,1705079528.531,0.099,1,405720,1,1,0,0,14.562,14.49,0,0,14.7,13.75825,0.00006,14.48949,0,14.489488,1,1,1,0.045,
g20231111b_soc0p_ch, 2024-01-12T17:13:20,1705079528.931,0.1,1,405720,1,1,0,0,14.562,14.494,0,0,14.7,13.75825,0.00006,14.4938,0,14.489488,1,1,1,0.045,
g20231111b_soc0p_ch, 2024-01-12T17:13:21,1705079529.331,0.1,1,405720,1,1,0,0,14.562,14.498,0,0,14.7,13.75825,0.00006,14.4981,0,14.489488,1,1,1,0.045,
g20231111b_soc0p_ch, 2024-01-12T17:13:21,1705079529.731,0.1,1,405720,1,1,0,0,14.562,14.481,0,0,14.7,13.75825,0.00006,14.48088,0,14.489488,1,1,1,0.045,
g20231111b_soc0p_ch, 2024-01-12T17:13:22,1705079530.132,0.1,1,405720,1,1,0,0,14.562,14.485,0,0,14.7,13.75825,0.00006,14.48519,0,14.489488,1,1,1,0.045,
g20231111b_soc0p_ch, 2024-01-12T17:13:22,1705079530.542,0.101,1,405720,1,1,0,0,14.562,14.494,0,0,14.7,13.75825,0.00006,14.4938,0,14.493798,1,1,1,0.045,
g20231111b_soc0p_ch, 2024-01-12T17:13:22,1705079530.941,0.099,1,405720,1,1,0,0,14.562,14.485,0,0,14.7,13.75825,0.00005,14.48519,0,14.493798,1,1,1,0.045,
g20231111b_soc0p_ch, 2024-01-12T17:13:23,1705079531.341,0.099,1,405720,1,1,0,0,14.562,14.498,0,0,14.7,13.75825,0.00005,14.49811,0,14.493798,1,1,1,0.045,
g20231111b_soc0p_ch, 2024-01-12T17:13:23,1705079531.742,0.1,1,405720,1,1,0,0,14.562,14.49,0,0,14.7,13.75825,0.00005,14.4895,0,14.493798,1,1,1,0.045,
g20231111b_soc0p_ch, 2024-01-12T17:13:24,1705079532.142,0.1,1,405720,1,1,0,0,14.562,14.477,0,0,14.7,13.75825,0.00005,14.47658,0,14.493798,1,1,1,0.045,
g20231111b_soc0p_ch, 2024-01-12T17:13:24,1705079532.542,0.101,1,405720,1,1,0,0,14.562,14.498,0,0,14.7,13.75825,0.00005,14.49811,0,14.489498,1,1,1,0.045,
vg20231111b_soc0p_ch, 2024-01-12T17:13:24,1705079532.942,0.101,1,405720,1,1,0,0,14.562,14.49,0,0,14.7,13.75825,0.00005,14.4895,0,14.489498,1,1,1,0.045,
vg20231111b_soc0p_ch, 2024-01-12T17:13:25,1705079533.342,0.101,1,405720,1,1,0,0,14.562,14.481,0,0,14.7,13.75825,0.00005,14.48089,0,14.489498,1,1,1,0.045,
0g20231111b_soc0p_ch, 2024-01-12T17:13:25,1705079533.742,0.101,1,405720,1,1,0,0,14.562,14.494,0,0,14.69999,13.75825,0.00005,14.49381,0,14.489498,1,1,1,0.045,
g20231111b_soc0p_ch, 2024-01-12T17:13:26,1705079534.142,0.1,1,405720,1,1,0,0,14.562,14.49,-0.035,-0.035,14.69999,13.75825,-0.00044,14.48998,0,14.489498,1,1,1,0.045,
g20231111b_soc0p_ch, 2024-01-12T17:13:26,1705079534.541,0.1,1,405720,1,1,0,0,14.562,14.481,0,0,14.69999,13.75825,0.00004,14.48089,0,14.50673,1,1,1,0.045,
,g20231111b_soc0p_ch, 2024-01-12T17:13:26,1705079534.942,0.1,1,405720,1,1,0,0,14.562,14.49,0,0,14.69999,13.75825,0.00004,14.48951,0,14.50673,1,1,1,0.045
,,,,,,,,,,,,,,,,,,,,,,,,
,,,,,,,,,,,,,,,,,,,,,,,,
cmd: vv0,,,,,,,,,,,,,,,,,,,,,,,,
 Verbosity                    0 ->         1,        int (* vv),,,,,,,,,,,,,,,,,,,,,,,
 Verbosity                    0 ->         0,        int (* vv),,,,,,,,,,,,,,,,,,,,,,,
cmd: vv0,,,,,,,,,,,,,,,,,,,,,,,,
 Verbosity                    0 ->         0,        int (* vv),,,,,,,,,,,,,,,,,,,,,,,
 Verbosity                    0 ->         0,        int (* vv),,,,,,,,,,,,,,,,,,,,,,,
cmd: vv0,,,,,,,,,,,,,,,,,,,,,,,,
 Verbosity                    0 ->         0,        int (* vv),,,,,,,,,,,,,,,,,,,,,,,
 Verbosity                    0 ->         0,        int (* vv),,,,,,,,,,,,,,,,,,,,,,,
Hd,Pf,Q,,,,,,,,,,,,,,,,,,,,,,
,,,,,,,,,,,,,,,,,,,,,,,,
cmd: Hd,,,,,,,,,,,,,,,,,,,,,,,,
,,,,,,,,,,,,,,,,,,,,,,,,
print_all_fault_buffer: iflt 89 nflt 169,,,,,,,,,,,,,,,,,,,,,,,,
unit_h, 2024-01-08T00:55:52,1704675352,12.745,13.288,-0.173,-0.098,12.745,13.288,-0.173,0.8639,0.0284,1,13.292,13.292,0.007,0,0,,,,,,,
unit_h, 2024-01-08T01:25:52,1704677152,12.682,13.271,-0.208,-0.185,12.682,13.271,-0.208,0.8634,0.0278,1,13.274,13.274,0.008,0,0,,,,,,,
unit_h, 2024-01-08T01:55:52,1704678952,12.62,13.288,-0.173,-0.185,12.62,13.288,-0.173,0.8628,0.0274,1,13.292,13.292,0.009,0,0,,,,,,,
unit_h, 2024-01-08T02:25:52,1704680752,12.62,13.193,-1.668,-1.66,12.62,13.193,-1.668,0.8546,0.0272,1,13.226,13.226,0.065,0,0,,,,,,,
unit_h, 2024-01-08T02:55:52,1704682552,12.62,13.18,-1.738,-1.833,12.62,13.18,-1.738,0.8454,0.0272,1,13.215,13.215,0.069,0,0,,,,,,,
unit_h, 2024-01-08T03:25:52,1704684352,12.62,13.184,-1.32,-1.313,12.62,13.184,-1.32,0.8366,0.0272,1,13.211,13.211,0.067,0,0,,,,,,,
unit_h, 2024-01-08T03:55:52,1704686152,12.62,13.188,-1.668,-1.66,12.62,13.188,-1.668,0.8281,0.0272,1,13.222,13.222,0.066,0,0,,,,,,,
unit_h, 2024-01-08T04:25:52,1704687952,12.62,13.188,-1.598,-1.573,12.62,13.188,-1.598,0.8199,0.0272,1,13.22,13.22,0.063,0,0,,,,,,,
unit_h, 2024-01-08T04:55:52,1704689752,12.62,13.21,-1.182,-1.14,12.62,13.21,-1.182,0.8134,0.0272,1,13.233,13.233,0.052,0,0,,,,,,,
unit_h, 2024-01-08T05:25:53,1704691553,12.62,13.223,-0.903,-0.878,12.62,13.223,-0.903,0.8085,0.0272,1,13.24,13.24,0.043,0,0,,,,,,,
unit_h, 2024-01-08T05:55:53,1704693353,12.62,13.223,-1.668,-1.66,12.62,13.223,-1.668,0.8036,0.0272,1,13.251,13.251,0.043,0,0,,,,,,,
unit_h, 2024-01-08T06:25:53,1704695153,12.62,13.214,-1.077,-1.053,12.62,13.214,-1.077,0.7977,0.0272,1,13.236,13.236,0.048,0,0,,,,,,,
unit_h, 2024-01-08T06:55:53,1704696953,12.62,13.206,-1.182,-1.14,12.62,13.206,-1.182,0.7921,0.0272,1,13.228,13.228,0.047,0,0,,,,,,,
unit_h, 2024-01-08T07:25:53,1704698753,12.62,13.21,-1.217,-1.227,12.62,13.21,-1.217,0.7863,0.0272,1,13.234,13.234,0.047,0,0,,,,,,,
unit_h, 2024-01-08T07:55:53,1704700553,12.62,13.21,-1.008,-0.967,12.62,13.21,-1.008,0.7809,0.0272,1,13.231,13.231,0.043,1024,0,,,,,,,
unit_h, 2024-01-08T08:25:53,1704702353,12.557,13.206,-0.868,-0.792,12.557,13.206,-0.868,0.7752,0.0266,1,13.223,13.223,0.043,0,0,,,,,,,
unit_h, 2024-01-08T08:55:53,1704704153,12.557,13.223,-0.73,-0.705,12.557,13.223,-0.73,0.7708,0.0266,1,13.238,13.238,0.038,0,0,,,,,,,
unit_h, 2024-01-08T09:25:53,1704705953,12.495,13.249,-0.243,-0.185,12.495,13.249,-0.243,0.7698,0.0261,1,13.253,13.253,0.015,1024,0,,,,,,,
unit_h, 2024-01-08T09:55:53,1704707753,12.495,13.271,-0.173,-0.185,12.495,13.271,-0.173,0.7688,0.0261,1,13.274,13.274,0.006,0,0,,,,,,,
unit_h, 2024-01-08T10:25:54,1704709554,12.432,13.262,-0.208,-0.185,12.432,13.262,-0.208,0.7682,0.0254,1,13.266,13.266,0.003,0,0,,,,,,,
unit_h, 2024-01-08T10:55:54,1704711354,12.37,13.262,-0.173,-0.098,12.37,13.262,-0.173,0.7678,0.0249,1,13.266,13.266,0,0,0,,,,,,,
unit_h, 2024-01-08T11:25:54,1704713154,12.307,13.266,-0.173,-0.272,12.307,13.266,-0.173,0.7672,0.0243,1,13.27,13.27,0,1024,0,,,,,,,
unit_h, 2024-01-08T11:55:54,1704714954,12.245,13.279,-0.173,-0.098,12.245,13.279,-0.173,0.7668,0.0237,1,13.283,13.283,-0.002,0,0,,,,,,,
unit_h, 2024-01-08T12:25:54,1704716754,12.182,13.266,-0.208,-0.098,12.182,13.266,-0.208,0.7662,0.0231,1,13.27,13.27,-0.001,0,0,,,,,,,
unit_h, 2024-01-08T12:55:54,1704718554,12.12,13.283,-0.173,-0.098,12.12,13.283,-0.173,0.7658,0.0226,1,13.287,13.287,-0.003,0,0,,,,,,,
unit_h, 2024-01-08T13:25:54,1704720354,12.057,13.279,-0.173,-0.185,12.057,13.279,-0.173,0.7654,0.0219,1,13.283,13.283,-0.004,0,0,,,,,,,
unit_h, 2024-01-08T13:55:54,1704722154,11.995,13.279,-0.033,0.075,11.995,13.279,-0.033,0.7653,0.0214,1,13.28,13.28,-0.011,1024,0,,,,,,,
unit_h, 2024-01-08T14:25:54,1704723954,11.995,13.275,-0.033,-0.012,11.995,13.275,-0.033,0.7654,0.0214,1,13.275,13.275,-0.018,0,0,,,,,,,
unit_h, 2024-01-08T14:55:55,1704725755,11.995,13.288,-0.068,-0.098,11.995,13.288,-0.068,0.7652,0.0214,1,13.289,13.289,-0.016,1024,0,,,,,,,
unit_h, 2024-01-08T15:25:55,1704727555,11.995,13.46,4.588,4.762,11.995,13.46,4.588,0.7681,0.0214,1,13.37,13.37,-0.101,0,0,,,,,,,
unit_h, 2024-01-08T15:55:55,1704729355,12.062,13.649,10.15,10.492,12.062,13.649,10.15,0.8075,0.022,1,13.45,13.45,-0.161,0,0,,,,,,,
unit_h, 2024-01-08T16:25:55,1704731155,12.437,13.632,10.29,10.665,12.437,13.632,10.29,0.8566,0.0251,1,13.43,13.43,-0.148,0,0,,,,,,,
unit_h, 2024-01-08T16:55:55,1704732955,12.75,13.472,2.607,2.678,12.75,13.472,2.607,0.8961,0.0284,1,13.419,13.419,-0.119,0,0,,,,,,,
unit_h, 2024-01-08T17:25:55,1704734755,12.937,13.426,1.633,1.637,12.937,13.426,1.633,0.9087,0.0302,1,13.392,13.392,-0.094,0,0,,,,,,,
unit_h, 2024-01-08T17:55:55,1704736555,13.062,13.395,0.798,0.855,13.062,13.395,0.798,0.9141,0.0313,1,13.38,13.38,-0.071,0,0,,,,,,,
unit_h, 2024-01-08T18:25:55,1704738355,13.187,13.369,0.59,0.682,13.187,13.369,0.59,0.9162,0.0325,1,13.358,13.358,-0.063,0,0,,,,,,,
unit_h, 2024-01-08T18:55:55,1704740155,13.312,13.464,2.537,2.592,13.312,13.464,2.537,0.9209,0.0337,1,13.414,13.414,-0.109,0,0,,,,,,,
unit_h, 2024-01-08T19:25:56,1704741956,13.5,13.421,1.147,1.29,13.5,13.421,1.147,0.9311,0.0354,1,13.398,13.398,-0.106,0,0,,,,,,,
unit_h, 2024-01-08T19:55:56,1704743756,13.625,13.395,0.625,0.682,13.625,13.395,0.625,0.9353,0.0366,1,13.382,13.382,-0.079,0,0,,,,,,,
unit_h, 2024-01-08T20:25:56,1704745556,13.687,13.404,0.66,0.682,13.687,13.404,0.66,0.9389,0.0371,1,13.391,13.391,-0.084,0,0,,,,,,,
unit_h, 2024-01-08T20:55:56,1704747356,13.75,13.348,0,-0.012,13.75,13.348,0,0.9397,0.0377,1,13.348,13.348,-0.05,0,0,,,,,,,
unit_h, 2024-01-08T21:25:56,1704749156,13.812,13.335,-0.138,-0.098,13.812,13.335,-0.138,0.9386,0.0383,1,13.338,13.338,-0.032,0,0,,,,,,,
unit_h, 2024-01-08T21:55:56,1704750956,13.875,13.313,-0.208,-0.185,13.875,13.313,-0.208,0.9371,0.0389,1,13.318,13.318,-0.024,0,0,,,,,,,
unit_h, 2024-01-08T22:25:56,1704752756,13.875,13.318,-0.173,-0.185,13.875,13.318,-0.173,0.9362,0.0389,1,13.322,13.322,-0.021,1024,0,,,,,,,
unit_h, 2024-01-08T22:55:56,1704754556,13.937,13.318,-0.208,-0.185,13.937,13.318,-0.208,0.9346,0.0395,1,13.322,13.322,-0.018,1024,0,,,,,,,
unit_h, 2024-01-08T23:25:57,1704756357,13.932,13.318,-0.173,-0.185,13.932,13.318,-0.173,0.9337,0.0394,1,13.322,13.322,-0.016,0,0,,,,,,,
unit_h, 2024-01-08T23:55:57,1704758157,13.87,13.305,-0.208,-0.185,13.87,13.305,-0.208,0.9334,0.0389,1,13.309,13.309,-0.013,1024,0,,,,,,,
unit_h, 2024-01-09T00:25:57,1704759957,13.807,13.318,-0.208,-0.185,13.807,13.318,-0.208,0.9331,0.0382,1,13.322,13.322,-0.012,0,0,,,,,,,
unit_h, 2024-01-09T00:55:57,1704761757,13.745,13.313,-0.173,-0.185,13.745,13.313,-0.173,0.9327,0.0377,1,13.317,13.317,-0.012,0,0,,,,,,,
unit_h, 2024-01-09T01:25:57,1704763557,13.682,13.297,-0.208,-0.185,13.682,13.297,-0.208,0.9324,0.0371,1,13.3,13.3,-0.01,0,0,,,,,,,
unit_h, 2024-01-09T01:55:57,1704765357,13.557,13.318,-0.173,-0.098,13.557,13.318,-0.173,0.9326,0.0359,1,13.322,13.322,-0.008,0,0,,,,,,,
unit_h, 2024-01-09T02:25:57,1704767157,13.495,13.219,-1.738,-1.66,13.495,13.219,-1.738,0.9267,0.0354,1,13.253,13.253,0.047,0,0,,,,,,,
unit_h, 2024-01-09T02:55:57,1704768957,13.495,13.223,-1.738,-1.747,13.495,13.223,-1.738,0.9183,0.0354,1,13.257,13.257,0.047,0,0,,,,,,,
unit_h, 2024-01-09T03:25:58,1704770758,13.432,13.223,-1.563,-1.573,13.432,13.223,-1.563,0.9124,0.0348,1,13.254,13.254,0.044,0,0,,,,,,,
unit_h, 2024-01-09T03:55:58,1704772558,13.432,13.223,-1.528,-1.573,13.432,13.223,-1.528,0.9046,0.0348,1,13.253,13.253,0.047,0,0,,,,,,,
unit_h, 2024-01-09T04:25:58,1704774358,13.37,13.219,-1.39,-1.4,13.37,13.219,-1.39,0.8982,0.0342,1,13.247,13.247,0.046,0,0,,,,,,,
unit_h, 2024-01-09T04:55:58,1704776158,13.37,13.245,-0.938,-0.967,13.37,13.245,-0.938,0.8925,0.0342,1,13.264,13.264,0.038,0,0,,,,,,,
unit_h, 2024-01-09T05:25:58,1704777958,13.307,13.223,-1.39,-1.4,13.307,13.223,-1.39,0.8874,0.0336,1,13.25,13.25,0.043,0,0,,,,,,,
unit_h, 2024-01-09T05:55:58,1704779758,13.307,13.24,-0.938,-0.967,13.307,13.24,-0.938,0.8817,0.0336,1,13.259,13.259,0.041,0,0,,,,,,,
unit_h, 2024-01-09T06:25:58,1704781558,13.245,13.232,-0.973,-0.967,13.245,13.232,-0.973,0.8768,0.033,1,13.252,13.252,0.042,0,0,,,,,,,
unit_h, 2024-01-09T06:55:58,1704783358,13.182,13.227,-0.973,-0.878,13.182,13.227,-0.973,0.8721,0.0324,1,13.247,13.247,0.041,0,0,,,,,,,
unit_h, 2024-01-09T07:25:59,1704785159,13.182,13.223,-1.112,-1.14,13.182,13.223,-1.112,0.8664,0.0324,1,13.245,13.245,0.047,0,0,,,,,,,
unit_h, 2024-01-09T07:55:59,1704786959,13.12,13.227,-1.252,-1.227,13.12,13.227,-1.252,0.8621,0.0319,1,13.251,13.251,0.043,0,0,,,,,,,
unit_h, 2024-01-09T08:25:59,1704788759,13.057,13.227,-1.008,-0.967,13.057,13.227,-1.008,0.8578,0.0313,1,13.247,13.247,0.043,0,0,,,,,,,
unit_h, 2024-01-09T08:55:59,1704790559,12.995,13.227,-0.73,-0.705,12.995,13.227,-0.73,0.854,0.0307,1,13.243,13.243,0.042,0,0,,,,,,,
unit_h, 2024-01-09T09:25:59,1704792359,12.995,13.257,-0.208,-0.185,12.995,13.257,-0.208,0.8506,0.0307,1,13.262,13.262,0.029,1024,0,,,,,,,
unit_h, 2024-01-09T09:55:59,1704794159,13,13.266,-0.173,-0.185,13,13.266,-0.173,0.8495,0.0307,1,13.27,13.27,0.017,1024,0,,,,,,,
unit_h, 2024-01-09T10:25:59,1704795959,12.995,13.279,-0.173,-0.185,12.995,13.279,-0.173,0.8486,0.0307,1,13.283,13.283,0.012,1024,0,,,,,,,
unit_h, 2024-01-09T10:55:59,1704797759,12.932,13.271,-0.173,-0.185,12.932,13.271,-0.173,0.8481,0.0301,1,13.274,13.274,0.01,0,0,,,,,,,
unit_h, 2024-01-09T11:26:00,1704799560,12.87,13.283,-0.173,-0.185,12.87,13.283,-0.173,0.8478,0.0296,1,13.287,13.287,0.009,1024,0,,,,,,,
unit_h, 2024-01-09T11:56:00,1704801360,12.807,13.279,-0.173,-0.098,12.807,13.279,-0.173,0.8473,0.0289,1,13.283,13.283,0.01,1024,0,,,,,,,
unit_h, 2024-01-09T12:26:00,1704803160,12.745,13.283,0,-0.012,12.745,13.283,0,0.8471,0.0284,1,13.283,13.283,0.006,1024,0,,,,,,,
unit_h, 2024-01-09T12:56:00,1704804960,12.682,13.292,-0.068,-0.012,12.682,13.292,-0.068,0.8473,0.0278,1,13.293,13.293,0,1024,0,,,,,,,
unit_h, 2024-01-09T13:26:00,1704806760,12.682,13.309,0.382,0.422,12.682,13.309,0.382,0.8483,0.0278,1,13.302,13.302,-0.022,0,0,,,,,,,
unit_h, 2024-01-09T13:56:00,1704808560,12.682,13.352,0.695,0.682,12.682,13.352,0.695,0.8501,0.0278,1,13.338,13.338,-0.038,0,0,,,,,,,
unit_h, 2024-01-09T14:26:00,1704810360,12.62,13.374,0.903,1.028,12.62,13.374,0.903,0.8541,0.0272,1,13.356,13.356,-0.065,0,0,,,,,,,
unit_h, 2024-01-09T14:56:00,1704812160,12.557,13.443,1.598,1.637,12.557,13.443,1.598,0.8609,0.0266,1,13.412,13.412,-0.106,1024,0,,,,,,,
unit_h, 2024-01-09T15:26:00,1704813960,12.495,13.538,4.31,4.415,12.495,13.538,4.31,0.8738,0.0261,1,13.454,13.454,-0.155,0,0,,,,,,,
unit_h, 2024-01-09T15:56:01,1704815761,12.495,13.472,2.05,2.072,12.495,13.472,2.05,0.8871,0.0261,1,13.432,13.432,-0.135,0,0,,,,,,,
unit_h, 2024-01-09T16:26:01,1704817561,12.495,13.499,2.677,2.765,12.495,13.499,2.677,0.8986,0.0261,1,13.446,13.446,-0.15,1024,0,,,,,,,
unit_h, 2024-01-09T16:56:01,1704819361,12.495,13.503,2.502,2.678,12.495,13.503,2.502,0.9116,0.0261,1,13.453,13.453,-0.15,0,0,,,,,,,
unit_h, 2024-01-09T17:26:01,1704821161,12.495,13.503,2.398,2.505,12.495,13.503,2.398,0.9246,0.0261,1,13.456,13.456,-0.153,0,0,,,,,,,
unit_h, 2024-01-09T17:56:01,1704822961,12.495,13.49,1.98,2.072,12.495,13.49,1.98,0.9343,0.0261,1,13.451,13.451,-0.147,0,0,,,,,,,
unit_h, 2024-01-09T18:26:01,1704824761,12.495,13.486,1.493,1.637,12.495,13.486,1.493,0.9432,0.0261,1,13.457,13.457,-0.144,0,0,,,,,,,
unit_h, 2024-01-09T18:56:01,1704826561,12.495,13.46,1.182,1.203,12.495,13.46,1.182,0.9496,0.0261,1,13.437,13.437,-0.133,1024,0,,,,,,,
unit_h, 2024-01-09T19:26:01,1704828361,12.432,13.438,0.798,0.855,12.432,13.438,0.798,0.9549,0.0254,1,13.422,13.422,-0.116,1024,0,,,,,,,
unit_h, 2024-01-09T19:56:02,1704830162,12.432,13.391,0.277,0.335,12.432,13.391,0.277,0.9577,0.0254,1,13.386,13.386,-0.087,1024,0,,,,,,,
unit_h, 2024-01-09T20:26:02,1704831962,12.432,13.365,-0.068,-0.098,12.432,13.365,-0.068,0.958,0.0254,1,13.367,13.367,-0.054,0,0,,,,,,,
unit_h, 2024-01-09T20:56:02,1704833762,12.37,13.339,-0.173,-0.098,12.37,13.339,-0.173,0.958,0.0249,1,13.342,13.342,-0.038,1024,0,,,,,,,
unit_h, 2024-01-09T21:26:02,1704835562,12.37,13.335,-0.173,-0.098,12.37,13.335,-0.173,0.9571,0.0249,1,13.338,13.338,-0.028,1024,0,,,,,,,
unit_h, 2024-01-09T21:56:02,1704837362,12.307,13.335,-0.173,-0.185,12.307,13.335,-0.173,0.9568,0.0243,1,13.338,13.338,-0.021,0,0,,,,,,,
unit_h, 2024-01-09T22:26:02,1704839162,12.307,13.318,-0.173,-0.098,12.307,13.318,-0.173,0.9559,0.0243,1,13.322,13.322,-0.017,1024,0,,,,,,,
unit_h, 2024-01-09T22:56:02,1704840962,12.245,13.313,-0.173,-0.185,12.245,13.313,-0.173,0.9556,0.0237,1,13.317,13.317,-0.014,1024,0,,,,,,,
unit_h, 2024-01-09T23:26:02,1704842762,12.245,13.301,-0.173,-0.098,12.245,13.301,-0.173,0.9546,0.0237,1,13.304,13.304,-0.01,0,0,,,,,,,
unit_h, 2024-01-09T23:56:03,1704844563,12.182,13.313,-0.173,-0.098,12.182,13.313,-0.173,0.9543,0.0231,1,13.317,13.317,-0.007,1024,0,,,,,,,
unit_h, 2024-01-10T00:26:03,1704846363,12.182,13.301,-0.173,-0.185,12.182,13.301,-0.173,0.9534,0.0231,1,13.304,13.304,-0.007,1024,0,,,,,,,
unit_h, 2024-01-10T00:56:03,1704848163,12.182,13.309,-0.173,-0.185,12.182,13.309,-0.173,0.9525,0.0231,1,13.312,13.312,-0.004,1024,0,,,,,,,
unit_h, 2024-01-10T01:26:03,1704849963,12.182,13.301,-0.208,-0.098,12.182,13.301,-0.208,0.9516,0.0231,1,13.305,13.305,-0.002,1024,0,,,,,,,
unit_h, 2024-01-10T01:56:03,1704851763,12.182,13.309,-0.173,-0.098,12.182,13.309,-0.173,0.9507,0.0231,1,13.312,13.312,-0.002,0,0,,,,,,,
unit_h, 2024-01-10T02:26:03,1704853563,12.182,13.206,-2.05,-2.095,12.182,13.206,-2.05,0.9458,0.0231,1,13.246,13.246,0.057,0,0,,,,,,,
unit_h, 2024-01-10T02:56:03,1704855363,12.187,13.227,-1.495,-1.487,12.187,13.227,-1.495,0.9376,0.0232,1,13.257,13.257,0.056,0,0,,,,,,,
unit_h, 2024-01-10T03:26:03,1704857163,12.187,13.206,-1.495,-1.573,12.187,13.206,-1.495,0.9296,0.0232,1,13.236,13.236,0.055,0,0,,,,,,,
unit_h, 2024-01-10T03:56:04,1704858964,12.25,13.223,-1.598,-1.573,12.25,13.223,-1.598,0.9211,0.0238,1,13.255,13.255,0.057,0,0,,,,,,,
unit_h, 2024-01-10T04:26:04,1704860764,12.312,13.21,-1.633,-1.66,12.312,13.21,-1.633,0.9121,0.0243,1,13.242,13.242,0.056,0,0,,,,,,,
unit_h, 2024-01-10T04:56:04,1704862564,12.375,13.232,-1.112,-1.053,12.375,13.232,-1.112,0.9051,0.0249,1,13.253,13.253,0.048,0,0,,,,,,,
unit_h, 2024-01-10T05:26:04,1704864364,12.375,13.232,-1.077,-1.053,12.375,13.232,-1.077,0.8992,0.0249,1,13.254,13.254,0.048,0,0,,,,,,,
unit_h, 2024-01-10T05:56:04,1704866164,12.437,13.232,-1.147,-1.14,12.437,13.232,-1.147,0.8926,0.0255,1,13.255,13.255,0.05,0,0,,,,,,,
unit_h, 2024-01-10T06:26:04,1704867964,12.5,13.223,-1.008,-0.967,12.5,13.223,-1.008,0.8862,0.0261,1,13.243,13.243,0.047,0,0,,,,,,,
unit_h, 2024-01-10T06:56:04,1704869764,12.5,13.219,-1.147,-1.14,12.5,13.219,-1.147,0.8801,0.0261,1,13.242,13.242,0.051,0,0,,,,,,,
unit_h, 2024-01-10T07:26:04,1704871564,12.562,13.223,-0.938,-0.878,12.562,13.223,-0.938,0.8736,0.0267,1,13.242,13.242,0.052,0,0,,,,,,,
unit_h, 2024-01-10T07:56:05,1704873365,12.625,13.214,-1.252,-1.227,12.625,13.214,-1.252,0.8678,0.0272,1,13.239,13.239,0.051,0,0,,,,,,,
unit_h, 2024-01-10T08:26:05,1704875165,12.687,13.266,-0.173,-0.185,12.687,13.266,-0.173,0.8656,0.0278,1,13.27,13.27,0.025,1024,0,,,,,,,
unit_h, 2024-01-10T08:56:05,1704876965,12.687,13.266,-0.208,-0.185,12.687,13.266,-0.208,0.8646,0.0278,1,13.27,13.27,0.017,0,0,,,,,,,
unit_h, 2024-01-10T09:26:05,1704878765,12.75,13.271,-0.173,-0.098,12.75,13.271,-0.173,0.8631,0.0284,1,13.274,13.274,0.014,0,0,,,,,,,
unit_h, 2024-01-10T09:56:05,1704880565,12.75,13.279,-0.208,-0.185,12.75,13.279,-0.208,0.8621,0.0284,1,13.283,13.283,0.012,0,0,,,,,,,
unit_h, 2024-01-10T10:26:05,1704882365,12.75,13.283,-0.173,-0.185,12.75,13.283,-0.173,0.8612,0.0284,1,13.287,13.287,0.011,0,0,,,,,,,
unit_h, 2024-01-10T10:56:05,1704884165,12.75,13.271,-0.208,-0.185,12.75,13.271,-0.208,0.8602,0.0284,1,13.274,13.274,0.01,0,0,,,,,,,
unit_h, 2024-01-10T11:26:05,1704885965,12.75,13.275,-0.173,-0.098,12.75,13.275,-0.173,0.8592,0.0284,1,13.278,13.278,0.01,1024,0,,,,,,,
unit_h, 2024-01-10T11:56:05,1704887765,12.812,13.279,-0.173,-0.098,12.812,13.279,-0.173,0.8578,0.029,1,13.283,13.283,0.01,1024,0,,,,,,,
unit_h, 2024-01-10T12:26:06,1704889566,12.812,13.271,-0.173,-0.185,12.812,13.271,-0.173,0.8568,0.029,1,13.274,13.274,0.009,0,0,,,,,,,
unit_h, 2024-01-10T12:56:06,1704891366,12.812,13.283,-0.173,-0.098,12.812,13.283,-0.173,0.8559,0.029,1,13.287,13.287,0.011,0,0,,,,,,,
unit_h, 2024-01-10T13:26:06,1704893166,12.875,13.327,0.695,0.768,12.875,13.327,0.695,0.8567,0.0296,1,13.313,13.313,-0.023,1024,0,,,,,,,
unit_h, 2024-01-10T13:56:06,1704894966,12.875,13.413,0.833,0.942,12.875,13.413,0.833,0.8676,0.0296,1,13.396,13.396,-0.11,0,0,,,,,,,
unit_h, 2024-01-10T14:26:06,1704896766,13,13.343,-0.033,-0.012,13,13.343,-0.033,0.8709,0.0307,1,13.344,13.344,-0.052,0,0,,,,,,,
unit_h, 2024-01-10T14:56:06,1704898566,13.125,13.472,1.32,1.377,13.125,13.472,1.32,0.8809,0.0319,1,13.444,13.444,-0.141,0,0,,,,,,,
unit_h, 2024-01-10T15:26:06,1704900366,13.25,13.516,3.44,3.547,13.25,13.516,3.44,0.8968,0.0331,1,13.448,13.448,-0.157,0,0,,,,,,,
unit_h, 2024-01-10T15:56:06,1704902166,13.375,13.417,0.833,0.855,13.375,13.417,0.833,0.9022,0.0343,1,13.401,13.401,-0.098,0,0,,,,,,,
unit_h, 2024-01-10T16:26:07,1704903967,13.5,13.503,2.71,2.852,13.5,13.503,2.71,0.914,0.0354,1,13.45,13.45,-0.159,0,0,,,,,,,
unit_h, 2024-01-10T16:56:07,1704905767,13.625,13.499,2.015,2.072,13.625,13.499,2.015,0.9292,0.0366,1,13.459,13.459,-0.153,1024,0,,,,,,,
unit_h, 2024-01-10T17:26:07,1704907567,13.687,13.43,0.798,0.855,13.687,13.43,0.798,0.9353,0.0371,1,13.414,13.414,-0.116,1024,0,,,,,,,
unit_h, 2024-01-10T17:56:07,1704909367,13.812,13.46,0.728,0.768,13.812,13.46,0.728,0.9433,0.0383,1,13.446,13.446,-0.132,0,0,,,,,,,
unit_h, 2024-01-10T18:26:07,1704911167,13.875,13.404,0.173,0.248,13.875,13.404,0.173,0.9479,0.0389,1,13.401,13.401,-0.101,0,0,,,,,,,
unit_h, 2024-01-10T18:56:07,1704912967,13.937,13.533,2.398,2.505,13.937,13.533,2.398,0.9499,0.0395,1,13.485,13.485,-0.171,0,0,,,,,,,
unit_h, 2024-01-10T19:26:07,1704914767,14.062,13.525,1.563,1.637,14.062,13.525,1.563,0.9621,0.0406,1,13.493,13.493,-0.194,1024,0,,,,,,,
unit_h, 2024-01-10T19:56:07,1704916567,14.125,13.529,1.25,1.377,14.125,13.529,1.25,0.9687,0.0413,1,13.504,13.504,-0.198,0,0,,,,,,,
unit_h, 2024-01-10T20:26:07,1704918367,14.187,13.52,0.068,0.162,14.187,13.52,0.068,0.9719,0.0418,1,13.518,13.518,-0.214,0,0,,,,,,,
unit_h, 2024-01-10T20:56:08,1704920168,14.25,13.417,-0.068,-0.012,14.25,13.417,-0.068,0.9716,0.0424,1,13.418,13.418,-0.102,1024,0,,,,,,,
unit_h, 2024-01-10T21:26:08,1704921968,14.312,13.352,-0.173,-0.185,14.312,13.352,-0.173,0.9703,0.043,1,13.356,13.356,-0.047,1024,0,,,,,,,
unit_h, 2024-01-10T21:56:08,1704923768,14.375,13.327,-0.173,-0.098,14.375,13.327,-0.173,0.9688,0.0436,1,13.33,13.33,-0.018,1024,0,,,,,,,
unit_h, 2024-01-10T22:26:08,1704925568,14.375,13.305,-0.208,-0.098,14.375,13.305,-0.208,0.9677,0.0436,1,13.309,13.309,0.002,0,0,,,,,,,
unit_h, 2024-01-10T22:56:08,1704927368,14.375,13.283,-0.208,-0.185,14.375,13.283,-0.208,0.9668,0.0436,1,13.288,13.288,0.013,1024,0,,,,,,,
unit_h, 2024-01-10T23:26:08,1704929168,14.375,13.283,-0.208,-0.185,14.375,13.283,-0.208,0.9658,0.0436,1,13.288,13.288,0.018,0,0,,,,,,,
unit_h, 2024-01-10T23:56:08,1704930968,14.375,13.279,-0.173,-0.185,14.375,13.279,-0.173,0.9649,0.0436,1,13.283,13.283,0.023,1024,0,,,,,,,
unit_h, 2024-01-11T00:26:08,1704932768,14.375,13.279,-0.208,-0.185,14.375,13.279,-0.208,0.9639,0.0436,1,13.283,13.283,0.024,1024,0,,,,,,,
unit_h, 2024-01-11T00:56:08,1704934568,14.375,13.288,-0.208,-0.185,14.375,13.288,-0.208,0.9629,0.0436,1,13.292,13.292,0.026,0,0,,,,,,,
unit_h, 2024-01-11T01:26:08,1704936368,14.437,13.271,-0.208,-0.098,14.437,13.271,-0.208,0.9614,0.0441,1,13.274,13.274,0.025,1024,0,,,,,,,
unit_h, 2024-01-11T01:56:09,1704938169,14.625,13.279,-0.208,-0.098,14.625,13.279,-0.208,0.9586,0.0459,1,13.283,13.283,0.025,1024,0,,,,,,,
unit_h, 2024-01-11T02:26:09,1704939969,14.625,13.227,-1.32,-1.313,14.625,13.227,-1.32,0.9541,0.0459,1,13.254,13.254,0.06,0,0,,,,,,,
unit_h, 2024-01-11T02:56:09,1704941769,14.625,13.227,-1.528,-1.487,14.625,13.227,-1.528,0.9461,0.0459,1,13.257,13.257,0.056,0,0,,,,,,,
unit_h, 2024-01-11T03:26:09,1704943569,14.687,13.219,-1.633,-1.573,14.687,13.219,-1.633,0.9374,0.0465,1,13.251,13.251,0.052,0,0,,,,,,,
unit_h, 2024-01-11T03:56:09,1704945369,14.687,13.21,-1.528,-1.573,14.687,13.21,-1.528,0.9293,0.0465,1,13.241,13.241,0.049,0,0,,,,,,,
unit_h, 2024-01-11T04:26:09,1704947169,14.75,13.236,-1.217,-1.227,14.75,13.236,-1.217,0.9216,0.0471,1,13.26,13.26,0.043,0,0,,,,,,,
unit_h, 2024-01-11T04:56:09,1704948969,14.75,13.24,-0.973,-0.878,14.75,13.24,-0.973,0.9153,0.0471,1,13.26,13.26,0.039,0,0,,,,,,,
unit_h, 2024-01-11T05:26:09,1704950769,14.75,13.253,-0.903,-0.878,14.75,13.253,-0.903,0.9109,0.0471,1,13.271,13.271,0.033,0,0,,,,,,,
unit_h, 2024-01-11T05:56:09,1704952569,14.812,13.24,-0.973,-0.967,14.812,13.24,-0.973,0.9051,0.0476,1,13.26,13.26,0.036,0,0,,,,,,,
unit_h, 2024-01-11T06:26:09,1704954369,14.812,13.253,-0.833,-0.792,14.812,13.253,-0.833,0.9004,0.0476,1,13.27,13.27,0.032,0,0,,,,,,,
unit_h, 2024-01-11T06:56:10,1704956170,14.812,13.24,-1.008,-0.967,14.812,13.24,-1.008,0.896,0.0476,1,13.26,13.26,0.032,1024,0,,,,,,,
unit_h, 2024-01-11T07:26:10,1704957970,14.812,13.236,-1.077,-1.053,14.812,13.236,-1.077,0.8914,0.0476,1,13.257,13.257,0.033,0,0,,,,,,,
unit_h, 2024-01-11T07:56:10,1704959770,14.812,13.275,-0.208,-0.185,14.812,13.275,-0.208,0.8886,0.0476,1,13.279,13.279,0.017,0,0,,,,,,,
unit_h, 2024-01-11T08:26:10,1704961570,14.937,13.283,-0.208,-0.185,14.937,13.283,-0.208,0.8864,0.0488,1,13.288,13.288,0.011,0,0,,,,,,,
unit_h, 2024-01-11T08:56:10,1704963370,15.312,13.279,-0.208,-0.098,15.312,13.279,-0.208,0.8822,0.0523,1,13.283,13.283,0.008,1024,0,,,,,,,
unit_h, 2024-01-11T09:26:10,1704965170,15.625,13.292,-0.173,-0.185,15.625,13.292,-0.173,0.8785,0.0552,1,13.296,13.296,0.006,0,0,,,,,,,
unit_h, 2024-01-11T09:56:10,1704966970,15.937,13.288,-0.208,-0.098,15.937,13.288,-0.208,0.8748,0.0581,1,13.292,13.292,0.004,0,0,,,,,,,
unit_h, 2024-01-11T10:26:10,1704968770,15.998,13.292,-0.208,-0.098,15.998,13.292,-0.208,0.8732,0.0587,1,13.296,13.296,0.004,0,0,,,,,,,
unit_h, 2024-01-11T10:56:10,1704970570,16.187,13.283,-0.208,-0.098,16.187,13.283,-0.208,0.8706,0.0604,1,13.288,13.288,0.002,1024,0,,,,,,,
unit_h, 2024-01-11T11:26:10,1704972370,16.187,13.292,-0.208,-0.098,16.187,13.292,-0.208,0.8696,0.0604,1,13.296,13.296,0.002,0,0,,,,,,,
unit_h, 2024-01-11T11:56:11,1704974171,16.187,13.283,-0.208,-0.098,16.187,13.283,-0.208,0.8686,0.0604,1,13.288,13.288,0.002,1024,0,,,,,,,
unit_h, 2024-01-11T12:26:11,1704975971,16.118,13.292,-0.173,-0.185,16.118,13.292,-0.173,0.8682,0.0598,1,13.296,13.296,0.001,1024,0,,,,,,,
unit_h, 2024-01-11T12:56:11,1704977771,16.057,13.292,-0.068,-0.098,16.057,13.292,-0.068,0.8682,0.0592,1,13.293,13.293,-0.002,0,0,,,,,,,
fltb,  date,             time_ux,    Tb_h, vb_h, ibmh, ibnh, Tb, vb, ib, soc, soc_min, soc_ekf, voc, voc_stat, e_w_f, fltw, falw,,,,,,,
,,,,,,,,,,,,,,,,,,,,,,,,
cmd: Pf,,,,,,,,,,,,,,,,,,,,,,,,
unit_h, 2024-01-11T13:26:11,1704979571,15.932,13.313,0.103,0.162,15.932,13.313,0.103,0.8696,0.0581,1,13.312,13.312,-0.01,1024,0,,,,,,,
unit_h, 2024-01-11T13:56:11,1704981371,15.87,13.327,0.417,0.422,15.87,13.327,0.417,0.8714,0.0575,1,13.318,13.318,-0.025,0,0,,,,,,,
unit_h, 2024-01-11T14:26:11,1704983171,15.807,13.335,0.417,0.508,15.807,13.335,0.417,0.8744,0.0569,1,13.327,13.327,-0.034,1024,0,,,,,,,
unit_h, 2024-01-11T14:56:11,1704984971,15.745,13.365,0.763,0.855,15.745,13.365,0.763,0.8775,0.0563,1,13.35,13.35,-0.046,0,0,,,,,,,
unit_h, 2024-01-11T15:26:11,1704986771,15.682,13.387,1.215,1.29,15.682,13.387,1.215,0.8842,0.0558,1,13.363,13.363,-0.077,0,0,,,,,,,
unit_h, 2024-01-11T15:56:11,1704988571,15.62,13.43,1.598,1.637,15.62,13.43,1.598,0.891,0.0552,1,13.399,13.399,-0.089,0,0,,,,,,,
unit_h, 2024-01-11T16:26:11,1704990371,15.557,13.447,2.223,2.418,15.557,13.447,2.223,0.8988,0.0546,1,13.405,13.405,-0.109,0,0,,,,,,,
unit_h, 2024-01-11T16:56:12,1704992172,15.495,13.49,2.19,2.332,15.495,13.49,2.19,0.9123,0.054,1,13.446,13.446,-0.132,0,0,,,,,,,
unit_h, 2024-01-11T17:26:12,1704993972,15.432,13.49,2.677,2.852,15.432,13.49,2.677,0.9223,0.0534,1,13.438,13.438,-0.136,0,0,,,,,,,
unit_h, 2024-01-11T17:56:12,1704995772,15.432,13.486,1.947,2.072,15.432,13.486,1.947,0.9351,0.0534,1,13.448,13.448,-0.141,0,0,,,,,,,
unit_h, 2024-01-11T18:26:12,1704997572,15.37,13.482,1.528,1.637,15.37,13.482,1.528,0.9417,0.0528,1,13.452,13.452,-0.138,1024,0,,,,,,,
unit_h, 2024-01-11T18:56:12,1704999372,15.37,13.464,0.868,0.942,15.37,13.464,0.868,0.9475,0.0528,1,13.448,13.448,-0.142,0,0,,,,,,,
unit_h, 2024-01-11T19:26:12,1705001172,15.37,13.434,0.312,0.422,15.37,13.434,0.312,0.9504,0.0528,1,13.428,13.428,-0.131,0,0,,,,,,,
unit_h, 2024-01-11T19:56:12,1705002972,15.307,13.477,0.417,0.422,15.307,13.477,0.417,0.9532,0.0522,1,13.469,13.469,-0.162,0,0,,,,,,,
unit_h, 2024-01-11T20:26:12,1705004772,15.307,13.611,0.695,0.855,15.307,13.611,0.695,0.9579,0.0522,1,13.597,13.597,-0.29,0,0,,,,,,,
unit_h, 2024-01-11T20:56:12,1705006572,15.245,13.464,-0.068,-0.098,15.245,13.464,-0.068,0.9593,0.0517,1,13.466,13.466,-0.16,0,0,,,,,,,
unit_h, 2024-01-11T21:26:12,1705008372,15.245,13.378,-0.173,-0.185,15.245,13.378,-0.173,0.9586,0.0517,1,13.382,13.382,-0.08,1024,0,,,,,,,
unit_h, 2024-01-11T21:56:13,1705010173,15.182,13.339,-0.208,-0.185,15.182,13.339,-0.208,0.9583,0.0511,1,13.343,13.343,-0.037,0,0,,,,,,,
unit_h, 2024-01-11T22:26:13,1705011973,15.182,13.318,-0.208,-0.185,15.182,13.318,-0.208,0.9573,0.0511,1,13.322,13.322,-0.013,1024,0,,,,,,,
unit_h, 2024-01-11T22:56:13,1705013773,15.12,13.313,-0.208,-0.098,15.12,13.313,-0.208,0.9569,0.0505,1,13.318,13.318,0.001,0,0,,,,,,,
unit_h, 2024-01-11T23:26:13,1705015573,15.12,13.297,-0.208,-0.185,15.12,13.297,-0.208,0.9559,0.0505,1,13.3,13.3,0.011,1024,0,,,,,,,
unit_h, 2024-01-11T23:56:13,1705017373,15.057,13.283,-0.208,-0.098,15.057,13.283,-0.208,0.9556,0.0499,1,13.288,13.288,0.014,1024,0,,,,,,,
unit_h, 2024-01-12T00:26:13,1705019173,15.057,13.297,-0.173,-0.185,15.057,13.297,-0.173,0.9546,0.0499,1,13.3,13.3,0.018,0,0,,,,,,,
unit_h, 2024-01-12T00:56:13,1705020973,14.995,13.271,-0.208,-0.185,14.995,13.271,-0.208,0.9542,0.0493,1,13.274,13.274,0.021,1024,0,,,,,,,
unit_h, 2024-01-12T01:26:13,1705022773,14.932,13.283,-0.173,-0.185,14.932,13.283,-0.173,0.9538,0.0488,1,13.287,13.287,0.022,0,0,,,,,,,
unit_h, 2024-01-12T01:56:13,1705024573,14.87,13.271,-0.208,-0.185,14.87,13.271,-0.208,0.9534,0.0482,1,13.274,13.274,0.023,1024,0,,,,,,,
unit_h, 2024-01-12T02:26:13,1705026373,14.87,13.223,-1.877,-1.922,14.87,13.223,-1.877,0.9497,0.0482,1,13.26,13.26,0.058,0,0,,,,,,,
unit_h, 2024-01-12T02:56:14,1705028174,14.87,13.21,-1.285,-1.227,14.87,13.21,-1.285,0.9421,0.0482,1,13.236,13.236,0.05,0,0,,,,,,,
unit_h, 2024-01-12T03:26:14,1705029974,14.87,13.236,-1.563,-1.573,14.87,13.236,-1.563,0.9346,0.0482,1,13.267,13.267,0.051,0,0,,,,,,,
unit_h, 2024-01-12T03:56:14,1705031774,14.87,13.223,-1.425,-1.313,14.87,13.223,-1.425,0.927,0.0482,1,13.252,13.252,0.047,0,0,,,,,,,
unit_h, 2024-01-12T04:26:14,1705033574,14.875,13.236,-1.32,-1.313,14.875,13.236,-1.32,0.92,0.0483,1,13.262,13.262,0.043,0,0,,,,,,,
unit_h, 2024-01-12T04:56:14,1705035374,14.875,13.232,-0.938,-0.967,14.875,13.232,-0.938,0.9136,0.0483,1,13.25,13.25,0.038,0,0,,,,,,,
unit_h, 2024-01-12T05:26:14,1705037174,14.875,13.257,-0.903,-0.878,14.875,13.257,-0.903,0.9091,0.0483,1,13.276,13.276,0.035,0,0,,,,,,,
unit_h, 2024-01-12T05:56:14,1705038974,14.875,13.24,-0.868,-0.878,14.875,13.24,-0.868,0.9046,0.0483,1,13.257,13.257,0.033,0,0,,,,,,,
unit_h, 2024-01-12T06:26:14,1705040774,14.875,13.257,-0.868,-0.878,14.875,13.257,-0.868,0.9002,0.0483,1,13.275,13.275,0.032,0,0,,,,,,,
unit_h, 2024-01-12T06:56:14,1705042574,14.87,13.266,-0.243,-0.185,14.87,13.266,-0.243,0.8966,0.0482,1,13.271,13.271,0.021,1024,0,,,,,,,
unit_h, 2024-01-12T07:26:14,1705044374,14.87,13.279,-0.208,-0.185,14.87,13.279,-0.208,0.8955,0.0482,1,13.283,13.283,0.013,0,0,,,,,,,
unit_h, 2024-01-12T07:56:15,1705046175,14.87,13.283,-0.208,-0.185,14.87,13.283,-0.208,0.8945,0.0482,1,13.288,13.288,0.01,0,0,,,,,,,
unit_h, 2024-01-12T08:26:15,1705047975,14.807,13.283,-0.208,-0.098,14.807,13.283,-0.208,0.8941,0.0476,1,13.288,13.288,0.009,1024,0,,,,,,,
unit_h, 2024-01-12T08:56:15,1705049775,14.745,13.279,-0.208,-0.185,14.745,13.279,-0.208,0.8937,0.047,1,13.283,13.283,0.007,1024,0,,,,,,,
unit_h, 2024-01-12T09:26:15,1705051575,14.745,13.283,-0.208,-0.098,14.745,13.283,-0.208,0.8927,0.047,1,13.288,13.288,0.007,0,0,,,,,,,
unit_h, 2024-01-12T09:56:15,1705053375,14.682,13.288,-0.208,-0.185,14.682,13.288,-0.208,0.8922,0.0464,1,13.292,13.292,0.006,0,0,,,,,,,
unit_h, 2024-01-12T10:26:15,1705055175,14.62,13.292,-0.173,-0.098,14.62,13.292,-0.173,0.8918,0.0459,1,13.296,13.296,0.007,0,0,,,,,,,
unit_h, 2024-01-12T10:56:15,1705056975,14.557,13.292,-0.208,-0.185,14.557,13.292,-0.208,0.8914,0.0452,1,13.296,13.296,0.007,0,0,,,,,,,
unit_h, 2024-01-12T11:26:15,1705058775,14.495,13.288,-0.208,-0.098,14.495,13.288,-0.208,0.891,0.0447,1,13.292,13.292,0.007,0,0,,,,,,,
unit_h, 2024-01-12T11:56:15,1705060575,14.432,13.279,-0.208,-0.185,14.432,13.279,-0.208,0.8906,0.0441,1,13.283,13.283,0.007,0,0,,,,,,,
unit_h, 2024-01-12T12:26:15,1705062375,14.37,13.288,-0.138,-0.098,14.37,13.288,-0.138,0.8902,0.0435,1,13.291,13.291,0.006,0,0,,,,,,,
unit_h, 2024-01-12T12:56:16,1705064176,14.307,13.323,0.452,0.508,14.307,13.323,0.452,0.8915,0.0429,1,13.313,13.313,-0.017,0,0,,,,,,,
unit_h, 2024-01-12T13:26:16,1705065976,14.245,13.339,0.312,0.335,14.245,13.339,0.312,0.895,0.0424,1,13.333,13.333,-0.03,0,0,,,,,,,
unit_h, 2024-01-12T13:56:16,1705067776,14.182,13.4,0.555,0.595,14.182,13.4,0.555,0.9019,0.0418,1,13.387,13.387,-0.097,0,0,,,,,,,
unit_h, 2024-01-12T14:26:16,1705069576,14.12,13.538,4.345,4.588,14.12,13.538,4.345,0.9277,0.0412,1,13.452,13.452,-0.147,0,0,,,,,,,
unit_h, 2024-01-12T14:56:16,1705071376,14.125,13.503,2.642,2.765,14.125,13.503,2.642,0.9427,0.0413,1,13.451,13.451,-0.14,0,0,,,,,,,
unit_h, 2024-01-12T15:26:16,1705073176,14.125,13.619,3.928,4.068,14.125,13.619,3.928,0.9585,0.0413,1,13.542,13.542,-0.231,1024,0,,,,,,,
unit_h, 2024-01-12T15:56:16,1705074976,14.25,14.489,0.347,0.422,14.25,14.489,0.347,1,0.0424,1,14.482,14.482,0.21,1024,0,,,,,,,
unit_h, 2024-01-12T16:26:16,1705076776,14.375,14.485,0.068,0.075,14.375,14.485,0.068,1,0.0436,1,14.483,14.483,0.214,1024,0,,,,,,,
unit_h, 2024-01-12T16:56:16,1705078576,14.5,14.481,-0.033,-0.012,14.5,14.481,-0.033,0.9999,0.0447,1,14.481,14.481,0.22,0,0,,,,,,,
fltb,  date,             time_ux,    Tb_h, vb_h, ibmh, ibnh, Tb, vb, ib, soc, soc_min, soc_ekf, voc, voc_stat, e_w_f, fltw, falw,,,,,,,
unit_f, 2024-01-12T17:13:06,1705079586,14.562,14.485,0,-0.012,14.562,14.485,0,1,0.0453,1,14.493,14.493,0.208,0,0,,,,,,,
unit_f, 2024-01-12T17:13:16,1705079596,14.562,14.489,0.033,-0.012,14.562,14.489,0.033,1,0.0453,1,14.488,14.488,0.209,0,0,,,,,,,
unit_f, 2024-01-12T17:13:26,1705079606,14.562,14.489,0,0.075,14.562,14.489,0,0.9999,0.0453,1,14.489,14.489,0.209,1024,0,,,,,,,
unit_f, 2024-01-12T17:13:36,1705079616,14.562,14.476,0,-0.012,14.562,14.476,0,0.9999,0.0453,1,14.485,14.485,0.211,0,0,,,,,,,
unit_f, 2024-01-12T17:13:46,1705079626,14.562,14.489,0.033,0.075,14.562,14.489,0.033,1,0.0453,1,14.498,14.498,0.212,1024,0,,,,,,,
unit_f, 2024-01-12T17:13:56,1705079636,14.562,14.493,0.033,0.075,14.562,14.493,0.033,1,0.0453,1,14.502,14.502,0.21,0,0,,,,,,,
unit_f, 2024-01-12T17:14:06,1705079646,14.562,14.489,0.033,0.075,14.562,14.489,0.033,1,0.0453,1,14.484,14.484,0.209,1024,0,,,,,,,
fltb,  date,             time_ux,    Tb_h, vb_h, ibmh, ibnh, Tb, vb, ib, soc, soc_min, soc_ekf, voc, voc_stat, e_w_f, fltw, falw,,,,,,,
,,,,,,,,,,,,,,,,,,,,,,,,
Sen::,,,,,,,,,,,,,,,,,,,,,,,,
Fault:,,,,,,,,,,,,,,,,,,,,,,,,
 cc_diff    0.000  thr=500.000 Fc^,,,,,,,,,,,,,,,,,,,,,,,,
 ib_diff   -0.025  thr= 10.000 Fd^,,,,,,,,,,,,,,,,,,,,,,,,
 e_wrap     0.209  thr=-786.080 Fo^628.864 Fi^,,,,,,,,,,,,,,,,,,,,,,,,
 ib_quiet  -0.011  thr=  0.005 Fq v,,,,,,,,,,,,,,,,,,,,,,,,
,,,,,,,,,,,,,,,,,,,,,,,,
 soc    1.000  soc_inf   1.113 voc  14.485  voc_soc  14.700,,,,,,,,,,,,,,,,,,,,,,,,
 dis_tb_fa 0  dis_vb_fa 0  dis_ib_fa 0,,,,,,,,,,,,,,,,,,,,,,,,
 bms_off   0,,,,,,,,,,,,,,,,,,,,,,,,
,,,,,,,,,,,,,,,,,,,,,,,,
 Tbh= 14.562  Tbm= 14.562 sel  14.562,,,,,,,,,,,,,,,,,,,,,,,,
 Vbh  14.485  Vbm  14.640 sel  14.485,,,,,,,,,,,,,,,,,,,,,,,,
 imh  -0.000  imm  -0.000 sel  -0.000,,,,,,,,,,,,,,,,,,,,,,,,
 inh   0.150  inm  -0.000 sel  -0.000,,,,,,,,,,,,,,,,,,,,,,,,
,,,,,,,,,,,,,,,,,,,,,,,,
 mod_tb 0 mod_vb 0 mod_ib  0,,,,,,,,,,,,,,,,,,,,,,,,
 mod_tb_dscn 0 mod_vb_dscn 0 mod_ib_amp_dscn 0 mod_ib_noa_dscn 0,,,,,,,,,,,,,,,,,,,,,,,,
 tb_s_st 1  vb_s_st 1  ib_s_st 1,,,,,,,,,,,,,,,,,,,,,,,,
 fake_faults 1 latched_fail 0 latched_fail_fake 0 preserving 0,,,,,,,,,,,,,,,,,,,,,,,,
,,,,,,,,,,,,,,,,,,,,,,,,
 bare det n  0  x ,,,,,,,,,,,,,,,,,,,,,,,,
 bare det m  0  x ,,,,,,,,,,,,,,,,,,,,,,,,
 ib_dsc  0  0 'Fq v',,,,,,,,,,,,,,,,,,,,,,,,
 ibd_lo  0  0 'Fd ^  *SA/*SB',,,,,,,,,,,,,,,,,,,,,,,,
 ibd_hi  0  0 'Fd ^  *SA/*SB',,,,,,,,,,,,,,,,,,,,,,,,
 red wv  0  0   'Fd, Fi/Fo ^',,,,,,,,,,,,,,,,,,,,,,,
 wl      0  0 'Fo ^',,,,,,,,,,,,,,,,,,,,,,,,
 wh      0  0 'Fi ^',,,,,,,,,,,,,,,,,,,,,,,,
 cc_dif  x  0 'Fc ^',,,,,,,,,,,,,,,,,,,,,,,,
 ib n    0  0 'Fi 1',,,,,,,,,,,,,,,,,,,,,,,,
 ib m    0  0 'Fi 1',,,,,,,,,,,,,,,,,,,,,,,,
 vb      0  0 'Fv 1  *SV, *Dc/*Dv',,,,,,,,,,,,,,,,,,,,,,,
 tb      0  0 'Ft 1',,,,,,,,,,,,,,,,,,,,,,,,
  0000000000000   00000000000,,,,,,,,,,,,,,,,,,,,,,,,
  CBA98765x3210 xxA9876543210,,,,,,,,,,,,,,,,,,,,,,,,
  fltw=0     falw=0,,,,,,,,,,,,,,,,,,,,,,,,
fake_faults=>redl,,,,,,,,,,,,,,,,,,,,,,,,
cmd: Q,,,,,,,,,,,,,,,,,,,,,,,,
ib_amp_fail 0,,,,,,,,,,,,,,,,,,,,,,,,
ib_noa_fail 0,,,,,,,,,,,,,,,,,,,,,,,,
vb_fail 0,,,,,,,,,,,,,,,,,,,,,,,,
Tb 14.562,,,,,,,,,,,,,,,,,,,,,,,,
vb 14.485,,,,,,,,,,,,,,,,,,,,,,,,
voc 14.485,,,,,,,,,,,,,,,,,,,,,,,,
voc_filt 14.480,,,,,,,,,,,,,,,,,,,,,,,,
vsat 13.758,,,,,,,,,,,,,,,,,,,,,,,,
ib  0.035,,,,,,,,,,,,,,,,,,,,,,,,
soc_m  1.0000,,,,,,,,,,,,,,,,,,,,,,,,
soc_ekf  1.0000,,,,,,,,,,,,,,,,,,,,,,,,
soc  1.0000,,,,,,,,,,,,,,,,,,,,,,,,
soc_min  0.0453,,,,,,,,,,,,,,,,,,,,,,,,
soc_inf  1.1129,,,,,,,,,,,,,,,,,,,,,,,,
modeling 0,,,,,,,,,,,,,,,,,,,,,,,,
dq_inf/dq_abs   41032.0/  632536.0   0.0649 coul_eff*= 0.949040, DAB+=-0.022727,,,,,,,,,,,,,,,,,,,,,,,
DQn -583228.0 Tn 1046865.2 DQp  614544.9 Tp  331097.8,,,,,,,,,,,,,,,,,,,,,,,,
cmd: Pr,,,,,,,,,,,,,,,,,,,,,,,,
,,,,,,,,,,,,,,,,,,,,,,,,
saved (sp) diffs,,,,,,,,,,,,,,,,,,,,,,,,
 Add amp                  1.003 ->     0.973,          A (* DA),,,,,,,,,,,,,,,,,,,,,,,
 Add noa                  0.173 ->     0.150,          A (* DB),,,,,,,,,,,,,,,,,,,,,,,
cmd: Q,,,,,,,,,,,,,,,,,,,,,,,,
ib_amp_fail 0,,,,,,,,,,,,,,,,,,,,,,,,
ib_noa_fail 0,,,,,,,,,,,,,,,,,,,,,,,,
vb_fail 0,,,,,,,,,,,,,,,,,,,,,,,,
Tb 14.562,,,,,,,,,,,,,,,,,,,,,,,,
vb 14.498,,,,,,,,,,,,,,,,,,,,,,,,
voc 14.498,,,,,,,,,,,,,,,,,,,,,,,,
voc_filt 14.480,,,,,,,,,,,,,,,,,,,,,,,,
vsat 13.758,,,,,,,,,,,,,,,,,,,,,,,,
ib  0.035,,,,,,,,,,,,,,,,,,,,,,,,
soc_m  1.0000,,,,,,,,,,,,,,,,,,,,,,,,
soc_ekf  1.0000,,,,,,,,,,,,,,,,,,,,,,,,
soc  1.0000,,,,,,,,,,,,,,,,,,,,,,,,
soc_min  0.0453,,,,,,,,,,,,,,,,,,,,,,,,
soc_inf  1.1129,,,,,,,,,,,,,,,,,,,,,,,,
modeling 0,,,,,,,,,,,,,,,,,,,,,,,,
dq_inf/dq_abs   41032.0/  632536.0   0.0649 coul_eff*= 0.949040, DAB+=-0.022727,,,,,,,,,,,,,,,,,,,,,,,
DQn -583228.0 Tn 1046865.8 DQp  614544.9 Tp  331097.8,,,,,,,,,,,,,,,,,,,,,,,,
