unit,               hm,                  cTime,        dt,       sat,sel,mod,      Tb,  vb,  ib,  ioc,  voc_soc,    vsat,dv_dyn,voc_stat,voc_ekf,     y_ekf,    soc_s,soc_ekf,soc,ib_lag,voc_soc_new,
mon_rep231013,2023-10-13T09:09:45,  0.000,  0.400,0,0,247, 25.000, 13.382,  0.000, -0.047, 13.382, 13.800,  0.000, 13.383, 13.382,  0.000,  0.505,  0.505,  0.505,0.00000,  0.000,
mon_rep231013,2023-10-13T09:09:46,  0.400,  0.400,0,0,247, 25.000, 13.382,  0.000, -0.047, 13.382, 13.800,  0.000, 13.383, 13.382,  0.000,  0.505,  0.505,  0.505,0.00000,  0.000,
mon_rep231013,2023-10-13T09:09:46,  0.800,  0.400,0,0,247, 25.000, 13.382,  0.000, -0.047, 13.382, 13.800,  0.000, 13.383, 13.382,  0.000,  0.505,  0.505,  0.505,0.00000,  0.000,
mon_rep231013,2023-10-13T09:09:46,  1.200,  0.400,0,0,247, 25.000, 13.382,  0.000, -0.046, 13.382, 13.800,  0.000, 13.383, 13.382,  0.000,  0.505,  0.505,  0.505,0.00000,  0.000,
mon_rep231013,2023-10-13T09:09:47,  1.600,  0.400,0,0,247, 25.000, 13.382,  0.000, -0.045, 13.382, 13.800,  0.000, 13.383, 13.382,  0.000,  0.505,  0.505,  0.505,0.00000,  0.000,
mon_rep231013,2023-10-13T09:09:47,  2.012,  0.412,0,0,247, 25.000, 13.382,  0.000, -0.045, 13.382, 13.800,  0.000, 13.383, 13.382,  0.000,  0.505,  0.505,  0.505,0.00000,  0.000,
mon_rep231013,2023-10-13T09:09:48,  2.400,  0.388,0,0,247, 25.000, 13.382,  0.000, -0.044, 13.382, 13.800,  0.000, 13.383, 13.382,  0.000,  0.505,  0.505,  0.505,0.00000,  0.000,
mon_rep231013,2023-10-13T09:09:48,  2.800,  0.400,0,0,247, 25.000, 13.382,  0.000, -0.044, 13.382, 13.800,  0.000, 13.383, 13.382,  0.000,  0.505,  0.505,  0.505,0.00000,  0.000,
mon_rep231013,2023-10-13T09:09:48,  3.200,  0.400,0,0,247, 25.000, 13.382,  0.000, -0.043, 13.382, 13.800,  0.000, 13.383, 13.382,  0.000,  0.505,  0.505,  0.505,0.00000,  0.000,
mon_rep231013,2023-10-13T09:09:49,  3.600,  0.400,0,0,247, 25.000, 13.382,  0.000, -0.042, 13.382, 13.800,  0.000, 13.383, 13.382,  0.000,  0.505,  0.505,  0.505,0.00000,  0.000,
mon_rep231013,2023-10-13T09:09:49,  3.994,  0.394,0,0,247, 25.000, 13.382,  0.000, -0.042, 13.382, 13.800,  0.000, 13.383, 13.382,  0.000,  0.505,  0.505,  0.505,0.00000,  0.000,
mon_rep231013,2023-10-13T09:09:50,  4.394,  0.400,0,0,247, 25.000, 13.382,  0.000, -0.041, 13.382, 13.800,  0.000, 13.383, 13.382,  0.000,  0.505,  0.505,  0.505,0.00000,  0.000,
mon_rep231013,2023-10-13T09:09:50,  4.794,  0.400,0,0,247, 25.000, 13.382,  0.000, -0.041, 13.382, 13.800,  0.000, 13.383, 13.382,  0.000,  0.505,  0.505,  0.505,0.00000,  0.000,
mon_rep231013,2023-10-13T09:09:50,  5.194,  0.400,0,0,247, 25.000, 13.382, 20.000, -0.040, 13.382, 13.800,  0.226, 13.154, 13.382, -0.228,  0.505,  0.505,  0.505,0.02221,  0.000,
mon_rep231013,2023-10-13T09:09:51,  5.594,  0.400,0,0,247, 25.000, 13.582,  0.000,  0.240, 13.382, 13.800,  0.000, 13.580, 13.382, -0.228,  0.505,  0.505,  0.505,0.04435,  0.000,
mon_rep231013,2023-10-13T09:09:51,  5.994,  0.400,0,0,247, 25.000, 13.582,  0.000,  0.237, 13.382, 13.800,  0.000, 13.580, 13.382, -0.228,  0.505,  0.505,  0.505,0.04425,  0.000,
mon_rep231013,2023-10-13T09:09:52,  6.394,  0.400,0,0,247, 25.000, 13.582,  0.000,  0.234, 13.382, 13.800,  0.000, 13.580, 13.382, -0.228,  0.505,  0.505,  0.505,0.04415,  0.000,
mon_rep231013,2023-10-13T09:09:52,  6.794,  0.400,0,0,247, 25.000, 13.582,  0.000,  0.230, 13.382, 13.800,  0.000, 13.580, 13.382, -0.228,  0.505,  0.505,  0.505,0.04405,  0.000,
mon_rep231013,2023-10-13T09:09:52,  7.194,  0.400,0,0,247, 25.000, 13.582,  0.000,  0.227, 13.382, 13.800,  0.000, 13.580, 13.382,  0.198,  0.505,  0.505,  0.505,0.04395,  0.000,
mon_rep231013,2023-10-13T09:09:53,  7.594,  0.400,0,0,247, 25.000, 13.582,  0.000,  0.224, 13.382, 13.800,  0.000, 13.581, 13.382,  0.198,  0.505,  0.505,  0.505,0.04386,  0.000,
mon_rep231013,2023-10-13T09:09:53,  7.994,  0.400,0,0,247, 25.000, 13.582,  0.000,  0.221, 13.382, 13.800,  0.000, 13.581, 13.382,  0.198,  0.505,  0.505,  0.505,0.04376,  0.000,
mon_rep231013,2023-10-13T09:09:54,  8.394,  0.400,0,0,247, 25.000, 13.582,  0.000,  0.218, 13.382, 13.800,  0.000, 13.581, 13.382,  0.198,  0.505,  0.505,  0.505,0.04366,  0.000,
mon_rep231013,2023-10-13T09:09:54,  8.794,  0.400,0,0,247, 25.000, 13.582,  0.000,  0.215, 13.382, 13.800,  0.000, 13.581, 13.382,  0.198,  0.505,  0.505,  0.505,0.04356,  0.000,
mon_rep231013,2023-10-13T09:09:54,  9.194,  0.400,0,0,247, 25.000, 13.582,  0.000,  0.212, 13.382, 13.800,  0.000, 13.581, 13.382,  0.198,  0.505,  0.505,  0.505,0.04347,  0.000,
mon_rep231013,2023-10-13T09:09:55,  9.594,  0.400,0,0,247, 25.000, 13.582,  0.000,  0.209, 13.382, 13.800,  0.000, 13.581, 13.382,  0.198,  0.505,  0.505,  0.505,0.04337,  0.000,
mon_rep231013,2023-10-13T09:09:55,  9.994,  0.400,0,0,247, 25.000, 13.582,  0.000,  0.206, 13.382, 13.800,  0.000, 13.581, 13.382,  0.198,  0.505,  0.505,  0.505,0.04327,  0.000,
mon_rep231013,2023-10-13T09:09:56, 10.394,  0.400,0,0,247, 25.000, 13.582,  0.000,  0.203, 13.382, 13.800,  0.000, 13.581, 13.382,  0.198,  0.505,  0.505,  0.505,0.04318,  0.000,
mon_rep231013,2023-10-13T09:09:56, 10.794,  0.400,0,0,247, 25.000, 13.582,  0.000,  0.200, 13.382, 13.800,  0.000, 13.581, 13.382,  0.198,  0.505,  0.505,  0.505,0.04308,  0.000,
mon_rep231013,2023-10-13T09:09:56, 11.194,  0.400,0,0,247, 25.000, 13.582,  0.000,  0.197, 13.382, 13.800,  0.000, 13.581, 13.382,  0.198,  0.505,  0.505,  0.505,0.04299,  0.000,
mon_rep231013,2023-10-13T09:09:57, 11.594,  0.400,0,0,247, 25.000, 13.582,  0.000,  0.195, 13.382, 13.800,  0.000, 13.581, 13.382,  0.198,  0.505,  0.505,  0.505,0.04289,  0.000,
mon_rep231013,2023-10-13T09:09:57, 11.994,  0.400,0,0,247, 25.000, 13.582,  0.000,  0.192, 13.382, 13.800,  0.000, 13.581, 13.382,  0.198,  0.505,  0.505,  0.505,0.04280,  0.000,
mon_rep231013,2023-10-13T09:09:58, 12.460,  0.466,0,0,247, 25.000, 13.582,  0.000,  0.189, 13.382, 13.800,  0.000, 13.581, 13.382,  0.198,  0.505,  0.505,  0.505,0.04269,  0.000,
mon_rep231013,2023-10-13T09:09:58, 12.860,  0.400,0,0,247, 25.000, 13.582,  0.000,  0.186, 13.382, 13.800,  0.000, 13.581, 13.382,  0.198,  0.505,  0.505,  0.505,0.04259,  0.000,
mon_rep231013,2023-10-13T09:09:58, 13.260,  0.400,0,0,247, 25.000, 13.582,  0.000,  0.184, 13.382, 13.800,  0.000, 13.581, 13.382,  0.198,  0.505,  0.505,  0.505,0.04250,  0.000,
mon_rep231013,2023-10-13T09:09:59, 13.660,  0.400,0,0,247, 25.000, 13.582,  0.000,  0.181, 13.382, 13.800,  0.000, 13.581, 13.382,  0.198,  0.505,  0.505,  0.505,0.04240,  0.000,
mon_rep231013,2023-10-13T09:09:59, 14.060,  0.400,0,0,247, 25.000, 13.582,  0.000,  0.179, 13.382, 13.800,  0.000, 13.581, 13.382,  0.198,  0.505,  0.505,  0.505,0.04231,  0.000,
mon_rep231013,2023-10-13T09:10:00, 14.460,  0.400,0,0,247, 25.000, 13.582,  0.000,  0.176, 13.382, 13.800,  0.000, 13.581, 13.382,  0.198,  0.505,  0.505,  0.505,0.04221,  0.000,
mon_rep231013,2023-10-13T09:10:00, 14.860,  0.400,0,0,247, 25.000, 13.582,  0.000,  0.174, 13.382, 13.800,  0.000, 13.581, 13.382,  0.198,  0.505,  0.505,  0.505,0.04212,  0.000,
mon_rep231013,2023-10-13T09:10:00, 15.260,  0.400,0,0,247, 25.000, 13.582,  0.000,  0.171, 13.382, 13.800,  0.000, 13.581, 13.382,  0.199,  0.505,  0.505,  0.505,0.04203,  0.000,
mon_rep231013,2023-10-13T09:10:01, 15.660,  0.400,0,0,247, 25.000, 13.582,  0.000,  0.169, 13.382, 13.800,  0.000, 13.581, 13.382,  0.199,  0.505,  0.505,  0.505,0.04193,  0.000,
mon_rep231013,2023-10-13T09:10:01, 16.060,  0.400,0,0,247, 25.000, 13.582,  0.000,  0.166, 13.382, 13.800,  0.000, 13.581, 13.382,  0.199,  0.505,  0.505,  0.505,0.04184,  0.000,
mon_rep231013,2023-10-13T09:10:02, 16.460,  0.400,0,0,247, 25.000, 13.582,  0.000,  0.164, 13.382, 13.800,  0.000, 13.581, 13.382,  0.199,  0.505,  0.505,  0.505,0.04175,  0.000,
mon_rep231013,2023-10-13T09:10:02, 16.860,  0.400,0,0,247, 25.000, 13.582,  0.000,  0.162, 13.382, 13.800,  0.000, 13.581, 13.382,  0.199,  0.505,  0.505,  0.505,0.04166,  0.000,
mon_rep231013,2023-10-13T09:10:02, 17.260,  0.400,0,0,247, 25.000, 13.582,  0.000,  0.160, 13.382, 13.800,  0.000, 13.581, 13.382,  0.199,  0.505,  0.505,  0.505,0.04156,  0.000,
mon_rep231013,2023-10-13T09:10:03, 17.660,  0.400,0,0,247, 25.000, 13.582,  0.000,  0.157, 13.382, 13.800,  0.000, 13.581, 13.382,  0.199,  0.505,  0.505,  0.505,0.04147,  0.000,
mon_rep231013,2023-10-13T09:10:03, 18.060,  0.400,0,0,247, 25.000, 13.582,  0.000,  0.155, 13.382, 13.800,  0.000, 13.581, 13.382,  0.199,  0.505,  0.505,  0.505,0.04138,  0.000,
mon_rep231013,2023-10-13T09:10:04, 18.460,  0.400,0,0,247, 25.000, 13.582,  0.000,  0.153, 13.382, 13.800,  0.000, 13.581, 13.382,  0.199,  0.505,  0.505,  0.505,0.04129,  0.000,
mon_rep231013,2023-10-13T09:10:04, 18.860,  0.400,0,0,247, 25.000, 13.582,  0.000,  0.151, 13.382, 13.800,  0.000, 13.581, 13.382,  0.199,  0.505,  0.505,  0.505,0.04120,  0.000,
mon_rep231013,2023-10-13T09:10:04, 19.260,  0.400,0,0,247, 25.000, 13.582,  0.000,  0.149, 13.382, 13.800,  0.000, 13.581, 13.382,  0.199,  0.505,  0.505,  0.505,0.04110,  0.000,
mon_rep231013,2023-10-13T09:10:05, 19.660,  0.400,0,0,247, 25.000, 13.582,  0.000,  0.147, 13.382, 13.800,  0.000, 13.581, 13.382,  0.199,  0.505,  0.505,  0.505,0.04101,  0.000,
mon_rep231013,2023-10-13T09:10:05, 20.060,  0.400,0,0,247, 25.000, 13.582,  0.000,  0.145, 13.382, 13.800,  0.000, 13.581, 13.382,  0.199,  0.505,  0.505,  0.505,0.04092,  0.000,
mon_rep231013,2023-10-13T09:10:06, 20.460,  0.400,0,0,247, 25.000, 13.582,  0.000,  0.143, 13.382, 13.800,  0.000, 13.581, 13.382,  0.199,  0.505,  0.505,  0.505,0.04083,  0.000,
mon_rep231013,2023-10-13T09:10:06, 20.860,  0.400,0,0,247, 25.000, 13.582,  0.000,  0.141, 13.382, 13.800,  0.000, 13.581, 13.382,  0.199,  0.505,  0.505,  0.505,0.04074,  0.000,
mon_rep231013,2023-10-13T09:10:06, 21.260,  0.400,0,0,247, 25.000, 13.582,  0.000,  0.139, 13.382, 13.800,  0.000, 13.581, 13.382,  0.199,  0.505,  0.505,  0.505,0.04065,  0.000,
mon_rep231013,2023-10-13T09:10:07, 21.660,  0.400,0,0,247, 25.000, 13.582,  0.000,  0.137, 13.382, 13.800,  0.000, 13.581, 13.382,  0.199,  0.505,  0.505,  0.505,0.04056,  0.000,
mon_rep231013,2023-10-13T09:10:07, 22.060,  0.400,0,0,247, 25.000, 13.582,  0.000,  0.135, 13.382, 13.800,  0.000, 13.581, 13.382,  0.199,  0.505,  0.505,  0.505,0.04047,  0.000,
mon_rep231013,2023-10-13T09:10:08, 22.460,  0.400,0,0,247, 25.000, 13.582,  0.000,  0.133, 13.382, 13.800,  0.000, 13.581, 13.382,  0.199,  0.505,  0.505,  0.505,0.04038,  0.000,
mon_rep231013,2023-10-13T09:10:08, 22.860,  0.400,0,0,247, 25.000, 13.582,  0.000,  0.131, 13.382, 13.800,  0.000, 13.581, 13.382,  0.199,  0.505,  0.505,  0.505,0.04029,  0.000,
mon_rep231013,2023-10-13T09:10:08, 23.260,  0.400,0,0,247, 25.000, 13.582,  0.000,  0.129, 13.382, 13.800,  0.000, 13.581, 13.382,  0.199,  0.505,  0.505,  0.505,0.04020,  0.000,
mon_rep231013,2023-10-13T09:10:09, 23.660,  0.400,0,0,247, 25.000, 13.582,  0.000,  0.127, 13.382, 13.800,  0.000, 13.581, 13.382,  0.199,  0.505,  0.505,  0.505,0.04011,  0.000,
mon_rep231013,2023-10-13T09:10:09, 24.060,  0.400,0,0,247, 25.000, 13.582,  0.000,  0.126, 13.382, 13.800,  0.000, 13.581, 13.382,  0.199,  0.505,  0.505,  0.505,0.04002,  0.000,
mon_rep231013,2023-10-13T09:10:10, 24.460,  0.400,0,0,247, 25.000, 13.582,  0.000,  0.124, 13.382, 13.800,  0.000, 13.581, 13.382,  0.199,  0.505,  0.505,  0.505,0.03993,  0.000,
mon_rep231013,2023-10-13T09:10:10, 24.860,  0.400,0,0,247, 25.000, 13.582,  0.000,  0.122, 13.382, 13.800,  0.000, 13.581, 13.382,  0.199,  0.505,  0.505,  0.505,0.03984,  0.000,
mon_rep231013,2023-10-13T09:10:10, 25.260,  0.400,0,0,247, 25.000, 13.582,  0.000,  0.120, 13.382, 13.800,  0.000, 13.581, 13.382,  0.199,  0.505,  0.505,  0.505,0.03976,  0.000,
mon_rep231013,2023-10-13T09:10:11, 25.660,  0.400,0,0,247, 25.000, 13.582,  0.000,  0.119, 13.382, 13.800,  0.000, 13.581, 13.382,  0.199,  0.505,  0.505,  0.505,0.03967,  0.000,
mon_rep231013,2023-10-13T09:10:11, 26.060,  0.400,0,0,247, 25.000, 13.582,  0.000,  0.117, 13.382, 13.800,  0.000, 13.581, 13.382,  0.199,  0.505,  0.505,  0.505,0.03958,  0.000,
mon_rep231013,2023-10-13T09:10:12, 26.460,  0.400,0,0,247, 25.000, 13.582,  0.000,  0.115, 13.382, 13.800,  0.000, 13.581, 13.382,  0.199,  0.505,  0.505,  0.505,0.03949,  0.000,
mon_rep231013,2023-10-13T09:10:12, 26.860,  0.400,0,0,247, 25.000, 13.582,  0.000,  0.114, 13.382, 13.800,  0.000, 13.581, 13.382,  0.199,  0.505,  0.505,  0.505,0.03940,  0.000,
mon_rep231013,2023-10-13T09:10:12, 27.260,  0.400,0,0,247, 25.000, 13.582,  0.000,  0.112, 13.382, 13.800,  0.000, 13.581, 13.382,  0.199,  0.505,  0.505,  0.505,0.03932,  0.000,
mon_rep231013,2023-10-13T09:10:13, 27.660,  0.400,0,0,247, 25.000, 13.582,  0.000,  0.111, 13.382, 13.800,  0.000, 13.581, 13.382,  0.199,  0.505,  0.505,  0.505,0.03923,  0.000,
mon_rep231013,2023-10-13T09:10:13, 28.060,  0.400,0,0,247, 25.000, 13.582,  0.000,  0.109, 13.382, 13.800,  0.000, 13.581, 13.382,  0.199,  0.505,  0.505,  0.505,0.03914,  0.000,
mon_rep231013,2023-10-13T09:10:14, 28.460,  0.400,0,0,247, 25.000, 13.582,  0.000,  0.108, 13.382, 13.800,  0.000, 13.581, 13.382,  0.199,  0.505,  0.505,  0.505,0.03906,  0.000,
mon_rep231013,2023-10-13T09:10:14, 28.860,  0.400,0,0,247, 25.000, 13.582,  0.000,  0.106, 13.382, 13.800,  0.000, 13.581, 13.382,  0.199,  0.505,  0.505,  0.505,0.03897,  0.000,
mon_rep231013,2023-10-13T09:10:14, 29.260,  0.400,0,0,247, 25.000, 13.582,  0.000,  0.105, 13.382, 13.800,  0.000, 13.581, 13.382,  0.199,  0.505,  0.505,  0.505,0.03888,  0.000,
mon_rep231013,2023-10-13T09:10:15, 29.660,  0.400,0,0,247, 25.000, 13.582,  0.000,  0.103, 13.382, 13.800,  0.000, 13.581, 13.382,  0.199,  0.505,  0.505,  0.505,0.03880,  0.000,
mon_rep231013,2023-10-13T09:10:15, 30.060,  0.400,0,0,247, 25.000, 13.582,  0.000,  0.102, 13.382, 13.800,  0.000, 13.582, 13.382,  0.199,  0.505,  0.505,  0.505,0.03871,  0.000,
mon_rep231013,2023-10-13T09:10:16, 30.460,  0.400,0,0,247, 25.000, 13.582,  0.000,  0.100, 13.382, 13.800,  0.000, 13.582, 13.382,  0.199,  0.505,  0.505,  0.505,0.03862,  0.000,
mon_rep231013,2023-10-13T09:10:16, 30.860,  0.400,0,0,247, 25.000, 13.582,  0.000,  0.099, 13.382, 13.800,  0.000, 13.582, 13.382,  0.199,  0.505,  0.505,  0.505,0.03854,  0.000,
mon_rep231013,2023-10-13T09:10:16, 31.260,  0.400,0,0,247, 25.000, 13.582,  0.000,  0.097, 13.382, 13.800,  0.000, 13.582, 13.382,  0.199,  0.505,  0.505,  0.505,0.03845,  0.000,
mon_rep231013,2023-10-13T09:10:17, 31.660,  0.400,0,0,247, 25.000, 13.582,  0.000,  0.096, 13.382, 13.800,  0.000, 13.582, 13.382,  0.199,  0.505,  0.505,  0.505,0.03837,  0.000,
mon_rep231013,2023-10-13T09:10:17, 32.060,  0.400,0,0,247, 25.000, 13.582,  0.000,  0.095, 13.382, 13.800,  0.000, 13.582, 13.382,  0.199,  0.505,  0.505,  0.505,0.03828,  0.000,
mon_rep231013,2023-10-13T09:10:18, 32.460,  0.400,0,0,247, 25.000, 13.582,  0.000,  0.093, 13.382, 13.800,  0.000, 13.582, 13.382,  0.199,  0.505,  0.505,  0.505,0.03820,  0.000,
mon_rep231013,2023-10-13T09:10:18, 32.860,  0.400,0,0,247, 25.000, 13.582,  0.000,  0.092, 13.382, 13.800,  0.000, 13.582, 13.382,  0.199,  0.505,  0.505,  0.505,0.03811,  0.000,
mon_rep231013,2023-10-13T09:10:18, 33.260,  0.400,0,0,247, 25.000, 13.582,  0.000,  0.091, 13.382, 13.800,  0.000, 13.582, 13.382,  0.199,  0.505,  0.505,  0.505,0.03803,  0.000,
mon_rep231013,2023-10-13T09:10:19, 33.660,  0.400,0,0,247, 25.000, 13.582,  0.000,  0.090, 13.382, 13.800,  0.000, 13.582, 13.382,  0.199,  0.505,  0.505,  0.505,0.03794,  0.000,
mon_rep231013,2023-10-13T09:10:19, 34.060,  0.400,0,0,247, 25.000, 13.582,  0.000,  0.088, 13.382, 13.800,  0.000, 13.582, 13.382,  0.199,  0.505,  0.505,  0.505,0.03786,  0.000,
mon_rep231013,2023-10-13T09:10:20, 34.460,  0.400,0,0,247, 25.000, 13.582,  0.000,  0.087, 13.382, 13.800,  0.000, 13.582, 13.382,  0.199,  0.505,  0.505,  0.505,0.03778,  0.000,
mon_rep231013,2023-10-13T09:10:20, 34.860,  0.400,0,0,247, 25.000, 13.582,  0.000,  0.086, 13.382, 13.800,  0.000, 13.582, 13.382,  0.199,  0.505,  0.505,  0.505,0.03769,  0.000,
mon_rep231013,2023-10-13T09:10:20, 35.260,  0.400,0,0,247, 25.000, 13.582,  0.000,  0.085, 13.382, 13.800,  0.000, 13.582, 13.382,  0.199,  0.505,  0.505,  0.505,0.03761,  0.000,
mon_rep231013,2023-10-13T09:10:21, 35.660,  0.400,0,0,247, 25.000, 13.582,  0.000,  0.083, 13.382, 13.800,  0.000, 13.582, 13.382,  0.199,  0.505,  0.505,  0.505,0.03752,  0.000,
mon_rep231013,2023-10-13T09:10:21, 36.060,  0.400,0,0,247, 25.000, 13.582,  0.000,  0.082, 13.382, 13.800,  0.000, 13.582, 13.382,  0.199,  0.505,  0.505,  0.505,0.03744,  0.000,
mon_rep231013,2023-10-13T09:10:22, 36.460,  0.400,0,0,247, 25.000, 13.582,  0.000,  0.081, 13.382, 13.800,  0.000, 13.582, 13.382,  0.199,  0.505,  0.505,  0.505,0.03736,  0.000,
mon_rep231013,2023-10-13T09:10:22, 36.860,  0.400,0,0,247, 25.000, 13.582,  0.000,  0.080, 13.382, 13.800,  0.000, 13.582, 13.382,  0.199,  0.505,  0.505,  0.505,0.03727,  0.000,
mon_rep231013,2023-10-13T09:10:22, 37.260,  0.400,0,0,247, 25.000, 13.582,  0.000,  0.079, 13.382, 13.800,  0.000, 13.582, 13.382,  0.199,  0.505,  0.506,  0.505,0.03719,  0.000,
mon_rep231013,2023-10-13T09:10:23, 37.660,  0.400,0,0,247, 25.000, 13.582,  0.000,  0.078, 13.382, 13.800,  0.000, 13.582, 13.382,  0.199,  0.505,  0.506,  0.505,0.03711,  0.000,
mon_rep231013,2023-10-13T09:10:23, 38.060,  0.400,0,0,247, 25.000, 13.582,  0.000,  0.077, 13.382, 13.800,  0.000, 13.582, 13.382,  0.199,  0.505,  0.506,  0.505,0.03703,  0.000,
mon_rep231013,2023-10-13T09:10:24, 38.460,  0.400,0,0,247, 25.000, 13.582,  0.000,  0.076, 13.382, 13.800,  0.000, 13.582, 13.382,  0.199,  0.505,  0.506,  0.505,0.03694,  0.000,
mon_rep231013,2023-10-13T09:10:24, 38.860,  0.400,0,0,247, 25.000, 13.582,  0.000,  0.075, 13.382, 13.800,  0.000, 13.582, 13.382,  0.199,  0.505,  0.506,  0.505,0.03686,  0.000,
mon_rep231013,2023-10-13T09:10:24, 39.260,  0.400,0,0,247, 25.000, 13.582,  0.000,  0.074, 13.382, 13.800,  0.000, 13.582, 13.382,  0.199,  0.505,  0.506,  0.505,0.03678,  0.000,
mon_rep231013,2023-10-13T09:10:25, 39.660,  0.400,0,0,247, 25.000, 13.582,  0.000,  0.072, 13.382, 13.800,  0.000, 13.582, 13.382,  0.199,  0.505,  0.506,  0.505,0.03670,  0.000,
mon_rep231013,2023-10-13T09:10:25, 40.060,  0.400,0,0,247, 25.000, 13.582,  0.000,  0.071, 13.382, 13.800,  0.000, 13.582, 13.382,  0.199,  0.505,  0.506,  0.505,0.03662,  0.000,
mon_rep231013,2023-10-13T09:10:26, 40.460,  0.400,0,0,247, 25.000, 13.582,  0.000,  0.070, 13.382, 13.800,  0.000, 13.582, 13.382,  0.199,  0.505,  0.506,  0.505,0.03654,  0.000,
mon_rep231013,2023-10-13T09:10:26, 40.860,  0.400,0,0,247, 25.000, 13.582,  0.000,  0.069, 13.382, 13.800,  0.000, 13.582, 13.382,  0.199,  0.505,  0.506,  0.505,0.03646,  0.000,
mon_rep231013,2023-10-13T09:10:26, 41.260,  0.400,0,0,247, 25.000, 13.582,  0.000,  0.069, 13.382, 13.800,  0.000, 13.582, 13.382,  0.199,  0.505,  0.506,  0.505,0.03637,  0.000,
mon_rep231013,2023-10-13T09:10:27, 41.660,  0.400,0,0,247, 25.000, 13.582,  0.000,  0.068, 13.382, 13.800,  0.000, 13.582, 13.382,  0.199,  0.505,  0.506,  0.505,0.03629,  0.000,
mon_rep231013,2023-10-13T09:10:27, 42.060,  0.400,0,0,247, 25.000, 13.582,  0.000,  0.067, 13.382, 13.800,  0.000, 13.582, 13.382,  0.199,  0.505,  0.506,  0.505,0.03621,  0.000,
mon_rep231013,2023-10-13T09:10:28, 42.460,  0.400,0,0,247, 25.000, 13.582,  0.000,  0.066, 13.382, 13.800,  0.000, 13.582, 13.382,  0.199,  0.505,  0.506,  0.505,0.03613,  0.000,
mon_rep231013,2023-10-13T09:10:28, 42.860,  0.400,0,0,247, 25.000, 13.582,  0.000,  0.065, 13.382, 13.800,  0.000, 13.582, 13.382,  0.199,  0.505,  0.506,  0.505,0.03605,  0.000,
mon_rep231013,2023-10-13T09:10:28, 43.260,  0.400,0,0,247, 25.000, 13.582,  0.000,  0.064, 13.382, 13.800,  0.000, 13.582, 13.382,  0.199,  0.505,  0.506,  0.505,0.03597,  0.000,
mon_rep231013,2023-10-13T09:10:29, 43.660,  0.400,0,0,247, 25.000, 13.582,  0.000,  0.063, 13.382, 13.800,  0.000, 13.582, 13.382,  0.199,  0.505,  0.506,  0.505,0.03589,  0.000,
mon_rep231013,2023-10-13T09:10:29, 44.060,  0.400,0,0,247, 25.000, 13.582,  0.000,  0.062, 13.382, 13.800,  0.000, 13.582, 13.382,  0.199,  0.505,  0.506,  0.505,0.03581,  0.000,
mon_rep231013,2023-10-13T09:10:30, 44.460,  0.400,0,0,247, 25.000, 13.582,  0.000,  0.061, 13.382, 13.800,  0.000, 13.582, 13.382,  0.199,  0.505,  0.506,  0.505,0.03573,  0.000,
mon_rep231013,2023-10-13T09:10:30, 44.860,  0.400,0,0,247, 25.000, 13.582,  0.000,  0.060, 13.382, 13.800,  0.000, 13.582, 13.382,  0.199,  0.505,  0.506,  0.505,0.03565,  0.000,
mon_rep231013,2023-10-13T09:10:30, 45.260,  0.400,0,0,247, 25.000, 13.582,  0.000,  0.060, 13.382, 13.800,  0.000, 13.582, 13.382,  0.199,  0.505,  0.506,  0.505,0.03558,  0.000,
mon_rep231013,2023-10-13T09:10:31, 45.660,  0.400,0,0,247, 25.000, 13.582,  0.000,  0.059, 13.382, 13.800,  0.000, 13.582, 13.382,  0.199,  0.505,  0.506,  0.505,0.03550,  0.000,
mon_rep231013,2023-10-13T09:10:31, 46.060,  0.400,0,0,247, 25.000, 13.582,  0.000,  0.058, 13.382, 13.800,  0.000, 13.582, 13.382,  0.199,  0.505,  0.506,  0.505,0.03542,  0.000,
mon_rep231013,2023-10-13T09:10:32, 46.460,  0.400,0,0,247, 25.000, 13.582,  0.000,  0.057, 13.382, 13.800,  0.000, 13.582, 13.382,  0.199,  0.505,  0.506,  0.505,0.03534,  0.000,
mon_rep231013,2023-10-13T09:10:32, 46.860,  0.400,0,0,247, 25.000, 13.582,  0.000,  0.056, 13.382, 13.800,  0.000, 13.582, 13.382,  0.199,  0.505,  0.506,  0.505,0.03526,  0.000,
mon_rep231013,2023-10-13T09:10:32, 47.260,  0.400,0,0,247, 25.000, 13.582,  0.000,  0.055, 13.382, 13.800,  0.000, 13.582, 13.383,  0.199,  0.505,  0.506,  0.505,0.03518,  0.000,
mon_rep231013,2023-10-13T09:10:33, 47.660,  0.400,0,0,247, 25.000, 13.582,  0.000,  0.055, 13.382, 13.800,  0.000, 13.582, 13.383,  0.199,  0.505,  0.506,  0.505,0.03510,  0.000,
mon_rep231013,2023-10-13T09:10:33, 48.060,  0.400,0,0,247, 25.000, 13.582,  0.000,  0.054, 13.382, 13.800,  0.000, 13.582, 13.383,  0.199,  0.505,  0.506,  0.505,0.03503,  0.000,
mon_rep231013,2023-10-13T09:10:34, 48.460,  0.400,0,0,247, 25.000, 13.582,  0.000,  0.053, 13.382, 13.800,  0.000, 13.582, 13.383,  0.199,  0.505,  0.506,  0.505,0.03495,  0.000,
mon_rep231013,2023-10-13T09:10:34, 48.860,  0.400,0,0,247, 25.000, 13.582,  0.000,  0.052, 13.382, 13.800,  0.000, 13.582, 13.383,  0.199,  0.505,  0.506,  0.505,0.03487,  0.000,
mon_rep231013,2023-10-13T09:10:34, 49.260,  0.400,0,0,247, 25.000, 13.582,  0.000,  0.052, 13.382, 13.800,  0.000, 13.582, 13.383,  0.199,  0.505,  0.506,  0.505,0.03479,  0.000,
mon_rep231013,2023-10-13T09:10:35, 49.660,  0.400,0,0,247, 25.000, 13.582,  0.000,  0.051, 13.382, 13.800,  0.000, 13.582, 13.383,  0.199,  0.505,  0.506,  0.505,0.03472,  0.000,
mon_rep231013,2023-10-13T09:10:35, 50.060,  0.400,0,0,247, 25.000, 13.582,  0.000,  0.050, 13.382, 13.800,  0.000, 13.582, 13.383,  0.199,  0.505,  0.506,  0.505,0.03464,  0.000,
mon_rep231013,2023-10-13T09:10:36, 50.460,  0.400,0,0,247, 25.000, 13.582,  0.000,  0.050, 13.382, 13.800,  0.000, 13.582, 13.383,  0.199,  0.505,  0.506,  0.505,0.03456,  0.000,
mon_rep231013,2023-10-13T09:10:36, 50.860,  0.400,0,0,247, 25.000, 13.582,  0.000,  0.049, 13.382, 13.800,  0.000, 13.582, 13.383,  0.199,  0.505,  0.506,  0.505,0.03449,  0.000,
mon_rep231013,2023-10-13T09:10:36, 51.260,  0.400,0,0,247, 25.000, 13.582,  0.000,  0.048, 13.382, 13.800,  0.000, 13.582, 13.383,  0.199,  0.505,  0.506,  0.505,0.03441,  0.000,
mon_rep231013,2023-10-13T09:10:37, 51.660,  0.400,0,0,247, 25.000, 13.582,  0.000,  0.047, 13.382, 13.800,  0.000, 13.582, 13.383,  0.199,  0.505,  0.506,  0.505,0.03433,  0.000,
mon_rep231013,2023-10-13T09:10:37, 52.060,  0.400,0,0,247, 25.000, 13.582,  0.000,  0.047, 13.382, 13.800,  0.000, 13.582, 13.383,  0.199,  0.505,  0.506,  0.505,0.03426,  0.000,
mon_rep231013,2023-10-13T09:10:38, 52.471,  0.411,0,0,247, 25.000, 13.582,  0.000,  0.046, 13.382, 13.800,  0.000, 13.582, 13.383,  0.199,  0.505,  0.506,  0.505,0.03418,  0.000,
mon_rep231013,2023-10-13T09:10:38, 52.860,  0.389,0,0,247, 25.000, 13.582,  0.000,  0.045, 13.382, 13.800,  0.000, 13.582, 13.383,  0.199,  0.505,  0.506,  0.505,0.03410,  0.000,
mon_rep231013,2023-10-13T09:10:38, 53.260,  0.400,0,0,247, 25.000, 13.582,  0.000,  0.045, 13.382, 13.800,  0.000, 13.582, 13.383,  0.199,  0.505,  0.506,  0.505,0.03403,  0.000,
mon_rep231013,2023-10-13T09:10:39, 53.660,  0.400,0,0,247, 25.000, 13.582,  0.000,  0.044, 13.382, 13.800,  0.000, 13.582, 13.383,  0.199,  0.505,  0.506,  0.505,0.03395,  0.000,
mon_rep231013,2023-10-13T09:10:39, 54.060,  0.400,0,0,247, 25.000, 13.582,  0.000,  0.044, 13.382, 13.800,  0.000, 13.582, 13.383,  0.199,  0.505,  0.506,  0.505,0.03388,  0.000,
mon_rep231013,2023-10-13T09:10:40, 54.460,  0.400,0,0,247, 25.000, 13.582,  0.000,  0.043, 13.382, 13.800,  0.000, 13.582, 13.383,  0.199,  0.505,  0.506,  0.505,0.03380,  0.000,
mon_rep231013,2023-10-13T09:10:40, 54.860,  0.400,0,0,247, 25.000, 13.582,  0.000,  0.042, 13.382, 13.800,  0.000, 13.582, 13.383,  0.199,  0.505,  0.506,  0.505,0.03373,  0.000,
mon_rep231013,2023-10-13T09:10:40, 55.260,  0.400,0,0,247, 25.000, 13.582,  0.000,  0.042, 13.382, 13.800,  0.000, 13.582, 13.383,  0.199,  0.505,  0.506,  0.505,0.03365,  0.000,
mon_rep231013,2023-10-13T09:10:41, 55.660,  0.400,0,0,247, 25.000, 13.582,  0.000,  0.041, 13.382, 13.800,  0.000, 13.582, 13.383,  0.199,  0.505,  0.506,  0.505,0.03358,  0.000,
mon_rep231013,2023-10-13T09:10:41, 56.060,  0.400,0,0,247, 25.000, 13.582,  0.000,  0.041, 13.382, 13.800,  0.000, 13.582, 13.383,  0.199,  0.505,  0.506,  0.505,0.03350,  0.000,
mon_rep231013,2023-10-13T09:10:42, 56.460,  0.400,0,0,247, 25.000, 13.582,  0.000,  0.040, 13.382, 13.800,  0.000, 13.582, 13.383,  0.199,  0.505,  0.506,  0.505,0.03343,  0.000,
mon_rep231013,2023-10-13T09:10:42, 56.860,  0.400,0,0,247, 25.000, 13.582,  0.000,  0.040, 13.382, 13.800,  0.000, 13.582, 13.383,  0.199,  0.505,  0.506,  0.505,0.03335,  0.000,
mon_rep231013,2023-10-13T09:10:42, 57.260,  0.400,0,0,247, 25.000, 13.582,  0.000,  0.039, 13.382, 13.800,  0.000, 13.582, 13.383,  0.199,  0.505,  0.506,  0.505,0.03328,  0.000,
mon_rep231013,2023-10-13T09:10:43, 57.660,  0.400,0,0,247, 25.000, 13.582,  0.000,  0.038, 13.382, 13.800,  0.000, 13.582, 13.383,  0.199,  0.505,  0.506,  0.505,0.03321,  0.000,
mon_rep231013,2023-10-13T09:10:43, 58.060,  0.400,0,0,247, 25.000, 13.582,  0.000,  0.038, 13.382, 13.800,  0.000, 13.582, 13.383,  0.199,  0.505,  0.506,  0.505,0.03313,  0.000,
mon_rep231013,2023-10-13T09:10:44, 58.460,  0.400,0,0,247, 25.000, 13.582,  0.000,  0.037, 13.382, 13.800,  0.000, 13.582, 13.383,  0.199,  0.505,  0.506,  0.505,0.03306,  0.000,
mon_rep231013,2023-10-13T09:10:44, 58.860,  0.400,0,0,247, 25.000, 13.582,  0.000,  0.037, 13.382, 13.800,  0.000, 13.582, 13.383,  0.199,  0.505,  0.506,  0.505,0.03299,  0.000,
mon_rep231013,2023-10-13T09:10:44, 59.260,  0.400,0,0,247, 25.000, 13.582,  0.000,  0.036, 13.382, 13.800,  0.000, 13.582, 13.383,  0.199,  0.505,  0.506,  0.505,0.03291,  0.000,
mon_rep231013,2023-10-13T09:10:45, 59.660,  0.400,0,0,247, 25.000, 13.582,  0.000,  0.036, 13.382, 13.800,  0.000, 13.582, 13.383,  0.199,  0.505,  0.506,  0.505,0.03284,  0.000,
mon_rep231013,2023-10-13T09:10:45, 60.060,  0.400,0,0,247, 25.000, 13.582,  0.000,  0.035, 13.382, 13.800,  0.000, 13.582, 13.383,  0.199,  0.505,  0.506,  0.505,0.03277,  0.000,
mon_rep231013,2023-10-13T09:10:46, 60.460,  0.400,0,0,247, 25.000, 13.582,  0.000,  0.035, 13.382, 13.800,  0.000, 13.582, 13.383,  0.199,  0.505,  0.506,  0.505,0.03269,  0.000,
mon_rep231013,2023-10-13T09:10:46, 60.860,  0.400,0,0,247, 25.000, 13.582,  0.000,  0.034, 13.382, 13.800,  0.000, 13.582, 13.383,  0.199,  0.505,  0.506,  0.505,0.03262,  0.000,
mon_rep231013,2023-10-13T09:10:46, 61.260,  0.400,0,0,247, 25.000, 13.582,  0.000,  0.034, 13.382, 13.800,  0.000, 13.582, 13.383,  0.199,  0.505,  0.506,  0.505,0.03255,  0.000,
mon_rep231013,2023-10-13T09:10:47, 61.660,  0.400,0,0,247, 25.000, 13.582,  0.000,  0.033, 13.382, 13.800,  0.000, 13.582, 13.383,  0.199,  0.505,  0.506,  0.505,0.03248,  0.000,
mon_rep231013,2023-10-13T09:10:47, 62.060,  0.400,0,0,247, 25.000, 13.582,  0.000,  0.033, 13.382, 13.800,  0.000, 13.582, 13.383,  0.199,  0.505,  0.506,  0.505,0.03241,  0.000,
mon_rep231013,2023-10-13T09:10:48, 62.460,  0.400,0,0,247, 25.000, 13.582,  0.000,  0.032, 13.382, 13.800,  0.000, 13.582, 13.383,  0.199,  0.505,  0.506,  0.505,0.03233,  0.000,
mon_rep231013,2023-10-13T09:10:48, 62.860,  0.400,0,0,247, 25.000, 13.582,  0.000,  0.032, 13.382, 13.800,  0.000, 13.582, 13.383,  0.199,  0.505,  0.506,  0.505,0.03226,  0.000,
mon_rep231013,2023-10-13T09:10:48, 63.260,  0.400,0,0,247, 25.000, 13.582,  0.000,  0.032, 13.382, 13.800,  0.000, 13.582, 13.383,  0.199,  0.505,  0.506,  0.505,0.03219,  0.000,
mon_rep231013,2023-10-13T09:10:49, 63.660,  0.400,0,0,247, 25.000, 13.582,  0.000,  0.031, 13.382, 13.800,  0.000, 13.582, 13.383,  0.200,  0.505,  0.506,  0.505,0.03212,  0.000,
mon_rep231013,2023-10-13T09:10:49, 64.060,  0.400,0,0,247, 25.000, 13.582,  0.000,  0.031, 13.382, 13.800,  0.000, 13.582, 13.383,  0.200,  0.505,  0.506,  0.505,0.03205,  0.000,
mon_rep231013,2023-10-13T09:10:50, 64.460,  0.400,0,0,247, 25.000, 13.582,  0.000,  0.030, 13.382, 13.800,  0.000, 13.582, 13.383,  0.200,  0.505,  0.506,  0.505,0.03198,  0.000,
mon_rep231013,2023-10-13T09:10:50, 64.860,  0.400,0,0,247, 25.000, 13.582,  0.000,  0.030, 13.382, 13.800,  0.000, 13.582, 13.383,  0.200,  0.505,  0.506,  0.505,0.03190,  0.000,
mon_rep231013,2023-10-13T09:10:50, 65.260,  0.400,0,0,247, 25.000, 13.582,  0.000,  0.029, 13.382, 13.800,  0.000, 13.582, 13.383,  0.200,  0.505,  0.506,  0.505,0.03183,  0.000,
mon_rep231013,2023-10-13T09:10:51, 65.660,  0.400,0,0,247, 25.000, 13.582,  0.000,  0.029, 13.382, 13.800,  0.000, 13.582, 13.383,  0.200,  0.505,  0.506,  0.505,0.03176,  0.000,
mon_rep231013,2023-10-13T09:10:51, 66.060,  0.400,0,0,247, 25.000, 13.582,  0.000,  0.029, 13.382, 13.800,  0.000, 13.582, 13.383,  0.200,  0.505,  0.506,  0.505,0.03169,  0.000,
mon_rep231013,2023-10-13T09:10:52, 66.460,  0.400,0,0,247, 25.000, 13.582,  0.000,  0.028, 13.382, 13.800,  0.000, 13.582, 13.383,  0.200,  0.505,  0.506,  0.505,0.03162,  0.000,
mon_rep231013,2023-10-13T09:10:52, 66.860,  0.400,0,0,247, 25.000, 13.582,  0.000,  0.028, 13.382, 13.800,  0.000, 13.582, 13.383,  0.200,  0.505,  0.506,  0.505,0.03155,  0.000,
mon_rep231013,2023-10-13T09:10:52, 67.260,  0.400,0,0,247, 25.000, 13.582,  0.000,  0.027, 13.382, 13.800,  0.000, 13.582, 13.383,  0.200,  0.505,  0.506,  0.505,0.03148,  0.000,
mon_rep231013,2023-10-13T09:10:53, 67.660,  0.400,0,0,247, 25.000, 13.582,  0.000,  0.027, 13.382, 13.800,  0.000, 13.582, 13.383,  0.200,  0.505,  0.506,  0.505,0.03141,  0.000,
mon_rep231013,2023-10-13T09:10:53, 68.060,  0.400,0,0,247, 25.000, 13.582,  0.000,  0.027, 13.382, 13.800,  0.000, 13.582, 13.383,  0.200,  0.505,  0.506,  0.505,0.03134,  0.000,
mon_rep231013,2023-10-13T09:10:54, 68.460,  0.400,0,0,247, 25.000, 13.582,  0.000,  0.026, 13.382, 13.800,  0.000, 13.582, 13.383,  0.200,  0.505,  0.506,  0.505,0.03127,  0.000,
mon_rep231013,2023-10-13T09:10:54, 68.860,  0.400,0,0,247, 25.000, 13.582,  0.000,  0.026, 13.382, 13.800,  0.000, 13.582, 13.383,  0.200,  0.505,  0.506,  0.505,0.03120,  0.000,
mon_rep231013,2023-10-13T09:10:54, 69.260,  0.400,0,0,247, 25.000, 13.582,  0.000,  0.026, 13.382, 13.800,  0.000, 13.582, 13.383,  0.200,  0.505,  0.506,  0.505,0.03113,  0.000,
mon_rep231013,2023-10-13T09:10:55, 69.660,  0.400,0,0,247, 25.000, 13.582,  0.000,  0.025, 13.382, 13.800,  0.000, 13.582, 13.383,  0.200,  0.505,  0.506,  0.505,0.03107,  0.000,
mon_rep231013,2023-10-13T09:10:55, 70.060,  0.400,0,0,247, 25.000, 13.582,  0.000,  0.025, 13.382, 13.800,  0.000, 13.582, 13.383,  0.200,  0.505,  0.506,  0.505,0.03100,  0.000,
mon_rep231013,2023-10-13T09:10:56, 70.460,  0.400,0,0,247, 25.000, 13.582,  0.000,  0.024, 13.382, 13.800,  0.000, 13.582, 13.383,  0.200,  0.505,  0.506,  0.505,0.03093,  0.000,
mon_rep231013,2023-10-13T09:10:56, 70.860,  0.400,0,0,247, 25.000, 13.582,  0.000,  0.024, 13.382, 13.800,  0.000, 13.582, 13.383,  0.200,  0.505,  0.506,  0.505,0.03086,  0.000,
mon_rep231013,2023-10-13T09:10:56, 71.260,  0.400,0,0,247, 25.000, 13.582,  0.000,  0.024, 13.382, 13.800,  0.000, 13.582, 13.383,  0.200,  0.505,  0.506,  0.505,0.03079,  0.000,
mon_rep231013,2023-10-13T09:10:57, 71.660,  0.400,0,0,247, 25.000, 13.582,  0.000,  0.023, 13.382, 13.800,  0.000, 13.582, 13.383,  0.200,  0.505,  0.506,  0.505,0.03072,  0.000,
mon_rep231013,2023-10-13T09:10:57, 72.060,  0.400,0,0,247, 25.000, 13.582,  0.000,  0.023, 13.382, 13.800,  0.000, 13.582, 13.383,  0.200,  0.505,  0.506,  0.505,0.03065,  0.000,
mon_rep231013,2023-10-13T09:10:58, 72.460,  0.400,0,0,247, 25.000, 13.582,  0.000,  0.023, 13.382, 13.800,  0.000, 13.582, 13.383,  0.200,  0.505,  0.506,  0.505,0.03059,  0.000,
mon_rep231013,2023-10-13T09:10:58, 72.860,  0.400,0,0,247, 25.000, 13.582,  0.000,  0.022, 13.382, 13.800,  0.000, 13.582, 13.383,  0.200,  0.505,  0.506,  0.505,0.03052,  0.000,
mon_rep231013,2023-10-13T09:10:58, 73.260,  0.400,0,0,247, 25.000, 13.582,  0.000,  0.022, 13.382, 13.800,  0.000, 13.582, 13.383,  0.200,  0.505,  0.506,  0.505,0.03045,  0.000,
mon_rep231013,2023-10-13T09:10:59, 73.660,  0.400,0,0,247, 25.000, 13.582,  0.000,  0.022, 13.382, 13.800,  0.000, 13.582, 13.383,  0.200,  0.505,  0.506,  0.505,0.03038,  0.000,
mon_rep231013,2023-10-13T09:10:59, 74.060,  0.400,0,0,247, 25.000, 13.582,  0.000,  0.022, 13.382, 13.800,  0.000, 13.582, 13.383,  0.200,  0.505,  0.506,  0.505,0.03032,  0.000,
mon_rep231013,2023-10-13T09:11:00, 74.460,  0.400,0,0,247, 25.000, 13.582,  0.000,  0.021, 13.382, 13.800,  0.000, 13.582, 13.383,  0.200,  0.505,  0.506,  0.505,0.03025,  0.000,
mon_rep231013,2023-10-13T09:11:00, 74.860,  0.400,0,0,247, 25.000, 13.582,  0.000,  0.021, 13.382, 13.800,  0.000, 13.582, 13.383,  0.200,  0.505,  0.506,  0.505,0.03018,  0.000,
mon_rep231013,2023-10-13T09:11:00, 75.260,  0.400,0,0,247, 25.000, 13.582,  0.000,  0.021, 13.382, 13.800,  0.000, 13.582, 13.383,  0.200,  0.505,  0.506,  0.505,0.03011,  0.000,
mon_rep231013,2023-10-13T09:11:01, 75.660,  0.400,0,0,247, 25.000, 13.582,  0.000,  0.020, 13.382, 13.800,  0.000, 13.582, 13.383,  0.200,  0.505,  0.506,  0.505,0.03005,  0.000,
mon_rep231013,2023-10-13T09:11:01, 76.060,  0.400,0,0,247, 25.000, 13.582,  0.000,  0.020, 13.382, 13.800,  0.000, 13.582, 13.383,  0.200,  0.505,  0.506,  0.505,0.02998,  0.000,
mon_rep231013,2023-10-13T09:11:02, 76.460,  0.400,0,0,247, 25.000, 13.582,  0.000,  0.020, 13.382, 13.800,  0.000, 13.582, 13.383,  0.200,  0.505,  0.506,  0.505,0.02991,  0.000,
mon_rep231013,2023-10-13T09:11:02, 76.860,  0.400,0,0,247, 25.000, 13.582,  0.000,  0.020, 13.382, 13.800,  0.000, 13.582, 13.383,  0.200,  0.505,  0.506,  0.505,0.02985,  0.000,
mon_rep231013,2023-10-13T09:11:02, 77.260,  0.400,0,0,247, 25.000, 13.582,  0.000,  0.019, 13.382, 13.800,  0.000, 13.582, 13.383,  0.200,  0.505,  0.506,  0.505,0.02978,  0.000,
mon_rep231013,2023-10-13T09:11:03, 77.660,  0.400,0,0,247, 25.000, 13.582,  0.000,  0.019, 13.382, 13.800,  0.000, 13.582, 13.383,  0.200,  0.505,  0.506,  0.505,0.02971,  0.000,
mon_rep231013,2023-10-13T09:11:03, 78.060,  0.400,0,0,247, 25.000, 13.582,  0.000,  0.019, 13.382, 13.800,  0.000, 13.582, 13.383,  0.200,  0.505,  0.506,  0.505,0.02965,  0.000,
mon_rep231013,2023-10-13T09:11:04, 78.460,  0.400,0,0,247, 25.000, 13.582,  0.000,  0.018, 13.382, 13.800,  0.000, 13.582, 13.383,  0.200,  0.505,  0.506,  0.505,0.02958,  0.000,
mon_rep231013,2023-10-13T09:11:04, 78.860,  0.400,0,0,247, 25.000, 13.582,  0.000,  0.018, 13.382, 13.800,  0.000, 13.582, 13.383,  0.200,  0.505,  0.506,  0.505,0.02952,  0.000,
mon_rep231013,2023-10-13T09:11:04, 79.260,  0.400,0,0,247, 25.000, 13.582,  0.000,  0.018, 13.382, 13.800,  0.000, 13.582, 13.383,  0.200,  0.505,  0.506,  0.505,0.02945,  0.000,
mon_rep231013,2023-10-13T09:11:05, 79.660,  0.400,0,0,247, 25.000, 13.582,  0.000,  0.018, 13.382, 13.800,  0.000, 13.582, 13.383,  0.200,  0.505,  0.506,  0.505,0.02939,  0.000,
mon_rep231013,2023-10-13T09:11:05, 80.060,  0.400,0,0,247, 25.000, 13.582,  0.000,  0.017, 13.382, 13.800,  0.000, 13.582, 13.383,  0.200,  0.505,  0.506,  0.505,0.02932,  0.000,
mon_rep231013,2023-10-13T09:11:06, 80.460,  0.400,0,0,247, 25.000, 13.582,  0.000,  0.017, 13.382, 13.800,  0.000, 13.582, 13.383,  0.200,  0.505,  0.506,  0.505,0.02926,  0.000,
mon_rep231013,2023-10-13T09:11:06, 80.860,  0.400,0,0,247, 25.000, 13.582,  0.000,  0.017, 13.382, 13.800,  0.000, 13.582, 13.383,  0.200,  0.505,  0.506,  0.505,0.02919,  0.000,
mon_rep231013,2023-10-13T09:11:06, 81.260,  0.400,0,0,247, 25.000, 13.582,  0.000,  0.017, 13.382, 13.800,  0.000, 13.582, 13.383,  0.200,  0.505,  0.506,  0.505,0.02913,  0.000,
mon_rep231013,2023-10-13T09:11:07, 81.660,  0.400,0,0,247, 25.000, 13.582,  0.000,  0.016, 13.382, 13.800,  0.000, 13.582, 13.383,  0.200,  0.505,  0.506,  0.505,0.02906,  0.000,
mon_rep231013,2023-10-13T09:11:07, 82.060,  0.400,0,0,247, 25.000, 13.582,  0.000,  0.016, 13.382, 13.800,  0.000, 13.582, 13.383,  0.200,  0.505,  0.506,  0.505,0.02900,  0.000,
mon_rep231013,2023-10-13T09:11:08, 82.460,  0.400,0,0,247, 25.000, 13.582,  0.000,  0.016, 13.382, 13.800,  0.000, 13.582, 13.383,  0.200,  0.505,  0.506,  0.505,0.02893,  0.000,
mon_rep231013,2023-10-13T09:11:08, 82.860,  0.400,0,0,247, 25.000, 13.582,  0.000,  0.016, 13.382, 13.800,  0.000, 13.582, 13.383,  0.200,  0.505,  0.506,  0.505,0.02887,  0.000,
mon_rep231013,2023-10-13T09:11:08, 83.260,  0.400,0,0,247, 25.000, 13.582,  0.000,  0.016, 13.382, 13.800,  0.000, 13.582, 13.383,  0.200,  0.505,  0.506,  0.505,0.02880,  0.000,
mon_rep231013,2023-10-13T09:11:09, 83.660,  0.400,0,0,247, 25.000, 13.582,  0.000,  0.015, 13.382, 13.800,  0.000, 13.582, 13.383,  0.200,  0.505,  0.506,  0.505,0.02874,  0.000,
mon_rep231013,2023-10-13T09:11:09, 84.060,  0.400,0,0,247, 25.000, 13.582,  0.000,  0.015, 13.382, 13.800,  0.000, 13.582, 13.383,  0.200,  0.505,  0.506,  0.505,0.02868,  0.000,
mon_rep231013,2023-10-13T09:11:10, 84.460,  0.400,0,0,247, 25.000, 13.582,  0.000,  0.015, 13.382, 13.800,  0.000, 13.582, 13.383,  0.200,  0.505,  0.506,  0.505,0.02861,  0.000,
mon_rep231013,2023-10-13T09:11:10, 84.860,  0.400,0,0,247, 25.000, 13.582,  0.000,  0.015, 13.382, 13.800,  0.000, 13.582, 13.383,  0.200,  0.505,  0.506,  0.505,0.02855,  0.000,
mon_rep231013,2023-10-13T09:11:10, 85.260,  0.400,0,0,247, 25.000, 13.582,  0.000,  0.015, 13.382, 13.800,  0.000, 13.582, 13.383,  0.200,  0.505,  0.506,  0.505,0.02849,  0.000,
mon_rep231013,2023-10-13T09:11:11, 85.660,  0.400,0,0,247, 25.000, 13.582,  0.000,  0.014, 13.382, 13.800,  0.000, 13.582, 13.383,  0.200,  0.505,  0.506,  0.505,0.02842,  0.000,
mon_rep231013,2023-10-13T09:11:11, 86.060,  0.400,0,0,247, 25.000, 13.582,  0.000,  0.014, 13.382, 13.800,  0.000, 13.582, 13.383,  0.200,  0.505,  0.506,  0.505,0.02836,  0.000,
mon_rep231013,2023-10-13T09:11:12, 86.460,  0.400,0,0,247, 25.000, 13.582,  0.000,  0.014, 13.382, 13.800,  0.000, 13.582, 13.383,  0.200,  0.505,  0.506,  0.505,0.02830,  0.000,
mon_rep231013,2023-10-13T09:11:12, 86.860,  0.400,0,0,247, 25.000, 13.582,  0.000,  0.014, 13.382, 13.800,  0.000, 13.582, 13.383,  0.200,  0.505,  0.506,  0.505,0.02823,  0.000,
mon_rep231013,2023-10-13T09:11:12, 87.260,  0.400,0,0,247, 25.000, 13.582,  0.000,  0.014, 13.382, 13.800,  0.000, 13.582, 13.383,  0.200,  0.505,  0.506,  0.505,0.02817,  0.000,
mon_rep231013,2023-10-13T09:11:13, 87.660,  0.400,0,0,247, 25.000, 13.582,  0.000,  0.013, 13.382, 13.800,  0.000, 13.582, 13.383,  0.200,  0.505,  0.506,  0.505,0.02811,  0.000,
mon_rep231013,2023-10-13T09:11:13, 88.060,  0.400,0,0,247, 25.000, 13.582,  0.000,  0.013, 13.382, 13.800,  0.000, 13.582, 13.383,  0.200,  0.505,  0.506,  0.505,0.02805,  0.000,
mon_rep231013,2023-10-13T09:11:14, 88.460,  0.400,0,0,247, 25.000, 13.582,  0.000,  0.013, 13.382, 13.800,  0.000, 13.582, 13.383,  0.200,  0.505,  0.506,  0.505,0.02798,  0.000,
mon_rep231013,2023-10-13T09:11:14, 88.860,  0.400,0,0,247, 25.000, 13.582,  0.000,  0.013, 13.382, 13.800,  0.000, 13.582, 13.383,  0.200,  0.505,  0.506,  0.505,0.02792,  0.000,
mon_rep231013,2023-10-13T09:11:14, 89.260,  0.400,0,0,247, 25.000, 13.582,  0.000,  0.013, 13.382, 13.800,  0.000, 13.582, 13.383,  0.200,  0.505,  0.506,  0.505,0.02786,  0.000,
mon_rep231013,2023-10-13T09:11:15, 89.660,  0.400,0,0,247, 25.000, 13.582,  0.000,  0.012, 13.382, 13.800,  0.000, 13.582, 13.383,  0.200,  0.505,  0.506,  0.505,0.02780,  0.000,
mon_rep231013,2023-10-13T09:11:15, 90.060,  0.400,0,0,247, 25.000, 13.582,  0.000,  0.012, 13.382, 13.800,  0.000, 13.582, 13.383,  0.200,  0.505,  0.506,  0.505,0.02774,  0.000,
mon_rep231013,2023-10-13T09:11:16, 90.460,  0.400,0,0,247, 25.000, 13.582,  0.000,  0.012, 13.382, 13.800,  0.000, 13.582, 13.383,  0.200,  0.505,  0.506,  0.505,0.02768,  0.000,
mon_rep231013,2023-10-13T09:11:16, 90.860,  0.400,0,0,247, 25.000, 13.582,  0.000,  0.012, 13.382, 13.800,  0.000, 13.582, 13.383,  0.200,  0.505,  0.506,  0.505,0.02761,  0.000,
mon_rep231013,2023-10-13T09:11:16, 91.260,  0.400,0,0,247, 25.000, 13.582,  0.000,  0.012, 13.382, 13.800,  0.000, 13.582, 13.383,  0.200,  0.505,  0.506,  0.505,0.02755,  0.000,
mon_rep231013,2023-10-13T09:11:17, 91.660,  0.400,0,0,247, 25.000, 13.582,  0.000,  0.012, 13.382, 13.800,  0.000, 13.582, 13.383,  0.200,  0.505,  0.506,  0.505,0.02749,  0.000,
mon_rep231013,2023-10-13T09:11:17, 92.060,  0.400,0,0,247, 25.000, 13.582,  0.000,  0.011, 13.382, 13.800,  0.000, 13.582, 13.383,  0.200,  0.505,  0.506,  0.505,0.02743,  0.000,
mon_rep231013,2023-10-13T09:11:18, 92.460,  0.400,0,0,247, 25.000, 13.582,  0.000,  0.011, 13.382, 13.800,  0.000, 13.582, 13.383,  0.200,  0.505,  0.506,  0.505,0.02737,  0.000,
mon_rep231013,2023-10-13T09:11:18, 92.871,  0.411,0,0,247, 25.000, 13.582,  0.000,  0.011, 13.382, 13.800,  0.000, 13.582, 13.383,  0.200,  0.505,  0.506,  0.505,0.02731,  0.000,
mon_rep231013,2023-10-13T09:11:18, 93.260,  0.389,0,0,247, 25.000, 13.582,  0.000,  0.011, 13.382, 13.800,  0.000, 13.582, 13.383,  0.200,  0.505,  0.506,  0.505,0.02725,  0.000,
mon_rep231013,2023-10-13T09:11:19, 93.660,  0.400,0,0,247, 25.000, 13.582,  0.000,  0.011, 13.382, 13.800,  0.000, 13.582, 13.383,  0.200,  0.505,  0.506,  0.505,0.02719,  0.000,
mon_rep231013,2023-10-13T09:11:19, 94.060,  0.400,0,0,247, 25.000, 13.582,  0.000,  0.011, 13.382, 13.800,  0.000, 13.582, 13.383,  0.200,  0.505,  0.506,  0.505,0.02713,  0.000,
mon_rep231013,2023-10-13T09:11:20, 94.460,  0.400,0,0,247, 25.000, 13.582,  0.000,  0.010, 13.382, 13.800,  0.000, 13.582, 13.383,  0.200,  0.505,  0.506,  0.505,0.02707,  0.000,
mon_rep231013,2023-10-13T09:11:20, 94.860,  0.400,0,0,247, 25.000, 13.582,  0.000,  0.010, 13.382, 13.800,  0.000, 13.582, 13.383,  0.200,  0.505,  0.506,  0.505,0.02701,  0.000,
mon_rep231013,2023-10-13T09:11:20, 95.260,  0.400,0,0,247, 25.000, 13.582,  0.000,  0.010, 13.382, 13.800,  0.000, 13.582, 13.383,  0.200,  0.505,  0.506,  0.505,0.02695,  0.000,
mon_rep231013,2023-10-13T09:11:21, 95.660,  0.400,0,0,247, 25.000, 13.582,  0.000,  0.010, 13.382, 13.800,  0.000, 13.582, 13.383,  0.200,  0.505,  0.506,  0.505,0.02689,  0.000,
mon_rep231013,2023-10-13T09:11:21, 96.060,  0.400,0,0,247, 25.000, 13.582,  0.000,  0.010, 13.382, 13.800,  0.000, 13.582, 13.383,  0.199,  0.505,  0.506,  0.505,0.02683,  0.000,
mon_rep231013,2023-10-13T09:11:22, 96.460,  0.400,0,0,247, 25.000, 13.582,  0.000,  0.010, 13.382, 13.800,  0.000, 13.582, 13.383,  0.199,  0.505,  0.506,  0.505,0.02677,  0.000,
mon_rep231013,2023-10-13T09:11:22, 96.860,  0.400,0,0,247, 25.000, 13.582,  0.000,  0.010, 13.382, 13.800,  0.000, 13.582, 13.383,  0.199,  0.505,  0.506,  0.505,0.02671,  0.000,
mon_rep231013,2023-10-13T09:11:22, 97.260,  0.400,0,0,247, 25.000, 13.582,  0.000,  0.009, 13.382, 13.800,  0.000, 13.582, 13.383,  0.199,  0.505,  0.506,  0.505,0.02665,  0.000,
mon_rep231013,2023-10-13T09:11:23, 97.660,  0.400,0,0,247, 25.000, 13.582,  0.000,  0.009, 13.382, 13.800,  0.000, 13.582, 13.383,  0.199,  0.505,  0.506,  0.505,0.02659,  0.000,
mon_rep231013,2023-10-13T09:11:23, 98.060,  0.400,0,0,247, 25.000, 13.582,  0.000,  0.009, 13.382, 13.800,  0.000, 13.582, 13.383,  0.199,  0.505,  0.506,  0.505,0.02653,  0.000,
mon_rep231013,2023-10-13T09:11:24, 98.460,  0.400,0,0,247, 25.000, 13.582,  0.000,  0.009, 13.382, 13.800,  0.000, 13.582, 13.383,  0.199,  0.505,  0.506,  0.505,0.02647,  0.000,
mon_rep231013,2023-10-13T09:11:24, 98.860,  0.400,0,0,247, 25.000, 13.582,  0.000,  0.009, 13.382, 13.800,  0.000, 13.582, 13.383,  0.199,  0.505,  0.506,  0.505,0.02641,  0.000,
mon_rep231013,2023-10-13T09:11:24, 99.260,  0.400,0,0,247, 25.000, 13.582,  0.000,  0.009, 13.382, 13.800,  0.000, 13.582, 13.383,  0.199,  0.505,  0.506,  0.505,0.02635,  0.000,
mon_rep231013,2023-10-13T09:11:25, 99.660,  0.400,0,0,247, 25.000, 13.582,  0.000,  0.009, 13.382, 13.800,  0.000, 13.582, 13.383,  0.199,  0.505,  0.506,  0.505,0.02630,  0.000,
mon_rep231013,2023-10-13T09:11:25,100.060,  0.400,0,0,247, 25.000, 13.582,  0.000,  0.009, 13.382, 13.800,  0.000, 13.582, 13.383,  0.199,  0.505,  0.506,  0.505,0.02624,  0.000,
mon_rep231013,2023-10-13T09:11:26,100.460,  0.400,0,0,247, 25.000, 13.582,  0.000,  0.008, 13.382, 13.800,  0.000, 13.582, 13.383,  0.199,  0.505,  0.506,  0.505,0.02618,  0.000,
mon_rep231013,2023-10-13T09:11:26,100.860,  0.400,0,0,247, 25.000, 13.582,  0.000,  0.008, 13.382, 13.800,  0.000, 13.582, 13.383,  0.199,  0.505,  0.506,  0.505,0.02612,  0.000,
mon_rep231013,2023-10-13T09:11:26,101.260,  0.400,0,0,247, 25.000, 13.582,  0.000,  0.008, 13.382, 13.800,  0.000, 13.582, 13.383,  0.199,  0.505,  0.506,  0.505,0.02606,  0.000,
mon_rep231013,2023-10-13T09:11:27,101.660,  0.400,0,0,247, 25.000, 13.582,  0.000,  0.008, 13.382, 13.800,  0.000, 13.582, 13.383,  0.199,  0.505,  0.506,  0.505,0.02601,  0.000,
mon_rep231013,2023-10-13T09:11:27,102.060,  0.400,0,0,247, 25.000, 13.582,  0.000,  0.008, 13.382, 13.800,  0.000, 13.582, 13.383,  0.199,  0.505,  0.506,  0.505,0.02595,  0.000,
mon_rep231013,2023-10-13T09:11:28,102.460,  0.400,0,0,247, 25.000, 13.582,  0.000,  0.008, 13.382, 13.800,  0.000, 13.582, 13.383,  0.199,  0.505,  0.506,  0.505,0.02589,  0.000,
mon_rep231013,2023-10-13T09:11:28,102.860,  0.400,0,0,247, 25.000, 13.582,  0.000,  0.008, 13.382, 13.800,  0.000, 13.582, 13.383,  0.199,  0.505,  0.506,  0.505,0.02583,  0.000,
mon_rep231013,2023-10-13T09:11:28,103.260,  0.400,0,0,247, 25.000, 13.582,  0.000,  0.008, 13.382, 13.800,  0.000, 13.582, 13.383,  0.199,  0.505,  0.506,  0.505,0.02578,  0.000,
mon_rep231013,2023-10-13T09:11:29,103.660,  0.400,0,0,247, 25.000, 13.582,  0.000,  0.008, 13.382, 13.800,  0.000, 13.582, 13.383,  0.199,  0.505,  0.506,  0.505,0.02572,  0.000,
mon_rep231013,2023-10-13T09:11:29,104.060,  0.400,0,0,247, 25.000, 13.582,  0.000,  0.007, 13.382, 13.800,  0.000, 13.582, 13.383,  0.199,  0.505,  0.506,  0.505,0.02566,  0.000,
mon_rep231013,2023-10-13T09:11:30,104.460,  0.400,0,0,247, 25.000, 13.582,  0.000,  0.007, 13.382, 13.800,  0.000, 13.582, 13.383,  0.199,  0.505,  0.506,  0.505,0.02560,  0.000,
mon_rep231013,2023-10-13T09:11:30,104.860,  0.400,0,0,247, 25.000, 13.582,  0.000,  0.007, 13.382, 13.800,  0.000, 13.582, 13.383,  0.199,  0.505,  0.506,  0.505,0.02555,  0.000,
mon_rep231013,2023-10-13T09:11:30,105.260,  0.400,0,0,247, 25.000, 13.582,  0.000,  0.007, 13.382, 13.800,  0.000, 13.582, 13.383,  0.199,  0.505,  0.506,  0.505,0.02549,  0.000,
mon_rep231013,2023-10-13T09:11:31,105.660,  0.400,0,0,247, 25.000, 13.582,  0.000,  0.007, 13.382, 13.800,  0.000, 13.582, 13.383,  0.199,  0.505,  0.506,  0.505,0.02543,  0.000,
mon_rep231013,2023-10-13T09:11:31,106.060,  0.400,0,0,247, 25.000, 13.582,  0.000,  0.007, 13.382, 13.800,  0.000, 13.582, 13.383,  0.199,  0.505,  0.506,  0.505,0.02538,  0.000,
mon_rep231013,2023-10-13T09:11:32,106.460,  0.400,0,0,247, 25.000, 13.582,  0.000,  0.007, 13.382, 13.800,  0.000, 13.582, 13.383,  0.199,  0.505,  0.506,  0.505,0.02532,  0.000,
mon_rep231013,2023-10-13T09:11:32,106.860,  0.400,0,0,247, 25.000, 13.582,  0.000,  0.007, 13.382, 13.800,  0.000, 13.582, 13.383,  0.199,  0.505,  0.506,  0.505,0.02527,  0.000,
mon_rep231013,2023-10-13T09:11:32,107.260,  0.400,0,0,247, 25.000, 13.582,  0.000,  0.007, 13.382, 13.800,  0.000, 13.582, 13.383,  0.199,  0.505,  0.506,  0.505,0.02521,  0.000,
mon_rep231013,2023-10-13T09:11:33,107.660,  0.400,0,0,247, 25.000, 13.582,  0.000,  0.007, 13.382, 13.800,  0.000, 13.582, 13.383,  0.199,  0.505,  0.506,  0.505,0.02515,  0.000,
mon_rep231013,2023-10-13T09:11:33,108.060,  0.400,0,0,247, 25.000, 13.582,  0.000,  0.006, 13.382, 13.800,  0.000, 13.582, 13.383,  0.199,  0.505,  0.506,  0.505,0.02510,  0.000,
mon_rep231013,2023-10-13T09:11:34,108.460,  0.400,0,0,247, 25.000, 13.582,  0.000,  0.006, 13.382, 13.800,  0.000, 13.582, 13.383,  0.199,  0.505,  0.506,  0.505,0.02504,  0.000,
mon_rep231013,2023-10-13T09:11:34,108.860,  0.400,0,0,247, 25.000, 13.582,  0.000,  0.006, 13.382, 13.800,  0.000, 13.582, 13.383,  0.199,  0.505,  0.506,  0.505,0.02499,  0.000,
mon_rep231013,2023-10-13T09:11:34,109.260,  0.400,0,0,247, 25.000, 13.582,  0.000,  0.006, 13.382, 13.800,  0.000, 13.582, 13.383,  0.199,  0.505,  0.506,  0.505,0.02493,  0.000,
mon_rep231013,2023-10-13T09:11:35,109.660,  0.400,0,0,247, 25.000, 13.582,  0.000,  0.006, 13.382, 13.800,  0.000, 13.582, 13.383,  0.199,  0.505,  0.506,  0.505,0.02488,  0.000,
mon_rep231013,2023-10-13T09:11:35,110.060,  0.400,0,0,247, 25.000, 13.582,  0.000,  0.006, 13.382, 13.800,  0.000, 13.582, 13.383,  0.199,  0.505,  0.506,  0.505,0.02482,  0.000,
mon_rep231013,2023-10-13T09:11:36,110.460,  0.400,0,0,247, 25.000, 13.582,  0.000,  0.006, 13.382, 13.800,  0.000, 13.582, 13.383,  0.199,  0.505,  0.506,  0.505,0.02476,  0.000,
mon_rep231013,2023-10-13T09:11:36,110.860,  0.400,0,0,247, 25.000, 13.582,  0.000,  0.006, 13.382, 13.800,  0.000, 13.582, 13.383,  0.199,  0.505,  0.506,  0.505,0.02471,  0.000,
mon_rep231013,2023-10-13T09:11:36,111.260,  0.400,0,0,247, 25.000, 13.582,  0.000,  0.006, 13.382, 13.800,  0.000, 13.582, 13.383,  0.199,  0.505,  0.506,  0.505,0.02466,  0.000,
mon_rep231013,2023-10-13T09:11:37,111.660,  0.400,0,0,247, 25.000, 13.582,  0.000,  0.006, 13.382, 13.800,  0.000, 13.582, 13.383,  0.199,  0.505,  0.506,  0.505,0.02460,  0.000,
mon_rep231013,2023-10-13T09:11:37,112.060,  0.400,0,0,247, 25.000, 13.582,  0.000,  0.006, 13.382, 13.800,  0.000, 13.582, 13.383,  0.199,  0.505,  0.506,  0.505,0.02455,  0.000,
mon_rep231013,2023-10-13T09:11:38,112.460,  0.400,0,0,247, 25.000, 13.582,  0.000,  0.006, 13.382, 13.800,  0.000, 13.582, 13.383,  0.199,  0.505,  0.506,  0.505,0.02449,  0.000,
mon_rep231013,2023-10-13T09:11:38,112.860,  0.400,0,0,247, 25.000, 13.582,  0.000,  0.005, 13.382, 13.800,  0.000, 13.582, 13.383,  0.199,  0.505,  0.506,  0.505,0.02444,  0.000,
mon_rep231013,2023-10-13T09:11:38,113.261,  0.401,0,0,247, 25.000, 13.582,  0.000,  0.005, 13.382, 13.800,  0.000, 13.582, 13.383,  0.199,  0.505,  0.506,  0.505,0.02438,  0.000,
mon_rep231013,2023-10-13T09:11:39,113.661,  0.400,0,0,247, 25.000, 13.582,  0.000,  0.005, 13.382, 13.800,  0.000, 13.582, 13.383,  0.199,  0.505,  0.506,  0.505,0.02433,  0.000,
mon_rep231013,2023-10-13T09:11:39,114.061,  0.400,0,0,247, 25.000, 13.582,  0.000,  0.005, 13.382, 13.800,  0.000, 13.582, 13.383,  0.199,  0.505,  0.507,  0.505,0.02427,  0.000,
mon_rep231013,2023-10-13T09:11:40,114.461,  0.400,0,0,247, 25.000, 13.582,  0.000,  0.005, 13.382, 13.800,  0.000, 13.582, 13.383,  0.199,  0.505,  0.507,  0.505,0.02422,  0.000,
mon_rep231013,2023-10-13T09:11:40,114.861,  0.400,0,0,247, 25.000, 13.582,  0.000,  0.005, 13.382, 13.800,  0.000, 13.582, 13.383,  0.199,  0.505,  0.507,  0.505,0.02417,  0.000,
mon_rep231013,2023-10-13T09:11:40,115.261,  0.400,0,0,247, 25.000, 13.582,  0.000,  0.005, 13.382, 13.800,  0.000, 13.582, 13.383,  0.199,  0.505,  0.507,  0.505,0.02411,  0.000,
mon_rep231013,2023-10-13T09:11:41,115.661,  0.400,0,0,247, 25.000, 13.582,  0.000,  0.005, 13.382, 13.800,  0.000, 13.582, 13.383,  0.199,  0.505,  0.507,  0.505,0.02406,  0.000,
mon_rep231013,2023-10-13T09:11:41,116.061,  0.400,0,0,247, 25.000, 13.582,  0.000,  0.005, 13.382, 13.800,  0.000, 13.582, 13.383,  0.199,  0.505,  0.507,  0.505,0.02401,  0.000,
mon_rep231013,2023-10-13T09:11:42,116.461,  0.400,0,0,247, 25.000, 13.582,  0.000,  0.005, 13.382, 13.800,  0.000, 13.582, 13.383,  0.199,  0.505,  0.507,  0.505,0.02395,  0.000,
mon_rep231013,2023-10-13T09:11:42,116.861,  0.400,0,0,247, 25.000, 13.582,  0.000,  0.005, 13.382, 13.800,  0.000, 13.582, 13.383,  0.199,  0.505,  0.507,  0.505,0.02390,  0.000,
mon_rep231013,2023-10-13T09:11:42,117.261,  0.400,0,0,247, 25.000, 13.582,  0.000,  0.005, 13.382, 13.800,  0.000, 13.582, 13.383,  0.199,  0.505,  0.507,  0.505,0.02385,  0.000,
mon_rep231013,2023-10-13T09:11:43,117.661,  0.400,0,0,247, 25.000, 13.582,  0.000,  0.005, 13.382, 13.800,  0.000, 13.582, 13.383,  0.199,  0.505,  0.507,  0.505,0.02379,  0.000,
mon_rep231013,2023-10-13T09:11:43,118.061,  0.400,0,0,247, 25.000, 13.582,  0.000,  0.005, 13.382, 13.800,  0.000, 13.582, 13.383,  0.199,  0.505,  0.507,  0.505,0.02374,  0.000,
mon_rep231013,2023-10-13T09:11:44,118.461,  0.400,0,0,247, 25.000, 13.582,  0.000,  0.004, 13.382, 13.800,  0.000, 13.582, 13.383,  0.199,  0.505,  0.507,  0.505,0.02369,  0.000,
mon_rep231013,2023-10-13T09:11:44,118.861,  0.400,0,0,247, 25.000, 13.582,  0.000,  0.004, 13.382, 13.800,  0.000, 13.582, 13.383,  0.199,  0.505,  0.507,  0.505,0.02364,  0.000,
mon_rep231013,2023-10-13T09:11:44,119.261,  0.400,0,0,247, 25.000, 13.582,  0.000,  0.004, 13.382, 13.800,  0.000, 13.582, 13.383,  0.199,  0.505,  0.507,  0.505,0.02358,  0.000,
mon_rep231013,2023-10-13T09:11:45,119.661,  0.400,0,0,247, 25.000, 13.582,  0.000,  0.004, 13.382, 13.800,  0.000, 13.582, 13.383,  0.199,  0.505,  0.507,  0.505,0.02353,  0.000,
mon_rep231013,2023-10-13T09:11:45,120.061,  0.400,0,0,247, 25.000, 13.582,  0.000,  0.004, 13.382, 13.800,  0.000, 13.582, 13.383,  0.199,  0.505,  0.507,  0.505,0.02348,  0.000,
mon_rep231013,2023-10-13T09:11:46,120.461,  0.400,0,0,247, 25.000, 13.582,  0.000,  0.004, 13.382, 13.800,  0.000, 13.582, 13.383,  0.199,  0.505,  0.507,  0.505,0.02343,  0.000,
mon_rep231013,2023-10-13T09:11:46,120.861,  0.400,0,0,247, 25.000, 13.582,  0.000,  0.004, 13.382, 13.800,  0.000, 13.582, 13.383,  0.199,  0.505,  0.507,  0.505,0.02337,  0.000,
mon_rep231013,2023-10-13T09:11:46,121.261,  0.400,0,0,247, 25.000, 13.582,  0.000,  0.004, 13.382, 13.800,  0.000, 13.582, 13.383,  0.199,  0.505,  0.507,  0.505,0.02332,  0.000,
mon_rep231013,2023-10-13T09:11:47,121.661,  0.400,0,0,247, 25.000, 13.582,  0.000,  0.004, 13.382, 13.800,  0.000, 13.582, 13.383,  0.199,  0.505,  0.507,  0.505,0.02327,  0.000,
mon_rep231013,2023-10-13T09:11:47,122.061,  0.400,0,0,247, 25.000, 13.582,  0.000,  0.004, 13.382, 13.800,  0.000, 13.582, 13.383,  0.199,  0.505,  0.507,  0.505,0.02322,  0.000,
mon_rep231013,2023-10-13T09:11:48,122.461,  0.400,0,0,247, 25.000, 13.582,  0.000,  0.004, 13.382, 13.800,  0.000, 13.582, 13.383,  0.199,  0.505,  0.507,  0.505,0.02317,  0.000,
mon_rep231013,2023-10-13T09:11:48,122.861,  0.400,0,0,247, 25.000, 13.582,  0.000,  0.004, 13.382, 13.800,  0.000, 13.582, 13.383,  0.199,  0.505,  0.507,  0.505,0.02312,  0.000,
mon_rep231013,2023-10-13T09:11:48,123.261,  0.400,0,0,247, 25.000, 13.582,  0.000,  0.004, 13.382, 13.800,  0.000, 13.582, 13.383,  0.199,  0.505,  0.507,  0.505,0.02306,  0.000,
mon_rep231013,2023-10-13T09:11:49,123.661,  0.400,0,0,247, 25.000, 13.582,  0.000,  0.004, 13.382, 13.800,  0.000, 13.582, 13.383,  0.199,  0.505,  0.507,  0.505,0.02301,  0.000,
mon_rep231013,2023-10-13T09:11:49,124.061,  0.400,0,0,247, 25.000, 13.582,  0.000,  0.004, 13.382, 13.800,  0.000, 13.582, 13.383,  0.199,  0.505,  0.507,  0.505,0.02296,  0.000,
mon_rep231013,2023-10-13T09:11:50,124.461,  0.400,0,0,247, 25.000, 13.582,  0.000,  0.004, 13.382, 13.800,  0.000, 13.582, 13.383,  0.199,  0.505,  0.507,  0.505,0.02291,  0.000,
mon_rep231013,2023-10-13T09:11:50,124.861,  0.400,0,0,247, 25.000, 13.582,  0.000,  0.004, 13.382, 13.800,  0.000, 13.582, 13.383,  0.199,  0.505,  0.507,  0.505,0.02286,  0.000,
mon_rep231013,2023-10-13T09:11:50,125.261,  0.400,0,0,247, 25.000, 13.582,  0.000,  0.004, 13.382, 13.800,  0.000, 13.582, 13.383,  0.199,  0.505,  0.507,  0.505,0.02281,  0.000,
mon_rep231013,2023-10-13T09:11:51,125.661,  0.400,0,0,247, 25.000, 13.582,  0.000,  0.003, 13.382, 13.800,  0.000, 13.582, 13.383,  0.199,  0.505,  0.507,  0.505,0.02276,  0.000,
mon_rep231013,2023-10-13T09:11:51,126.061,  0.400,0,0,247, 25.000, 13.582,  0.000,  0.003, 13.382, 13.800,  0.000, 13.582, 13.383,  0.199,  0.505,  0.507,  0.505,0.02271,  0.000,
mon_rep231013,2023-10-13T09:11:52,126.461,  0.400,0,0,247, 25.000, 13.582,  0.000,  0.003, 13.382, 13.800,  0.000, 13.582, 13.383,  0.199,  0.505,  0.507,  0.505,0.02266,  0.000,
mon_rep231013,2023-10-13T09:11:52,126.861,  0.400,0,0,247, 25.000, 13.582,  0.000,  0.003, 13.382, 13.800,  0.000, 13.582, 13.383,  0.199,  0.505,  0.507,  0.505,0.02261,  0.000,
mon_rep231013,2023-10-13T09:11:52,127.261,  0.400,0,0,247, 25.000, 13.582,  0.000,  0.003, 13.382, 13.800,  0.000, 13.582, 13.383,  0.199,  0.505,  0.507,  0.505,0.02256,  0.000,
mon_rep231013,2023-10-13T09:11:53,127.661,  0.400,0,0,247, 25.000, 13.582,  0.000,  0.003, 13.382, 13.800,  0.000, 13.582, 13.383,  0.199,  0.505,  0.507,  0.505,0.02251,  0.000,
mon_rep231013,2023-10-13T09:11:53,128.061,  0.400,0,0,247, 25.000, 13.582,  0.000,  0.003, 13.382, 13.800,  0.000, 13.582, 13.383,  0.199,  0.505,  0.507,  0.505,0.02246,  0.000,
mon_rep231013,2023-10-13T09:11:54,128.461,  0.400,0,0,247, 25.000, 13.582,  0.000,  0.003, 13.382, 13.800,  0.000, 13.582, 13.383,  0.199,  0.505,  0.507,  0.505,0.02241,  0.000,
mon_rep231013,2023-10-13T09:11:54,128.861,  0.400,0,0,247, 25.000, 13.582,  0.000,  0.003, 13.382, 13.800,  0.000, 13.582, 13.383,  0.199,  0.505,  0.507,  0.505,0.02236,  0.000,
mon_rep231013,2023-10-13T09:11:54,129.261,  0.400,0,0,247, 25.000, 13.582,  0.000,  0.003, 13.382, 13.800,  0.000, 13.582, 13.383,  0.199,  0.505,  0.507,  0.505,0.02231,  0.000,
mon_rep231013,2023-10-13T09:11:55,129.661,  0.400,0,0,247, 25.000, 13.582,  0.000,  0.003, 13.382, 13.800,  0.000, 13.582, 13.383,  0.199,  0.505,  0.507,  0.505,0.02226,  0.000,
mon_rep231013,2023-10-13T09:11:55,130.061,  0.400,0,0,247, 25.000, 13.582,  0.000,  0.003, 13.382, 13.800,  0.000, 13.582, 13.383,  0.199,  0.505,  0.507,  0.505,0.02221,  0.000,
mon_rep231013,2023-10-13T09:11:56,130.461,  0.400,0,0,247, 25.000, 13.582,  0.000,  0.003, 13.382, 13.800,  0.000, 13.582, 13.383,  0.199,  0.505,  0.507,  0.505,0.02216,  0.000,
mon_rep231013,2023-10-13T09:11:56,130.861,  0.400,0,0,247, 25.000, 13.582,  0.000,  0.003, 13.382, 13.800,  0.000, 13.582, 13.383,  0.199,  0.505,  0.507,  0.505,0.02211,  0.000,
mon_rep231013,2023-10-13T09:11:56,131.261,  0.400,0,0,247, 25.000, 13.582,  0.000,  0.003, 13.382, 13.800,  0.000, 13.582, 13.383,  0.199,  0.505,  0.507,  0.505,0.02206,  0.000,
mon_rep231013,2023-10-13T09:11:57,131.661,  0.400,0,0,247, 25.000, 13.582,  0.000,  0.003, 13.382, 13.800,  0.000, 13.582, 13.383,  0.199,  0.505,  0.507,  0.505,0.02201,  0.000,
mon_rep231013,2023-10-13T09:11:57,132.061,  0.400,0,0,247, 25.000, 13.582,  0.000,  0.003, 13.382, 13.800,  0.000, 13.582, 13.383,  0.199,  0.505,  0.507,  0.505,0.02196,  0.000,
mon_rep231013,2023-10-13T09:11:58,132.461,  0.400,0,0,247, 25.000, 13.582,  0.000,  0.003, 13.382, 13.800,  0.000, 13.582, 13.383,  0.199,  0.505,  0.507,  0.505,0.02192,  0.000,
mon_rep231013,2023-10-13T09:11:58,132.861,  0.400,0,0,247, 25.000, 13.582,  0.000,  0.003, 13.382, 13.800,  0.000, 13.582, 13.383,  0.199,  0.505,  0.507,  0.505,0.02187,  0.000,
mon_rep231013,2023-10-13T09:11:58,133.261,  0.400,0,0,247, 25.000, 13.582,  0.000,  0.003, 13.382, 13.800,  0.000, 13.582, 13.383,  0.199,  0.505,  0.507,  0.505,0.02182,  0.000,
mon_rep231013,2023-10-13T09:11:59,133.661,  0.400,0,0,247, 25.000, 13.582,  0.000,  0.003, 13.382, 13.800,  0.000, 13.582, 13.383,  0.199,  0.505,  0.507,  0.505,0.02177,  0.000,
mon_rep231013,2023-10-13T09:11:59,134.061,  0.400,0,0,247, 25.000, 13.582,  0.000,  0.003, 13.382, 13.800,  0.000, 13.582, 13.383,  0.199,  0.505,  0.507,  0.505,0.02172,  0.000,
mon_rep231013,2023-10-13T09:12:00,134.461,  0.400,0,0,247, 25.000, 13.582,  0.000,  0.003, 13.382, 13.800,  0.000, 13.582, 13.383,  0.199,  0.505,  0.507,  0.505,0.02167,  0.000,
mon_rep231013,2023-10-13T09:12:00,134.861,  0.400,0,0,247, 25.000, 13.582,  0.000,  0.003, 13.382, 13.800,  0.000, 13.582, 13.383,  0.199,  0.505,  0.507,  0.505,0.02163,  0.000,
mon_rep231013,2023-10-13T09:12:00,135.261,  0.400,0,0,247, 25.000, 13.582,  0.000,  0.002, 13.382, 13.800,  0.000, 13.582, 13.383,  0.199,  0.505,  0.507,  0.505,0.02158,  0.000,
mon_rep231013,2023-10-13T09:12:01,135.661,  0.400,0,0,247, 25.000, 13.582,  0.000,  0.002, 13.382, 13.800,  0.000, 13.582, 13.383,  0.199,  0.505,  0.507,  0.505,0.02153,  0.000,
mon_rep231013,2023-10-13T09:12:01,136.061,  0.400,0,0,247, 25.000, 13.582,  0.000,  0.002, 13.382, 13.800,  0.000, 13.582, 13.383,  0.199,  0.505,  0.507,  0.505,0.02148,  0.000,
mon_rep231013,2023-10-13T09:12:02,136.461,  0.400,0,0,247, 25.000, 13.582,  0.000,  0.002, 13.382, 13.800,  0.000, 13.582, 13.383,  0.199,  0.505,  0.507,  0.505,0.02143,  0.000,
mon_rep231013,2023-10-13T09:12:02,136.861,  0.400,0,0,247, 25.000, 13.582,  0.000,  0.002, 13.382, 13.800,  0.000, 13.582, 13.383,  0.199,  0.505,  0.507,  0.505,0.02139,  0.000,
mon_rep231013,2023-10-13T09:12:02,137.261,  0.400,0,0,247, 25.000, 13.582,  0.000,  0.002, 13.382, 13.800,  0.000, 13.582, 13.383,  0.199,  0.505,  0.507,  0.505,0.02134,  0.000,
mon_rep231013,2023-10-13T09:12:03,137.661,  0.400,0,0,247, 25.000, 13.582,  0.000,  0.002, 13.382, 13.800,  0.000, 13.582, 13.383,  0.199,  0.505,  0.507,  0.505,0.02129,  0.000,
mon_rep231013,2023-10-13T09:12:03,138.061,  0.400,0,0,247, 25.000, 13.582,  0.000,  0.002, 13.382, 13.800,  0.000, 13.582, 13.383,  0.199,  0.505,  0.507,  0.505,0.02124,  0.000,
mon_rep231013,2023-10-13T09:12:04,138.461,  0.400,0,0,247, 25.000, 13.582,  0.000,  0.002, 13.382, 13.800,  0.000, 13.582, 13.383,  0.199,  0.505,  0.507,  0.505,0.02120,  0.000,
mon_rep231013,2023-10-13T09:12:04,138.861,  0.400,0,0,247, 25.000, 13.582,  0.000,  0.002, 13.382, 13.800,  0.000, 13.582, 13.383,  0.199,  0.505,  0.507,  0.505,0.02115,  0.000,
mon_rep231013,2023-10-13T09:12:04,139.261,  0.400,0,0,247, 25.000, 13.582,  0.000,  0.002, 13.382, 13.800,  0.000, 13.582, 13.383,  0.199,  0.505,  0.507,  0.505,0.02110,  0.000,
mon_rep231013,2023-10-13T09:12:05,139.661,  0.400,0,0,247, 25.000, 13.582,  0.000,  0.002, 13.382, 13.800,  0.000, 13.582, 13.383,  0.199,  0.505,  0.507,  0.505,0.02106,  0.000,
